../trading/strategy/trade_engine.cpp:47 TradeEngine() Thu Apr  9 18:47:33 2026 Initialized RANDOM, Ticker: 0 TradeEngineCfg { Clip: 0, Threshold: 0, Risk: RiskCfg { Max-order_size: 0, Max-position: 0, Max-loss: 0. } . } .
../trading/strategy/trade_engine.cpp:47 TradeEngine() Thu Apr  9 18:47:33 2026 Initialized RANDOM, Ticker: 1 TradeEngineCfg { Clip: 0, Threshold: 0, Risk: RiskCfg { Max-order_size: 0, Max-position: 0, Max-loss: 0. } . } .
../trading/strategy/trade_engine.cpp:47 TradeEngine() Thu Apr  9 18:47:33 2026 Initialized RANDOM, Ticker: 2 TradeEngineCfg { Clip: 0, Threshold: 0, Risk: RiskCfg { Max-order_size: 0, Max-position: 0, Max-loss: 0. } . } .
../trading/strategy/trade_engine.cpp:47 TradeEngine() Thu Apr  9 18:47:33 2026 Initialized RANDOM, Ticker: 3 TradeEngineCfg { Clip: 0, Threshold: 0, Risk: RiskCfg { Max-order_size: 0, Max-position: 0, Max-loss: 0. } . } .
../trading/strategy/trade_engine.cpp:76 run() Thu Apr  9 18:47:33 2026.
../trading/strategy/trade_engine.cpp:108 sendClientRequest() Thu Apr  9 18:47:47 2026 Sending: MEClientRequest  [  Type: NEW Client: 5 Ticker: 0 Order id : 5000 Side: BUY Qty: 22 Price: 178 ] .
../trading/strategy/trade_engine.cpp:108 sendClientRequest() Thu Apr  9 18:47:47 2026 Sending: MEClientRequest  [  Type: CANCEL Client: 5 Ticker: 0 Order id : 5000 Side: BUY Qty: 22 Price: 178 ] .
../trading/strategy/trade_engine.cpp:108 sendClientRequest() Thu Apr  9 18:47:47 2026 Sending: MEClientRequest  [  Type: NEW Client: 5 Ticker: 1 Order id : 5001 Side: SELL Qty: 50 Price: 172 ] .
../trading/strategy/trade_engine.cpp:108 sendClientRequest() Thu Apr  9 18:47:47 2026 Sending: MEClientRequest  [  Type: CANCEL Client: 5 Ticker: 0 Order id : 5000 Side: BUY Qty: 22 Price: 178 ] .
../trading/strategy/trade_engine.cpp:108 sendClientRequest() Thu Apr  9 18:47:47 2026 Sending: MEClientRequest  [  Type: NEW Client: 5 Ticker: 2 Order id : 5002 Side: SELL Qty: 22 Price: 111 ] .
../trading/strategy/trade_engine.cpp:108 sendClientRequest() Thu Apr  9 18:47:47 2026 Sending: MEClientRequest  [  Type: CANCEL Client: 5 Ticker: 1 Order id : 5001 Side: SELL Qty: 50 Price: 172 ] .
../trading/strategy/trade_engine.cpp:108 sendClientRequest() Thu Apr  9 18:47:47 2026 Sending: MEClientRequest  [  Type: NEW Client: 5 Ticker: 2 Order id : 5003 Side: BUY Qty: 7 Price: 115 ] .
../trading/strategy/trade_engine.cpp:108 sendClientRequest() Thu Apr  9 18:47:47 2026 Sending: MEClientRequest  [  Type: CANCEL Client: 5 Ticker: 1 Order id : 5001 Side: SELL Qty: 50 Price: 172 ] .
../trading/strategy/trade_engine.cpp:108 sendClientRequest() Thu Apr  9 18:47:47 2026 Sending: MEClientRequest  [  Type: NEW Client: 5 Ticker: 3 Order id : 5004 Side: BUY Qty: 85 Price: 173 ] .
../trading/strategy/trade_engine.cpp:108 sendClientRequest() Thu Apr  9 18:47:48 2026 Sending: MEClientRequest  [  Type: CANCEL Client: 5 Ticker: 2 Order id : 5002 Side: SELL Qty: 22 Price: 111 ] .
../trading/strategy/trade_engine.cpp:108 sendClientRequest() Thu Apr  9 18:47:48 2026 Sending: MEClientRequest  [  Type: NEW Client: 5 Ticker: 3 Order id : 5005 Side: SELL Qty: 29 Price: 179 ] .
../trading/strategy/trade_engine.cpp:108 sendClientRequest() Thu Apr  9 18:47:48 2026 Sending: MEClientRequest  [  Type: CANCEL Client: 5 Ticker: 3 Order id : 5004 Side: BUY Qty: 85 Price: 173 ] .
../trading/strategy/trade_engine.cpp:108 sendClientRequest() Thu Apr  9 18:47:48 2026 Sending: MEClientRequest  [  Type: NEW Client: 5 Ticker: 3 Order id : 5006 Side: BUY Qty: 42 Price: 174 ] .
../trading/strategy/trade_engine.cpp:108 sendClientRequest() Thu Apr  9 18:47:48 2026 Sending: MEClientRequest  [  Type: CANCEL Client: 5 Ticker: 3 Order id : 5006 Side: BUY Qty: 42 Price: 174 ] .
../trading/strategy/trade_engine.cpp:108 sendClientRequest() Thu Apr  9 18:47:48 2026 Sending: MEClientRequest  [  Type: NEW Client: 5 Ticker: 1 Order id : 5007 Side: BUY Qty: 39 Price: 169 ] .
../trading/strategy/trade_engine.cpp:108 sendClientRequest() Thu Apr  9 18:47:48 2026 Sending: MEClientRequest  [  Type: CANCEL Client: 5 Ticker: 1 Order id : 5001 Side: SELL Qty: 50 Price: 172 ] .
../trading/strategy/trade_engine.cpp:108 sendClientRequest() Thu Apr  9 18:47:48 2026 Sending: MEClientRequest  [  Type: NEW Client: 5 Ticker: 3 Order id : 5008 Side: BUY Qty: 39 Price: 176 ] .
../trading/strategy/trade_engine.cpp:108 sendClientRequest() Thu Apr  9 18:47:48 2026 Sending: MEClientRequest  [  Type: CANCEL Client: 5 Ticker: 1 Order id : 5001 Side: SELL Qty: 50 Price: 172 ] .
../trading/strategy/trade_engine.cpp:108 sendClientRequest() Thu Apr  9 18:47:48 2026 Sending: MEClientRequest  [  Type: NEW Client: 5 Ticker: 1 Order id : 5009 Side: SELL Qty: 17 Price: 169 ] .
../trading/strategy/trade_engine.cpp:108 sendClientRequest() Thu Apr  9 18:47:49 2026 Sending: MEClientRequest  [  Type: CANCEL Client: 5 Ticker: 2 Order id : 5003 Side: BUY Qty: 7 Price: 115 ] .
../trading/strategy/trade_engine.cpp:108 sendClientRequest() Thu Apr  9 18:47:49 2026 Sending: MEClientRequest  [  Type: NEW Client: 5 Ticker: 0 Order id : 5010 Side: BUY Qty: 87 Price: 179 ] .
../trading/strategy/trade_engine.cpp:108 sendClientRequest() Thu Apr  9 18:47:49 2026 Sending: MEClientRequest  [  Type: CANCEL Client: 5 Ticker: 0 Order id : 5010 Side: BUY Qty: 87 Price: 179 ] .
../trading/strategy/trade_engine.cpp:108 sendClientRequest() Thu Apr  9 18:47:49 2026 Sending: MEClientRequest  [  Type: NEW Client: 5 Ticker: 1 Order id : 5011 Side: SELL Qty: 75 Price: 168 ] .
../trading/strategy/trade_engine.cpp:108 sendClientRequest() Thu Apr  9 18:47:49 2026 Sending: MEClientRequest  [  Type: CANCEL Client: 5 Ticker: 2 Order id : 5003 Side: BUY Qty: 7 Price: 115 ] .
../trading/strategy/trade_engine.cpp:108 sendClientRequest() Thu Apr  9 18:47:49 2026 Sending: MEClientRequest  [  Type: NEW Client: 5 Ticker: 1 Order id : 5012 Side: BUY Qty: 90 Price: 174 ] .
../trading/strategy/trade_engine.cpp:108 sendClientRequest() Thu Apr  9 18:47:49 2026 Sending: MEClientRequest  [  Type: CANCEL Client: 5 Ticker: 1 Order id : 5001 Side: SELL Qty: 50 Price: 172 ] .
../trading/strategy/trade_engine.cpp:108 sendClientRequest() Thu Apr  9 18:47:49 2026 Sending: MEClientRequest  [  Type: NEW Client: 5 Ticker: 2 Order id : 5013 Side: BUY Qty: 46 Price: 111 ] .
../trading/strategy/trade_engine.cpp:108 sendClientRequest() Thu Apr  9 18:47:49 2026 Sending: MEClientRequest  [  Type: CANCEL Client: 5 Ticker: 2 Order id : 5013 Side: BUY Qty: 46 Price: 111 ] .
../trading/strategy/trade_engine.cpp:108 sendClientRequest() Thu Apr  9 18:47:49 2026 Sending: MEClientRequest  [  Type: NEW Client: 5 Ticker: 1 Order id : 5014 Side: SELL Qty: 80 Price: 170 ] .
../trading/strategy/trade_engine.cpp:108 sendClientRequest() Thu Apr  9 18:47:50 2026 Sending: MEClientRequest  [  Type: CANCEL Client: 5 Ticker: 2 Order id : 5013 Side: BUY Qty: 46 Price: 111 ] .
../trading/strategy/trade_engine.cpp:108 sendClientRequest() Thu Apr  9 18:47:50 2026 Sending: MEClientRequest  [  Type: NEW Client: 5 Ticker: 3 Order id : 5015 Side: SELL Qty: 29 Price: 176 ] .
../trading/strategy/trade_engine.cpp:108 sendClientRequest() Thu Apr  9 18:47:50 2026 Sending: MEClientRequest  [  Type: CANCEL Client: 5 Ticker: 3 Order id : 5006 Side: BUY Qty: 42 Price: 174 ] .
../trading/strategy/trade_engine.cpp:108 sendClientRequest() Thu Apr  9 18:47:50 2026 Sending: MEClientRequest  [  Type: NEW Client: 5 Ticker: 0 Order id : 5016 Side: BUY Qty: 93 Price: 180 ] .
../trading/strategy/trade_engine.cpp:108 sendClientRequest() Thu Apr  9 18:47:50 2026 Sending: MEClientRequest  [  Type: CANCEL Client: 5 Ticker: 0 Order id : 5000 Side: BUY Qty: 22 Price: 178 ] .
../trading/strategy/trade_engine.cpp:108 sendClientRequest() Thu Apr  9 18:47:50 2026 Sending: MEClientRequest  [  Type: NEW Client: 5 Ticker: 2 Order id : 5017 Side: BUY Qty: 54 Price: 119 ] .
../trading/strategy/trade_engine.cpp:108 sendClientRequest() Thu Apr  9 18:47:50 2026 Sending: MEClientRequest  [  Type: CANCEL Client: 5 Ticker: 0 Order id : 5000 Side: BUY Qty: 22 Price: 178 ] .
../trading/strategy/trade_engine.cpp:108 sendClientRequest() Thu Apr  9 18:47:50 2026 Sending: MEClientRequest  [  Type: NEW Client: 5 Ticker: 3 Order id : 5018 Side: BUY Qty: 16 Price: 179 ] .
../trading/strategy/trade_engine.cpp:108 sendClientRequest() Thu Apr  9 18:47:50 2026 Sending: MEClientRequest  [  Type: CANCEL Client: 5 Ticker: 1 Order id : 5012 Side: BUY Qty: 90 Price: 174 ] .
../trading/strategy/trade_engine.cpp:108 sendClientRequest() Thu Apr  9 18:47:50 2026 Sending: MEClientRequest  [  Type: NEW Client: 5 Ticker: 2 Order id : 5019 Side: SELL Qty: 93 Price: 111 ] .
../trading/strategy/trade_engine.cpp:108 sendClientRequest() Thu Apr  9 18:47:51 2026 Sending: MEClientRequest  [  Type: CANCEL Client: 5 Ticker: 1 Order id : 5009 Side: SELL Qty: 17 Price: 169 ] .
../trading/strategy/trade_engine.cpp:108 sendClientRequest() Thu Apr  9 18:47:51 2026 Sending: MEClientRequest  [  Type: NEW Client: 5 Ticker: 2 Order id : 5020 Side: SELL Qty: 38 Price: 113 ] .
../trading/strategy/trade_engine.cpp:108 sendClientRequest() Thu Apr  9 18:47:51 2026 Sending: MEClientRequest  [  Type: CANCEL Client: 5 Ticker: 2 Order id : 5003 Side: BUY Qty: 7 Price: 115 ] .
../trading/strategy/trade_engine.cpp:108 sendClientRequest() Thu Apr  9 18:47:51 2026 Sending: MEClientRequest  [  Type: NEW Client: 5 Ticker: 1 Order id : 5021 Side: SELL Qty: 80 Price: 169 ] .
../trading/strategy/trade_engine.cpp:108 sendClientRequest() Thu Apr  9 18:47:51 2026 Sending: MEClientRequest  [  Type: CANCEL Client: 5 Ticker: 1 Order id : 5007 Side: BUY Qty: 39 Price: 169 ] .
../trading/strategy/trade_engine.cpp:108 sendClientRequest() Thu Apr  9 18:47:51 2026 Sending: MEClientRequest  [  Type: NEW Client: 5 Ticker: 0 Order id : 5022 Side: BUY Qty: 34 Price: 176 ] .
../trading/strategy/trade_engine.cpp:108 sendClientRequest() Thu Apr  9 18:47:51 2026 Sending: MEClientRequest  [  Type: CANCEL Client: 5 Ticker: 3 Order id : 5018 Side: BUY Qty: 16 Price: 179 ] .
../trading/strategy/trade_engine.cpp:108 sendClientRequest() Thu Apr  9 18:47:51 2026 Sending: MEClientRequest  [  Type: NEW Client: 5 Ticker: 2 Order id : 5023 Side: SELL Qty: 69 Price: 117 ] .
../trading/strategy/trade_engine.cpp:108 sendClientRequest() Thu Apr  9 18:47:51 2026 Sending: MEClientRequest  [  Type: CANCEL Client: 5 Ticker: 3 Order id : 5005 Side: SELL Qty: 29 Price: 179 ] .
../trading/strategy/trade_engine.cpp:108 sendClientRequest() Thu Apr  9 18:47:51 2026 Sending: MEClientRequest  [  Type: NEW Client: 5 Ticker: 2 Order id : 5024 Side: SELL Qty: 100 Price: 117 ] .
../trading/strategy/trade_engine.cpp:108 sendClientRequest() Thu Apr  9 18:47:52 2026 Sending: MEClientRequest  [  Type: CANCEL Client: 5 Ticker: 2 Order id : 5020 Side: SELL Qty: 38 Price: 113 ] .
../trading/strategy/trade_engine.cpp:108 sendClientRequest() Thu Apr  9 18:47:52 2026 Sending: MEClientRequest  [  Type: NEW Client: 5 Ticker: 3 Order id : 5025 Side: BUY Qty: 69 Price: 179 ] .
../trading/strategy/trade_engine.cpp:108 sendClientRequest() Thu Apr  9 18:47:52 2026 Sending: MEClientRequest  [  Type: CANCEL Client: 5 Ticker: 2 Order id : 5017 Side: BUY Qty: 54 Price: 119 ] .
../trading/strategy/trade_engine.cpp:108 sendClientRequest() Thu Apr  9 18:47:52 2026 Sending: MEClientRequest  [  Type: NEW Client: 5 Ticker: 1 Order id : 5026 Side: BUY Qty: 3 Price: 167 ] .
../trading/strategy/trade_engine.cpp:108 sendClientRequest() Thu Apr  9 18:47:52 2026 Sending: MEClientRequest  [  Type: CANCEL Client: 5 Ticker: 3 Order id : 5005 Side: SELL Qty: 29 Price: 179 ] .
../trading/strategy/trade_engine.cpp:108 sendClientRequest() Thu Apr  9 18:47:52 2026 Sending: MEClientRequest  [  Type: NEW Client: 5 Ticker: 3 Order id : 5027 Side: BUY Qty: 23 Price: 177 ] .
../trading/strategy/trade_engine.cpp:108 sendClientRequest() Thu Apr  9 18:47:52 2026 Sending: MEClientRequest  [  Type: CANCEL Client: 5 Ticker: 1 Order id : 5011 Side: SELL Qty: 75 Price: 168 ] .
../trading/strategy/trade_engine.cpp:108 sendClientRequest() Thu Apr  9 18:47:52 2026 Sending: MEClientRequest  [  Type: NEW Client: 5 Ticker: 3 Order id : 5028 Side: BUY Qty: 37 Price: 180 ] .
../trading/strategy/trade_engine.cpp:108 sendClientRequest() Thu Apr  9 18:47:52 2026 Sending: MEClientRequest  [  Type: CANCEL Client: 5 Ticker: 0 Order id : 5010 Side: BUY Qty: 87 Price: 179 ] .
../trading/strategy/trade_engine.cpp:108 sendClientRequest() Thu Apr  9 18:47:52 2026 Sending: MEClientRequest  [  Type: NEW Client: 5 Ticker: 1 Order id : 5029 Side: SELL Qty: 45 Price: 173 ] .
../trading/strategy/trade_engine.cpp:108 sendClientRequest() Thu Apr  9 18:47:53 2026 Sending: MEClientRequest  [  Type: CANCEL Client: 5 Ticker: 2 Order id : 5023 Side: SELL Qty: 69 Price: 117 ] .
../trading/strategy/trade_engine.cpp:108 sendClientRequest() Thu Apr  9 18:47:53 2026 Sending: MEClientRequest  [  Type: NEW Client: 5 Ticker: 0 Order id : 5030 Side: SELL Qty: 71 Price: 176 ] .
../trading/strategy/trade_engine.cpp:108 sendClientRequest() Thu Apr  9 18:47:53 2026 Sending: MEClientRequest  [  Type: CANCEL Client: 5 Ticker: 0 Order id : 5000 Side: BUY Qty: 22 Price: 178 ] .
../trading/strategy/trade_engine.cpp:108 sendClientRequest() Thu Apr  9 18:47:53 2026 Sending: MEClientRequest  [  Type: NEW Client: 5 Ticker: 3 Order id : 5031 Side: SELL Qty: 79 Price: 181 ] .
../trading/strategy/trade_engine.cpp:108 sendClientRequest() Thu Apr  9 18:47:53 2026 Sending: MEClientRequest  [  Type: CANCEL Client: 5 Ticker: 1 Order id : 5001 Side: SELL Qty: 50 Price: 172 ] .
../trading/strategy/trade_engine.cpp:108 sendClientRequest() Thu Apr  9 18:47:53 2026 Sending: MEClientRequest  [  Type: NEW Client: 5 Ticker: 2 Order id : 5032 Side: BUY Qty: 8 Price: 114 ] .
../trading/strategy/trade_engine.cpp:108 sendClientRequest() Thu Apr  9 18:47:53 2026 Sending: MEClientRequest  [  Type: CANCEL Client: 5 Ticker: 2 Order id : 5017 Side: BUY Qty: 54 Price: 119 ] .
../trading/strategy/trade_engine.cpp:108 sendClientRequest() Thu Apr  9 18:47:53 2026 Sending: MEClientRequest  [  Type: NEW Client: 5 Ticker: 0 Order id : 5033 Side: SELL Qty: 17 Price: 179 ] .
../trading/strategy/trade_engine.cpp:108 sendClientRequest() Thu Apr  9 18:47:53 2026 Sending: MEClientRequest  [  Type: CANCEL Client: 5 Ticker: 3 Order id : 5028 Side: BUY Qty: 37 Price: 180 ] .
../trading/strategy/trade_engine.cpp:108 sendClientRequest() Thu Apr  9 18:47:53 2026 Sending: MEClientRequest  [  Type: NEW Client: 5 Ticker: 2 Order id : 5034 Side: BUY Qty: 36 Price: 112 ] .
../trading/strategy/trade_engine.cpp:108 sendClientRequest() Thu Apr  9 18:47:54 2026 Sending: MEClientRequest  [  Type: CANCEL Client: 5 Ticker: 1 Order id : 5026 Side: BUY Qty: 3 Price: 167 ] .
../trading/strategy/trade_engine.cpp:108 sendClientRequest() Thu Apr  9 18:47:54 2026 Sending: MEClientRequest  [  Type: NEW Client: 5 Ticker: 3 Order id : 5035 Side: SELL Qty: 27 Price: 173 ] .
../trading/strategy/trade_engine.cpp:108 sendClientRequest() Thu Apr  9 18:47:54 2026 Sending: MEClientRequest  [  Type: CANCEL Client: 5 Ticker: 2 Order id : 5023 Side: SELL Qty: 69 Price: 117 ] .
../trading/strategy/trade_engine.cpp:108 sendClientRequest() Thu Apr  9 18:47:54 2026 Sending: MEClientRequest  [  Type: NEW Client: 5 Ticker: 0 Order id : 5036 Side: SELL Qty: 19 Price: 176 ] .
../trading/strategy/trade_engine.cpp:108 sendClientRequest() Thu Apr  9 18:47:54 2026 Sending: MEClientRequest  [  Type: CANCEL Client: 5 Ticker: 3 Order id : 5025 Side: BUY Qty: 69 Price: 179 ] .
../trading/strategy/trade_engine.cpp:108 sendClientRequest() Thu Apr  9 18:47:54 2026 Sending: MEClientRequest  [  Type: NEW Client: 5 Ticker: 0 Order id : 5037 Side: SELL Qty: 97 Price: 183 ] .
../trading/strategy/trade_engine.cpp:108 sendClientRequest() Thu Apr  9 18:47:54 2026 Sending: MEClientRequest  [  Type: CANCEL Client: 5 Ticker: 2 Order id : 5017 Side: BUY Qty: 54 Price: 119 ] .
../trading/strategy/trade_engine.cpp:108 sendClientRequest() Thu Apr  9 18:47:54 2026 Sending: MEClientRequest  [  Type: NEW Client: 5 Ticker: 0 Order id : 5038 Side: SELL Qty: 57 Price: 182 ] .
../trading/strategy/trade_engine.cpp:108 sendClientRequest() Thu Apr  9 18:47:54 2026 Sending: MEClientRequest  [  Type: CANCEL Client: 5 Ticker: 0 Order id : 5016 Side: BUY Qty: 93 Price: 180 ] .
../trading/strategy/trade_engine.cpp:108 sendClientRequest() Thu Apr  9 18:47:54 2026 Sending: MEClientRequest  [  Type: NEW Client: 5 Ticker: 3 Order id : 5039 Side: SELL Qty: 13 Price: 178 ] .
../trading/strategy/trade_engine.cpp:108 sendClientRequest() Thu Apr  9 18:47:55 2026 Sending: MEClientRequest  [  Type: CANCEL Client: 5 Ticker: 3 Order id : 5005 Side: SELL Qty: 29 Price: 179 ] .
../trading/strategy/trade_engine.cpp:108 sendClientRequest() Thu Apr  9 18:47:55 2026 Sending: MEClientRequest  [  Type: NEW Client: 5 Ticker: 3 Order id : 5040 Side: BUY Qty: 20 Price: 173 ] .
../trading/strategy/trade_engine.cpp:108 sendClientRequest() Thu Apr  9 18:47:55 2026 Sending: MEClientRequest  [  Type: CANCEL Client: 5 Ticker: 3 Order id : 5040 Side: BUY Qty: 20 Price: 173 ] .
../trading/strategy/trade_engine.cpp:108 sendClientRequest() Thu Apr  9 18:47:55 2026 Sending: MEClientRequest  [  Type: NEW Client: 5 Ticker: 2 Order id : 5041 Side: BUY Qty: 50 Price: 117 ] .
../trading/strategy/trade_engine.cpp:108 sendClientRequest() Thu Apr  9 18:47:55 2026 Sending: MEClientRequest  [  Type: CANCEL Client: 5 Ticker: 2 Order id : 5002 Side: SELL Qty: 22 Price: 111 ] .
../trading/strategy/trade_engine.cpp:108 sendClientRequest() Thu Apr  9 18:47:55 2026 Sending: MEClientRequest  [  Type: NEW Client: 5 Ticker: 3 Order id : 5042 Side: BUY Qty: 35 Price: 174 ] .
../trading/strategy/trade_engine.cpp:108 sendClientRequest() Thu Apr  9 18:47:55 2026 Sending: MEClientRequest  [  Type: CANCEL Client: 5 Ticker: 2 Order id : 5024 Side: SELL Qty: 100 Price: 117 ] .
../trading/strategy/trade_engine.cpp:108 sendClientRequest() Thu Apr  9 18:47:55 2026 Sending: MEClientRequest  [  Type: NEW Client: 5 Ticker: 2 Order id : 5043 Side: BUY Qty: 92 Price: 114 ] .
../trading/strategy/trade_engine.cpp:108 sendClientRequest() Thu Apr  9 18:47:55 2026 Sending: MEClientRequest  [  Type: CANCEL Client: 5 Ticker: 2 Order id : 5019 Side: SELL Qty: 93 Price: 111 ] .
../trading/strategy/trade_engine.cpp:108 sendClientRequest() Thu Apr  9 18:47:55 2026 Sending: MEClientRequest  [  Type: NEW Client: 5 Ticker: 2 Order id : 5044 Side: BUY Qty: 82 Price: 118 ] .
../trading/strategy/trade_engine.cpp:108 sendClientRequest() Thu Apr  9 18:47:56 2026 Sending: MEClientRequest  [  Type: CANCEL Client: 5 Ticker: 3 Order id : 5025 Side: BUY Qty: 69 Price: 179 ] .
../trading/strategy/trade_engine.cpp:108 sendClientRequest() Thu Apr  9 18:47:56 2026 Sending: MEClientRequest  [  Type: NEW Client: 5 Ticker: 0 Order id : 5045 Side: BUY Qty: 32 Price: 180 ] .
../trading/strategy/trade_engine.cpp:108 sendClientRequest() Thu Apr  9 18:47:56 2026 Sending: MEClientRequest  [  Type: CANCEL Client: 5 Ticker: 1 Order id : 5029 Side: SELL Qty: 45 Price: 173 ] .
../trading/strategy/trade_engine.cpp:108 sendClientRequest() Thu Apr  9 18:47:56 2026 Sending: MEClientRequest  [  Type: NEW Client: 5 Ticker: 3 Order id : 5046 Side: BUY Qty: 29 Price: 181 ] .
../trading/strategy/trade_engine.cpp:108 sendClientRequest() Thu Apr  9 18:47:56 2026 Sending: MEClientRequest  [  Type: CANCEL Client: 5 Ticker: 3 Order id : 5025 Side: BUY Qty: 69 Price: 179 ] .
../trading/strategy/trade_engine.cpp:108 sendClientRequest() Thu Apr  9 18:47:56 2026 Sending: MEClientRequest  [  Type: NEW Client: 5 Ticker: 1 Order id : 5047 Side: SELL Qty: 10 Price: 167 ] .
../trading/strategy/trade_engine.cpp:108 sendClientRequest() Thu Apr  9 18:47:56 2026 Sending: MEClientRequest  [  Type: CANCEL Client: 5 Ticker: 0 Order id : 5022 Side: BUY Qty: 34 Price: 176 ] .
../trading/strategy/trade_engine.cpp:108 sendClientRequest() Thu Apr  9 18:47:56 2026 Sending: MEClientRequest  [  Type: NEW Client: 5 Ticker: 3 Order id : 5048 Side: SELL Qty: 8 Price: 182 ] .
../trading/strategy/trade_engine.cpp:108 sendClientRequest() Thu Apr  9 18:47:56 2026 Sending: MEClientRequest  [  Type: CANCEL Client: 5 Ticker: 1 Order id : 5014 Side: SELL Qty: 80 Price: 170 ] .
../trading/strategy/trade_engine.cpp:108 sendClientRequest() Thu Apr  9 18:47:56 2026 Sending: MEClientRequest  [  Type: NEW Client: 5 Ticker: 3 Order id : 5049 Side: SELL Qty: 82 Price: 181 ] .
../trading/strategy/trade_engine.cpp:108 sendClientRequest() Thu Apr  9 18:47:57 2026 Sending: MEClientRequest  [  Type: CANCEL Client: 5 Ticker: 3 Order id : 5035 Side: SELL Qty: 27 Price: 173 ] .
../trading/strategy/trade_engine.cpp:108 sendClientRequest() Thu Apr  9 18:47:57 2026 Sending: MEClientRequest  [  Type: NEW Client: 5 Ticker: 3 Order id : 5050 Side: BUY Qty: 54 Price: 179 ] .
../trading/strategy/trade_engine.cpp:108 sendClientRequest() Thu Apr  9 18:47:57 2026 Sending: MEClientRequest  [  Type: CANCEL Client: 5 Ticker: 0 Order id : 5038 Side: SELL Qty: 57 Price: 182 ] .
../trading/strategy/trade_engine.cpp:108 sendClientRequest() Thu Apr  9 18:47:57 2026 Sending: MEClientRequest  [  Type: NEW Client: 5 Ticker: 3 Order id : 5051 Side: SELL Qty: 83 Price: 176 ] .
../trading/strategy/trade_engine.cpp:108 sendClientRequest() Thu Apr  9 18:47:57 2026 Sending: MEClientRequest  [  Type: CANCEL Client: 5 Ticker: 0 Order id : 5022 Side: BUY Qty: 34 Price: 176 ] .
../trading/strategy/trade_engine.cpp:108 sendClientRequest() Thu Apr  9 18:47:57 2026 Sending: MEClientRequest  [  Type: NEW Client: 5 Ticker: 0 Order id : 5052 Side: SELL Qty: 75 Price: 185 ] .
../trading/strategy/trade_engine.cpp:108 sendClientRequest() Thu Apr  9 18:47:57 2026 Sending: MEClientRequest  [  Type: CANCEL Client: 5 Ticker: 0 Order id : 5010 Side: BUY Qty: 87 Price: 179 ] .
../trading/strategy/trade_engine.cpp:108 sendClientRequest() Thu Apr  9 18:47:57 2026 Sending: MEClientRequest  [  Type: NEW Client: 5 Ticker: 1 Order id : 5053 Side: BUY Qty: 40 Price: 169 ] .
../trading/strategy/trade_engine.cpp:108 sendClientRequest() Thu Apr  9 18:47:57 2026 Sending: MEClientRequest  [  Type: CANCEL Client: 5 Ticker: 0 Order id : 5045 Side: BUY Qty: 32 Price: 180 ] .
../trading/strategy/trade_engine.cpp:108 sendClientRequest() Thu Apr  9 18:47:57 2026 Sending: MEClientRequest  [  Type: NEW Client: 5 Ticker: 1 Order id : 5054 Side: BUY Qty: 91 Price: 174 ] .
../trading/strategy/trade_engine.cpp:108 sendClientRequest() Thu Apr  9 18:47:58 2026 Sending: MEClientRequest  [  Type: CANCEL Client: 5 Ticker: 1 Order id : 5011 Side: SELL Qty: 75 Price: 168 ] .
../trading/strategy/trade_engine.cpp:108 sendClientRequest() Thu Apr  9 18:47:58 2026 Sending: MEClientRequest  [  Type: NEW Client: 5 Ticker: 3 Order id : 5055 Side: BUY Qty: 48 Price: 173 ] .
../trading/strategy/trade_engine.cpp:108 sendClientRequest() Thu Apr  9 18:47:58 2026 Sending: MEClientRequest  [  Type: CANCEL Client: 5 Ticker: 0 Order id : 5036 Side: SELL Qty: 19 Price: 176 ] .
../trading/strategy/trade_engine.cpp:108 sendClientRequest() Thu Apr  9 18:47:58 2026 Sending: MEClientRequest  [  Type: NEW Client: 5 Ticker: 1 Order id : 5056 Side: BUY Qty: 2 Price: 175 ] .
../trading/strategy/trade_engine.cpp:108 sendClientRequest() Thu Apr  9 18:47:58 2026 Sending: MEClientRequest  [  Type: CANCEL Client: 5 Ticker: 2 Order id : 5032 Side: BUY Qty: 8 Price: 114 ] .
../trading/strategy/trade_engine.cpp:108 sendClientRequest() Thu Apr  9 18:47:58 2026 Sending: MEClientRequest  [  Type: NEW Client: 5 Ticker: 1 Order id : 5057 Side: BUY Qty: 52 Price: 173 ] .
../trading/strategy/trade_engine.cpp:108 sendClientRequest() Thu Apr  9 18:47:58 2026 Sending: MEClientRequest  [  Type: CANCEL Client: 5 Ticker: 3 Order id : 5039 Side: SELL Qty: 13 Price: 178 ] .
../trading/strategy/trade_engine.cpp:108 sendClientRequest() Thu Apr  9 18:47:58 2026 Sending: MEClientRequest  [  Type: NEW Client: 5 Ticker: 0 Order id : 5058 Side: BUY Qty: 50 Price: 185 ] .
../trading/strategy/trade_engine.cpp:108 sendClientRequest() Thu Apr  9 18:47:58 2026 Sending: MEClientRequest  [  Type: CANCEL Client: 5 Ticker: 0 Order id : 5036 Side: SELL Qty: 19 Price: 176 ] .
../trading/strategy/trade_engine.cpp:108 sendClientRequest() Thu Apr  9 18:47:58 2026 Sending: MEClientRequest  [  Type: NEW Client: 5 Ticker: 3 Order id : 5059 Side: SELL Qty: 95 Price: 181 ] .
../trading/strategy/trade_engine.cpp:108 sendClientRequest() Thu Apr  9 18:47:59 2026 Sending: MEClientRequest  [  Type: CANCEL Client: 5 Ticker: 2 Order id : 5044 Side: BUY Qty: 82 Price: 118 ] .
../trading/strategy/trade_engine.cpp:108 sendClientRequest() Thu Apr  9 18:47:59 2026 Sending: MEClientRequest  [  Type: NEW Client: 5 Ticker: 0 Order id : 5060 Side: BUY Qty: 66 Price: 185 ] .
../trading/strategy/trade_engine.cpp:108 sendClientRequest() Thu Apr  9 18:47:59 2026 Sending: MEClientRequest  [  Type: CANCEL Client: 5 Ticker: 2 Order id : 5024 Side: SELL Qty: 100 Price: 117 ] .
../trading/strategy/trade_engine.cpp:108 sendClientRequest() Thu Apr  9 18:47:59 2026 Sending: MEClientRequest  [  Type: NEW Client: 5 Ticker: 1 Order id : 5061 Side: BUY Qty: 54 Price: 173 ] .
../trading/strategy/trade_engine.cpp:108 sendClientRequest() Thu Apr  9 18:47:59 2026 Sending: MEClientRequest  [  Type: CANCEL Client: 5 Ticker: 0 Order id : 5060 Side: BUY Qty: 66 Price: 185 ] .
../trading/strategy/trade_engine.cpp:108 sendClientRequest() Thu Apr  9 18:47:59 2026 Sending: MEClientRequest  [  Type: NEW Client: 5 Ticker: 1 Order id : 5062 Side: BUY Qty: 73 Price: 171 ] .
../trading/strategy/trade_engine.cpp:108 sendClientRequest() Thu Apr  9 18:47:59 2026 Sending: MEClientRequest  [  Type: CANCEL Client: 5 Ticker: 3 Order id : 5040 Side: BUY Qty: 20 Price: 173 ] .
../trading/strategy/trade_engine.cpp:108 sendClientRequest() Thu Apr  9 18:47:59 2026 Sending: MEClientRequest  [  Type: NEW Client: 5 Ticker: 2 Order id : 5063 Side: SELL Qty: 81 Price: 116 ] .
../trading/strategy/trade_engine.cpp:108 sendClientRequest() Thu Apr  9 18:47:59 2026 Sending: MEClientRequest  [  Type: CANCEL Client: 5 Ticker: 3 Order id : 5018 Side: BUY Qty: 16 Price: 179 ] .
../trading/strategy/trade_engine.cpp:108 sendClientRequest() Thu Apr  9 18:47:59 2026 Sending: MEClientRequest  [  Type: NEW Client: 5 Ticker: 2 Order id : 5064 Side: BUY Qty: 87 Price: 117 ] .
../trading/strategy/trade_engine.cpp:108 sendClientRequest() Thu Apr  9 18:48:00 2026 Sending: MEClientRequest  [  Type: CANCEL Client: 5 Ticker: 3 Order id : 5048 Side: SELL Qty: 8 Price: 182 ] .
../trading/strategy/trade_engine.cpp:108 sendClientRequest() Thu Apr  9 18:48:00 2026 Sending: MEClientRequest  [  Type: NEW Client: 5 Ticker: 1 Order id : 5065 Side: SELL Qty: 38 Price: 174 ] .
../trading/strategy/trade_engine.cpp:108 sendClientRequest() Thu Apr  9 18:48:00 2026 Sending: MEClientRequest  [  Type: CANCEL Client: 5 Ticker: 2 Order id : 5024 Side: SELL Qty: 100 Price: 117 ] .
../trading/strategy/trade_engine.cpp:108 sendClientRequest() Thu Apr  9 18:48:00 2026 Sending: MEClientRequest  [  Type: NEW Client: 5 Ticker: 0 Order id : 5066 Side: BUY Qty: 5 Price: 178 ] .
../trading/strategy/trade_engine.cpp:108 sendClientRequest() Thu Apr  9 18:48:00 2026 Sending: MEClientRequest  [  Type: CANCEL Client: 5 Ticker: 2 Order id : 5034 Side: BUY Qty: 36 Price: 112 ] .
../trading/strategy/trade_engine.cpp:108 sendClientRequest() Thu Apr  9 18:48:00 2026 Sending: MEClientRequest  [  Type: NEW Client: 5 Ticker: 1 Order id : 5067 Side: SELL Qty: 75 Price: 168 ] .
../trading/strategy/trade_engine.cpp:108 sendClientRequest() Thu Apr  9 18:48:00 2026 Sending: MEClientRequest  [  Type: CANCEL Client: 5 Ticker: 2 Order id : 5013 Side: BUY Qty: 46 Price: 111 ] .
../trading/strategy/trade_engine.cpp:108 sendClientRequest() Thu Apr  9 18:48:00 2026 Sending: MEClientRequest  [  Type: NEW Client: 5 Ticker: 1 Order id : 5068 Side: BUY Qty: 52 Price: 171 ] .
../trading/strategy/trade_engine.cpp:108 sendClientRequest() Thu Apr  9 18:48:00 2026 Sending: MEClientRequest  [  Type: CANCEL Client: 5 Ticker: 1 Order id : 5012 Side: BUY Qty: 90 Price: 174 ] .
../trading/strategy/trade_engine.cpp:108 sendClientRequest() Thu Apr  9 18:48:00 2026 Sending: MEClientRequest  [  Type: NEW Client: 5 Ticker: 1 Order id : 5069 Side: SELL Qty: 81 Price: 173 ] .
../trading/strategy/trade_engine.cpp:108 sendClientRequest() Thu Apr  9 18:48:01 2026 Sending: MEClientRequest  [  Type: CANCEL Client: 5 Ticker: 3 Order id : 5027 Side: BUY Qty: 23 Price: 177 ] .
../trading/strategy/trade_engine.cpp:108 sendClientRequest() Thu Apr  9 18:48:01 2026 Sending: MEClientRequest  [  Type: NEW Client: 5 Ticker: 1 Order id : 5070 Side: BUY Qty: 57 Price: 173 ] .
../trading/strategy/trade_engine.cpp:108 sendClientRequest() Thu Apr  9 18:48:01 2026 Sending: MEClientRequest  [  Type: CANCEL Client: 5 Ticker: 3 Order id : 5035 Side: SELL Qty: 27 Price: 173 ] .
../trading/strategy/trade_engine.cpp:108 sendClientRequest() Thu Apr  9 18:48:01 2026 Sending: MEClientRequest  [  Type: NEW Client: 5 Ticker: 1 Order id : 5071 Side: SELL Qty: 78 Price: 174 ] .
../trading/strategy/trade_engine.cpp:108 sendClientRequest() Thu Apr  9 18:48:01 2026 Sending: MEClientRequest  [  Type: CANCEL Client: 5 Ticker: 3 Order id : 5050 Side: BUY Qty: 54 Price: 179 ] .
../trading/strategy/trade_engine.cpp:108 sendClientRequest() Thu Apr  9 18:48:01 2026 Sending: MEClientRequest  [  Type: NEW Client: 5 Ticker: 1 Order id : 5072 Side: SELL Qty: 34 Price: 172 ] .
../trading/strategy/trade_engine.cpp:108 sendClientRequest() Thu Apr  9 18:48:01 2026 Sending: MEClientRequest  [  Type: CANCEL Client: 5 Ticker: 1 Order id : 5056 Side: BUY Qty: 2 Price: 175 ] .
../trading/strategy/trade_engine.cpp:108 sendClientRequest() Thu Apr  9 18:48:01 2026 Sending: MEClientRequest  [  Type: NEW Client: 5 Ticker: 0 Order id : 5073 Side: BUY Qty: 63 Price: 180 ] .
../trading/strategy/trade_engine.cpp:108 sendClientRequest() Thu Apr  9 18:48:01 2026 Sending: MEClientRequest  [  Type: CANCEL Client: 5 Ticker: 2 Order id : 5034 Side: BUY Qty: 36 Price: 112 ] .
../trading/strategy/trade_engine.cpp:108 sendClientRequest() Thu Apr  9 18:48:01 2026 Sending: MEClientRequest  [  Type: NEW Client: 5 Ticker: 3 Order id : 5074 Side: BUY Qty: 61 Price: 182 ] .
../trading/strategy/trade_engine.cpp:108 sendClientRequest() Thu Apr  9 18:48:02 2026 Sending: MEClientRequest  [  Type: CANCEL Client: 5 Ticker: 2 Order id : 5043 Side: BUY Qty: 92 Price: 114 ] .
../trading/strategy/trade_engine.cpp:108 sendClientRequest() Thu Apr  9 18:48:02 2026 Sending: MEClientRequest  [  Type: NEW Client: 5 Ticker: 3 Order id : 5075 Side: BUY Qty: 49 Price: 175 ] .
../trading/strategy/trade_engine.cpp:108 sendClientRequest() Thu Apr  9 18:48:02 2026 Sending: MEClientRequest  [  Type: CANCEL Client: 5 Ticker: 1 Order id : 5071 Side: SELL Qty: 78 Price: 174 ] .
../trading/strategy/trade_engine.cpp:108 sendClientRequest() Thu Apr  9 18:48:02 2026 Sending: MEClientRequest  [  Type: NEW Client: 5 Ticker: 2 Order id : 5076 Side: BUY Qty: 8 Price: 119 ] .
../trading/strategy/trade_engine.cpp:108 sendClientRequest() Thu Apr  9 18:48:02 2026 Sending: MEClientRequest  [  Type: CANCEL Client: 5 Ticker: 1 Order id : 5056 Side: BUY Qty: 2 Price: 175 ] .
../trading/strategy/trade_engine.cpp:108 sendClientRequest() Thu Apr  9 18:48:02 2026 Sending: MEClientRequest  [  Type: NEW Client: 5 Ticker: 0 Order id : 5077 Side: SELL Qty: 73 Price: 185 ] .
../trading/strategy/trade_engine.cpp:108 sendClientRequest() Thu Apr  9 18:48:02 2026 Sending: MEClientRequest  [  Type: CANCEL Client: 5 Ticker: 0 Order id : 5045 Side: BUY Qty: 32 Price: 180 ] .
../trading/strategy/trade_engine.cpp:108 sendClientRequest() Thu Apr  9 18:48:02 2026 Sending: MEClientRequest  [  Type: NEW Client: 5 Ticker: 1 Order id : 5078 Side: SELL Qty: 81 Price: 169 ] .
../trading/strategy/trade_engine.cpp:108 sendClientRequest() Thu Apr  9 18:48:02 2026 Sending: MEClientRequest  [  Type: CANCEL Client: 5 Ticker: 3 Order id : 5075 Side: BUY Qty: 49 Price: 175 ] .
../trading/strategy/trade_engine.cpp:108 sendClientRequest() Thu Apr  9 18:48:02 2026 Sending: MEClientRequest  [  Type: NEW Client: 5 Ticker: 3 Order id : 5079 Side: SELL Qty: 78 Price: 177 ] .
../trading/strategy/trade_engine.cpp:108 sendClientRequest() Thu Apr  9 18:48:03 2026 Sending: MEClientRequest  [  Type: CANCEL Client: 5 Ticker: 0 Order id : 5060 Side: BUY Qty: 66 Price: 185 ] .
../trading/strategy/trade_engine.cpp:108 sendClientRequest() Thu Apr  9 18:48:03 2026 Sending: MEClientRequest  [  Type: NEW Client: 5 Ticker: 0 Order id : 5080 Side: BUY Qty: 41 Price: 183 ] .
../trading/strategy/trade_engine.cpp:108 sendClientRequest() Thu Apr  9 18:48:03 2026 Sending: MEClientRequest  [  Type: CANCEL Client: 5 Ticker: 1 Order id : 5007 Side: BUY Qty: 39 Price: 169 ] .
../trading/strategy/trade_engine.cpp:108 sendClientRequest() Thu Apr  9 18:48:03 2026 Sending: MEClientRequest  [  Type: NEW Client: 5 Ticker: 3 Order id : 5081 Side: SELL Qty: 101 Price: 177 ] .
../trading/strategy/trade_engine.cpp:108 sendClientRequest() Thu Apr  9 18:48:03 2026 Sending: MEClientRequest  [  Type: CANCEL Client: 5 Ticker: 3 Order id : 5079 Side: SELL Qty: 78 Price: 177 ] .
../trading/strategy/trade_engine.cpp:108 sendClientRequest() Thu Apr  9 18:48:03 2026 Sending: MEClientRequest  [  Type: NEW Client: 5 Ticker: 2 Order id : 5082 Side: SELL Qty: 60 Price: 115 ] .
../trading/strategy/trade_engine.cpp:108 sendClientRequest() Thu Apr  9 18:48:03 2026 Sending: MEClientRequest  [  Type: CANCEL Client: 5 Ticker: 1 Order id : 5062 Side: BUY Qty: 73 Price: 171 ] .
../trading/strategy/trade_engine.cpp:108 sendClientRequest() Thu Apr  9 18:48:03 2026 Sending: MEClientRequest  [  Type: NEW Client: 5 Ticker: 1 Order id : 5083 Side: BUY Qty: 38 Price: 166 ] .
../trading/strategy/trade_engine.cpp:108 sendClientRequest() Thu Apr  9 18:48:03 2026 Sending: MEClientRequest  [  Type: CANCEL Client: 5 Ticker: 1 Order id : 5069 Side: SELL Qty: 81 Price: 173 ] .
../trading/strategy/trade_engine.cpp:108 sendClientRequest() Thu Apr  9 18:48:03 2026 Sending: MEClientRequest  [  Type: NEW Client: 5 Ticker: 1 Order id : 5084 Side: BUY Qty: 60 Price: 168 ] .
../trading/strategy/trade_engine.cpp:108 sendClientRequest() Thu Apr  9 18:48:04 2026 Sending: MEClientRequest  [  Type: CANCEL Client: 5 Ticker: 1 Order id : 5068 Side: BUY Qty: 52 Price: 171 ] .
../trading/strategy/trade_engine.cpp:108 sendClientRequest() Thu Apr  9 18:48:04 2026 Sending: MEClientRequest  [  Type: NEW Client: 5 Ticker: 0 Order id : 5085 Side: SELL Qty: 77 Price: 176 ] .
../trading/strategy/trade_engine.cpp:108 sendClientRequest() Thu Apr  9 18:48:04 2026 Sending: MEClientRequest  [  Type: CANCEL Client: 5 Ticker: 3 Order id : 5028 Side: BUY Qty: 37 Price: 180 ] .
../trading/strategy/trade_engine.cpp:108 sendClientRequest() Thu Apr  9 18:48:04 2026 Sending: MEClientRequest  [  Type: NEW Client: 5 Ticker: 3 Order id : 5086 Side: SELL Qty: 50 Price: 173 ] .
../trading/strategy/trade_engine.cpp:108 sendClientRequest() Thu Apr  9 18:48:04 2026 Sending: MEClientRequest  [  Type: CANCEL Client: 5 Ticker: 3 Order id : 5046 Side: BUY Qty: 29 Price: 181 ] .
../trading/strategy/trade_engine.cpp:108 sendClientRequest() Thu Apr  9 18:48:04 2026 Sending: MEClientRequest  [  Type: NEW Client: 5 Ticker: 1 Order id : 5087 Side: SELL Qty: 48 Price: 173 ] .
../trading/strategy/trade_engine.cpp:108 sendClientRequest() Thu Apr  9 18:48:04 2026 Sending: MEClientRequest  [  Type: CANCEL Client: 5 Ticker: 2 Order id : 5023 Side: SELL Qty: 69 Price: 117 ] .
../trading/strategy/trade_engine.cpp:108 sendClientRequest() Thu Apr  9 18:48:04 2026 Sending: MEClientRequest  [  Type: NEW Client: 5 Ticker: 3 Order id : 5088 Side: BUY Qty: 21 Price: 178 ] .
../trading/strategy/trade_engine.cpp:108 sendClientRequest() Thu Apr  9 18:48:04 2026 Sending: MEClientRequest  [  Type: CANCEL Client: 5 Ticker: 3 Order id : 5039 Side: SELL Qty: 13 Price: 178 ] .
../trading/strategy/trade_engine.cpp:108 sendClientRequest() Thu Apr  9 18:48:04 2026 Sending: MEClientRequest  [  Type: NEW Client: 5 Ticker: 0 Order id : 5089 Side: BUY Qty: 34 Price: 179 ] .
../trading/strategy/trade_engine.cpp:108 sendClientRequest() Thu Apr  9 18:48:05 2026 Sending: MEClientRequest  [  Type: CANCEL Client: 5 Ticker: 1 Order id : 5084 Side: BUY Qty: 60 Price: 168 ] .
../trading/strategy/trade_engine.cpp:108 sendClientRequest() Thu Apr  9 18:48:05 2026 Sending: MEClientRequest  [  Type: NEW Client: 5 Ticker: 1 Order id : 5090 Side: BUY Qty: 40 Price: 168 ] .
../trading/strategy/trade_engine.cpp:108 sendClientRequest() Thu Apr  9 18:48:05 2026 Sending: MEClientRequest  [  Type: CANCEL Client: 5 Ticker: 3 Order id : 5048 Side: SELL Qty: 8 Price: 182 ] .
../trading/strategy/trade_engine.cpp:108 sendClientRequest() Thu Apr  9 18:48:05 2026 Sending: MEClientRequest  [  Type: NEW Client: 5 Ticker: 3 Order id : 5091 Side: SELL Qty: 77 Price: 181 ] .
../trading/strategy/trade_engine.cpp:108 sendClientRequest() Thu Apr  9 18:48:05 2026 Sending: MEClientRequest  [  Type: CANCEL Client: 5 Ticker: 2 Order id : 5044 Side: BUY Qty: 82 Price: 118 ] .
../trading/strategy/trade_engine.cpp:108 sendClientRequest() Thu Apr  9 18:48:05 2026 Sending: MEClientRequest  [  Type: NEW Client: 5 Ticker: 0 Order id : 5092 Side: SELL Qty: 23 Price: 185 ] .
../trading/strategy/trade_engine.cpp:108 sendClientRequest() Thu Apr  9 18:48:05 2026 Sending: MEClientRequest  [  Type: CANCEL Client: 5 Ticker: 3 Order id : 5048 Side: SELL Qty: 8 Price: 182 ] .
../trading/strategy/trade_engine.cpp:108 sendClientRequest() Thu Apr  9 18:48:05 2026 Sending: MEClientRequest  [  Type: NEW Client: 5 Ticker: 0 Order id : 5093 Side: SELL Qty: 46 Price: 177 ] .
../trading/strategy/trade_engine.cpp:108 sendClientRequest() Thu Apr  9 18:48:05 2026 Sending: MEClientRequest  [  Type: CANCEL Client: 5 Ticker: 0 Order id : 5077 Side: SELL Qty: 73 Price: 185 ] .
../trading/strategy/trade_engine.cpp:108 sendClientRequest() Thu Apr  9 18:48:05 2026 Sending: MEClientRequest  [  Type: NEW Client: 5 Ticker: 3 Order id : 5094 Side: SELL Qty: 54 Price: 179 ] .
../trading/strategy/trade_engine.cpp:108 sendClientRequest() Thu Apr  9 18:48:06 2026 Sending: MEClientRequest  [  Type: CANCEL Client: 5 Ticker: 2 Order id : 5064 Side: BUY Qty: 87 Price: 117 ] .
../trading/strategy/trade_engine.cpp:108 sendClientRequest() Thu Apr  9 18:48:06 2026 Sending: MEClientRequest  [  Type: NEW Client: 5 Ticker: 0 Order id : 5095 Side: SELL Qty: 84 Price: 182 ] .
../trading/strategy/trade_engine.cpp:108 sendClientRequest() Thu Apr  9 18:48:06 2026 Sending: MEClientRequest  [  Type: CANCEL Client: 5 Ticker: 1 Order id : 5083 Side: BUY Qty: 38 Price: 166 ] .
../trading/strategy/trade_engine.cpp:108 sendClientRequest() Thu Apr  9 18:48:06 2026 Sending: MEClientRequest  [  Type: NEW Client: 5 Ticker: 2 Order id : 5096 Side: BUY Qty: 16 Price: 116 ] .
../trading/strategy/trade_engine.cpp:108 sendClientRequest() Thu Apr  9 18:48:06 2026 Sending: MEClientRequest  [  Type: CANCEL Client: 5 Ticker: 3 Order id : 5048 Side: SELL Qty: 8 Price: 182 ] .
../trading/strategy/trade_engine.cpp:108 sendClientRequest() Thu Apr  9 18:48:06 2026 Sending: MEClientRequest  [  Type: NEW Client: 5 Ticker: 1 Order id : 5097 Side: BUY Qty: 22 Price: 174 ] .
../trading/strategy/trade_engine.cpp:108 sendClientRequest() Thu Apr  9 18:48:06 2026 Sending: MEClientRequest  [  Type: CANCEL Client: 5 Ticker: 0 Order id : 5060 Side: BUY Qty: 66 Price: 185 ] .
../trading/strategy/trade_engine.cpp:108 sendClientRequest() Thu Apr  9 18:48:06 2026 Sending: MEClientRequest  [  Type: NEW Client: 5 Ticker: 1 Order id : 5098 Side: SELL Qty: 33 Price: 169 ] .
../trading/strategy/trade_engine.cpp:108 sendClientRequest() Thu Apr  9 18:48:06 2026 Sending: MEClientRequest  [  Type: CANCEL Client: 5 Ticker: 3 Order id : 5040 Side: BUY Qty: 20 Price: 173 ] .
../trading/strategy/trade_engine.cpp:108 sendClientRequest() Thu Apr  9 18:48:06 2026 Sending: MEClientRequest  [  Type: NEW Client: 5 Ticker: 2 Order id : 5099 Side: SELL Qty: 44 Price: 117 ] .
../trading/strategy/trade_engine.cpp:108 sendClientRequest() Thu Apr  9 18:48:07 2026 Sending: MEClientRequest  [  Type: CANCEL Client: 5 Ticker: 1 Order id : 5057 Side: BUY Qty: 52 Price: 173 ] .
../trading/strategy/trade_engine.cpp:108 sendClientRequest() Thu Apr  9 18:48:07 2026 Sending: MEClientRequest  [  Type: NEW Client: 5 Ticker: 3 Order id : 5100 Side: SELL Qty: 45 Price: 176 ] .
../trading/strategy/trade_engine.cpp:108 sendClientRequest() Thu Apr  9 18:48:07 2026 Sending: MEClientRequest  [  Type: CANCEL Client: 5 Ticker: 1 Order id : 5053 Side: BUY Qty: 40 Price: 169 ] .
../trading/strategy/trade_engine.cpp:108 sendClientRequest() Thu Apr  9 18:48:07 2026 Sending: MEClientRequest  [  Type: NEW Client: 5 Ticker: 2 Order id : 5101 Side: BUY Qty: 11 Price: 111 ] .
../trading/strategy/trade_engine.cpp:108 sendClientRequest() Thu Apr  9 18:48:07 2026 Sending: MEClientRequest  [  Type: CANCEL Client: 5 Ticker: 2 Order id : 5024 Side: SELL Qty: 100 Price: 117 ] .
../trading/strategy/trade_engine.cpp:108 sendClientRequest() Thu Apr  9 18:48:07 2026 Sending: MEClientRequest  [  Type: NEW Client: 5 Ticker: 1 Order id : 5102 Side: BUY Qty: 55 Price: 173 ] .
../trading/strategy/trade_engine.cpp:108 sendClientRequest() Thu Apr  9 18:48:07 2026 Sending: MEClientRequest  [  Type: CANCEL Client: 5 Ticker: 2 Order id : 5043 Side: BUY Qty: 92 Price: 114 ] .
../trading/strategy/trade_engine.cpp:108 sendClientRequest() Thu Apr  9 18:48:07 2026 Sending: MEClientRequest  [  Type: NEW Client: 5 Ticker: 1 Order id : 5103 Side: SELL Qty: 46 Price: 170 ] .
../trading/strategy/trade_engine.cpp:108 sendClientRequest() Thu Apr  9 18:48:07 2026 Sending: MEClientRequest  [  Type: CANCEL Client: 5 Ticker: 0 Order id : 5085 Side: SELL Qty: 77 Price: 176 ] .
../trading/strategy/trade_engine.cpp:108 sendClientRequest() Thu Apr  9 18:48:07 2026 Sending: MEClientRequest  [  Type: NEW Client: 5 Ticker: 2 Order id : 5104 Side: BUY Qty: 28 Price: 120 ] .
../trading/strategy/trade_engine.cpp:108 sendClientRequest() Thu Apr  9 18:48:08 2026 Sending: MEClientRequest  [  Type: CANCEL Client: 5 Ticker: 0 Order id : 5033 Side: SELL Qty: 17 Price: 179 ] .
../trading/strategy/trade_engine.cpp:108 sendClientRequest() Thu Apr  9 18:48:08 2026 Sending: MEClientRequest  [  Type: NEW Client: 5 Ticker: 3 Order id : 5105 Side: BUY Qty: 81 Price: 182 ] .
../trading/strategy/trade_engine.cpp:108 sendClientRequest() Thu Apr  9 18:48:08 2026 Sending: MEClientRequest  [  Type: CANCEL Client: 5 Ticker: 2 Order id : 5063 Side: SELL Qty: 81 Price: 116 ] .
../trading/strategy/trade_engine.cpp:108 sendClientRequest() Thu Apr  9 18:48:08 2026 Sending: MEClientRequest  [  Type: NEW Client: 5 Ticker: 0 Order id : 5106 Side: BUY Qty: 28 Price: 179 ] .
../trading/strategy/trade_engine.cpp:108 sendClientRequest() Thu Apr  9 18:48:08 2026 Sending: MEClientRequest  [  Type: CANCEL Client: 5 Ticker: 2 Order id : 5013 Side: BUY Qty: 46 Price: 111 ] .
../trading/strategy/trade_engine.cpp:108 sendClientRequest() Thu Apr  9 18:48:08 2026 Sending: MEClientRequest  [  Type: NEW Client: 5 Ticker: 1 Order id : 5107 Side: BUY Qty: 71 Price: 172 ] .
../trading/strategy/trade_engine.cpp:108 sendClientRequest() Thu Apr  9 18:48:08 2026 Sending: MEClientRequest  [  Type: CANCEL Client: 5 Ticker: 0 Order id : 5095 Side: SELL Qty: 84 Price: 182 ] .
../trading/strategy/trade_engine.cpp:108 sendClientRequest() Thu Apr  9 18:48:08 2026 Sending: MEClientRequest  [  Type: NEW Client: 5 Ticker: 1 Order id : 5108 Side: SELL Qty: 44 Price: 174 ] .
../trading/strategy/trade_engine.cpp:108 sendClientRequest() Thu Apr  9 18:48:08 2026 Sending: MEClientRequest  [  Type: CANCEL Client: 5 Ticker: 3 Order id : 5100 Side: SELL Qty: 45 Price: 176 ] .
../trading/strategy/trade_engine.cpp:108 sendClientRequest() Thu Apr  9 18:48:08 2026 Sending: MEClientRequest  [  Type: NEW Client: 5 Ticker: 3 Order id : 5109 Side: BUY Qty: 81 Price: 182 ] .
../trading/strategy/trade_engine.cpp:108 sendClientRequest() Thu Apr  9 18:48:09 2026 Sending: MEClientRequest  [  Type: CANCEL Client: 5 Ticker: 1 Order id : 5057 Side: BUY Qty: 52 Price: 173 ] .
../trading/strategy/trade_engine.cpp:108 sendClientRequest() Thu Apr  9 18:48:09 2026 Sending: MEClientRequest  [  Type: NEW Client: 5 Ticker: 1 Order id : 5110 Side: BUY Qty: 30 Price: 170 ] .
../trading/strategy/trade_engine.cpp:108 sendClientRequest() Thu Apr  9 18:48:09 2026 Sending: MEClientRequest  [  Type: CANCEL Client: 5 Ticker: 1 Order id : 5083 Side: BUY Qty: 38 Price: 166 ] .
../trading/strategy/trade_engine.cpp:108 sendClientRequest() Thu Apr  9 18:48:09 2026 Sending: MEClientRequest  [  Type: NEW Client: 5 Ticker: 1 Order id : 5111 Side: BUY Qty: 77 Price: 173 ] .
../trading/strategy/trade_engine.cpp:108 sendClientRequest() Thu Apr  9 18:48:09 2026 Sending: MEClientRequest  [  Type: CANCEL Client: 5 Ticker: 2 Order id : 5076 Side: BUY Qty: 8 Price: 119 ] .
../trading/strategy/trade_engine.cpp:108 sendClientRequest() Thu Apr  9 18:48:09 2026 Sending: MEClientRequest  [  Type: NEW Client: 5 Ticker: 0 Order id : 5112 Side: BUY Qty: 35 Price: 177 ] .
../trading/strategy/trade_engine.cpp:108 sendClientRequest() Thu Apr  9 18:48:09 2026 Sending: MEClientRequest  [  Type: CANCEL Client: 5 Ticker: 0 Order id : 5030 Side: SELL Qty: 71 Price: 176 ] .
../trading/strategy/trade_engine.cpp:108 sendClientRequest() Thu Apr  9 18:48:09 2026 Sending: MEClientRequest  [  Type: NEW Client: 5 Ticker: 2 Order id : 5113 Side: BUY Qty: 13 Price: 115 ] .
../trading/strategy/trade_engine.cpp:108 sendClientRequest() Thu Apr  9 18:48:09 2026 Sending: MEClientRequest  [  Type: CANCEL Client: 5 Ticker: 3 Order id : 5015 Side: SELL Qty: 29 Price: 176 ] .
../trading/strategy/trade_engine.cpp:108 sendClientRequest() Thu Apr  9 18:48:09 2026 Sending: MEClientRequest  [  Type: NEW Client: 5 Ticker: 2 Order id : 5114 Side: SELL Qty: 45 Price: 115 ] .
../trading/strategy/trade_engine.cpp:108 sendClientRequest() Thu Apr  9 18:48:10 2026 Sending: MEClientRequest  [  Type: CANCEL Client: 5 Ticker: 1 Order id : 5103 Side: SELL Qty: 46 Price: 170 ] .
../trading/strategy/trade_engine.cpp:108 sendClientRequest() Thu Apr  9 18:48:10 2026 Sending: MEClientRequest  [  Type: NEW Client: 5 Ticker: 2 Order id : 5115 Side: SELL Qty: 72 Price: 114 ] .
../trading/strategy/trade_engine.cpp:108 sendClientRequest() Thu Apr  9 18:48:10 2026 Sending: MEClientRequest  [  Type: CANCEL Client: 5 Ticker: 1 Order id : 5103 Side: SELL Qty: 46 Price: 170 ] .
../trading/strategy/trade_engine.cpp:108 sendClientRequest() Thu Apr  9 18:48:10 2026 Sending: MEClientRequest  [  Type: NEW Client: 5 Ticker: 3 Order id : 5116 Side: SELL Qty: 87 Price: 182 ] .
../trading/strategy/trade_engine.cpp:108 sendClientRequest() Thu Apr  9 18:48:10 2026 Sending: MEClientRequest  [  Type: CANCEL Client: 5 Ticker: 0 Order id : 5033 Side: SELL Qty: 17 Price: 179 ] .
../trading/strategy/trade_engine.cpp:108 sendClientRequest() Thu Apr  9 18:48:10 2026 Sending: MEClientRequest  [  Type: NEW Client: 5 Ticker: 0 Order id : 5117 Side: BUY Qty: 79 Price: 177 ] .
../trading/strategy/trade_engine.cpp:108 sendClientRequest() Thu Apr  9 18:48:10 2026 Sending: MEClientRequest  [  Type: CANCEL Client: 5 Ticker: 1 Order id : 5110 Side: BUY Qty: 30 Price: 170 ] .
../trading/strategy/trade_engine.cpp:108 sendClientRequest() Thu Apr  9 18:48:10 2026 Sending: MEClientRequest  [  Type: NEW Client: 5 Ticker: 2 Order id : 5118 Side: BUY Qty: 18 Price: 115 ] .
../trading/strategy/trade_engine.cpp:108 sendClientRequest() Thu Apr  9 18:48:10 2026 Sending: MEClientRequest  [  Type: CANCEL Client: 5 Ticker: 2 Order id : 5032 Side: BUY Qty: 8 Price: 114 ] .
../trading/strategy/trade_engine.cpp:108 sendClientRequest() Thu Apr  9 18:48:10 2026 Sending: MEClientRequest  [  Type: NEW Client: 5 Ticker: 1 Order id : 5119 Side: SELL Qty: 65 Price: 174 ] .
../trading/strategy/trade_engine.cpp:108 sendClientRequest() Thu Apr  9 18:48:11 2026 Sending: MEClientRequest  [  Type: CANCEL Client: 5 Ticker: 1 Order id : 5021 Side: SELL Qty: 80 Price: 169 ] .
../trading/strategy/trade_engine.cpp:108 sendClientRequest() Thu Apr  9 18:48:11 2026 Sending: MEClientRequest  [  Type: NEW Client: 5 Ticker: 3 Order id : 5120 Side: SELL Qty: 40 Price: 175 ] .
../trading/strategy/trade_engine.cpp:108 sendClientRequest() Thu Apr  9 18:48:11 2026 Sending: MEClientRequest  [  Type: CANCEL Client: 5 Ticker: 0 Order id : 5060 Side: BUY Qty: 66 Price: 185 ] .
../trading/strategy/trade_engine.cpp:108 sendClientRequest() Thu Apr  9 18:48:11 2026 Sending: MEClientRequest  [  Type: NEW Client: 5 Ticker: 0 Order id : 5121 Side: SELL Qty: 40 Price: 185 ] .
../trading/strategy/trade_engine.cpp:108 sendClientRequest() Thu Apr  9 18:48:11 2026 Sending: MEClientRequest  [  Type: CANCEL Client: 5 Ticker: 0 Order id : 5033 Side: SELL Qty: 17 Price: 179 ] .
../trading/strategy/trade_engine.cpp:108 sendClientRequest() Thu Apr  9 18:48:11 2026 Sending: MEClientRequest  [  Type: NEW Client: 5 Ticker: 1 Order id : 5122 Side: SELL Qty: 60 Price: 172 ] .
../trading/strategy/trade_engine.cpp:108 sendClientRequest() Thu Apr  9 18:48:11 2026 Sending: MEClientRequest  [  Type: CANCEL Client: 5 Ticker: 1 Order id : 5078 Side: SELL Qty: 81 Price: 169 ] .
../trading/strategy/trade_engine.cpp:108 sendClientRequest() Thu Apr  9 18:48:11 2026 Sending: MEClientRequest  [  Type: NEW Client: 5 Ticker: 0 Order id : 5123 Side: SELL Qty: 9 Price: 180 ] .
../trading/strategy/trade_engine.cpp:108 sendClientRequest() Thu Apr  9 18:48:11 2026 Sending: MEClientRequest  [  Type: CANCEL Client: 5 Ticker: 3 Order id : 5046 Side: BUY Qty: 29 Price: 181 ] .
../trading/strategy/trade_engine.cpp:108 sendClientRequest() Thu Apr  9 18:48:11 2026 Sending: MEClientRequest  [  Type: NEW Client: 5 Ticker: 2 Order id : 5124 Side: SELL Qty: 36 Price: 119 ] .
../trading/strategy/trade_engine.cpp:108 sendClientRequest() Thu Apr  9 18:48:12 2026 Sending: MEClientRequest  [  Type: CANCEL Client: 5 Ticker: 0 Order id : 5106 Side: BUY Qty: 28 Price: 179 ] .
../trading/strategy/trade_engine.cpp:108 sendClientRequest() Thu Apr  9 18:48:12 2026 Sending: MEClientRequest  [  Type: NEW Client: 5 Ticker: 1 Order id : 5125 Side: SELL Qty: 31 Price: 167 ] .
../trading/strategy/trade_engine.cpp:108 sendClientRequest() Thu Apr  9 18:48:12 2026 Sending: MEClientRequest  [  Type: CANCEL Client: 5 Ticker: 2 Order id : 5019 Side: SELL Qty: 93 Price: 111 ] .
../trading/strategy/trade_engine.cpp:108 sendClientRequest() Thu Apr  9 18:48:12 2026 Sending: MEClientRequest  [  Type: NEW Client: 5 Ticker: 3 Order id : 5126 Side: BUY Qty: 91 Price: 182 ] .
../trading/strategy/trade_engine.cpp:108 sendClientRequest() Thu Apr  9 18:48:12 2026 Sending: MEClientRequest  [  Type: CANCEL Client: 5 Ticker: 3 Order id : 5004 Side: BUY Qty: 85 Price: 173 ] .
../trading/strategy/trade_engine.cpp:108 sendClientRequest() Thu Apr  9 18:48:12 2026 Sending: MEClientRequest  [  Type: NEW Client: 5 Ticker: 3 Order id : 5127 Side: BUY Qty: 45 Price: 182 ] .
../trading/strategy/trade_engine.cpp:108 sendClientRequest() Thu Apr  9 18:48:12 2026 Sending: MEClientRequest  [  Type: CANCEL Client: 5 Ticker: 3 Order id : 5040 Side: BUY Qty: 20 Price: 173 ] .
../trading/strategy/trade_engine.cpp:108 sendClientRequest() Thu Apr  9 18:48:12 2026 Sending: MEClientRequest  [  Type: NEW Client: 5 Ticker: 2 Order id : 5128 Side: SELL Qty: 48 Price: 115 ] .
../trading/strategy/trade_engine.cpp:108 sendClientRequest() Thu Apr  9 18:48:12 2026 Sending: MEClientRequest  [  Type: CANCEL Client: 5 Ticker: 1 Order id : 5009 Side: SELL Qty: 17 Price: 169 ] .
../trading/strategy/trade_engine.cpp:108 sendClientRequest() Thu Apr  9 18:48:12 2026 Sending: MEClientRequest  [  Type: NEW Client: 5 Ticker: 0 Order id : 5129 Side: BUY Qty: 97 Price: 178 ] .
../trading/strategy/trade_engine.cpp:108 sendClientRequest() Thu Apr  9 18:48:13 2026 Sending: MEClientRequest  [  Type: CANCEL Client: 5 Ticker: 1 Order id : 5090 Side: BUY Qty: 40 Price: 168 ] .
../trading/strategy/trade_engine.cpp:108 sendClientRequest() Thu Apr  9 18:48:13 2026 Sending: MEClientRequest  [  Type: NEW Client: 5 Ticker: 1 Order id : 5130 Side: BUY Qty: 32 Price: 169 ] .
../trading/strategy/trade_engine.cpp:108 sendClientRequest() Thu Apr  9 18:48:13 2026 Sending: MEClientRequest  [  Type: CANCEL Client: 5 Ticker: 3 Order id : 5028 Side: BUY Qty: 37 Price: 180 ] .
../trading/strategy/trade_engine.cpp:108 sendClientRequest() Thu Apr  9 18:48:13 2026 Sending: MEClientRequest  [  Type: NEW Client: 5 Ticker: 2 Order id : 5131 Side: BUY Qty: 68 Price: 119 ] .
../trading/strategy/trade_engine.cpp:108 sendClientRequest() Thu Apr  9 18:48:13 2026 Sending: MEClientRequest  [  Type: CANCEL Client: 5 Ticker: 2 Order id : 5020 Side: SELL Qty: 38 Price: 113 ] .
../trading/strategy/trade_engine.cpp:108 sendClientRequest() Thu Apr  9 18:48:13 2026 Sending: MEClientRequest  [  Type: NEW Client: 5 Ticker: 1 Order id : 5132 Side: SELL Qty: 10 Price: 172 ] .
../trading/strategy/trade_engine.cpp:108 sendClientRequest() Thu Apr  9 18:48:13 2026 Sending: MEClientRequest  [  Type: CANCEL Client: 5 Ticker: 3 Order id : 5040 Side: BUY Qty: 20 Price: 173 ] .
../trading/strategy/trade_engine.cpp:108 sendClientRequest() Thu Apr  9 18:48:13 2026 Sending: MEClientRequest  [  Type: NEW Client: 5 Ticker: 2 Order id : 5133 Side: BUY Qty: 31 Price: 111 ] .
../trading/strategy/trade_engine.cpp:108 sendClientRequest() Thu Apr  9 18:48:13 2026 Sending: MEClientRequest  [  Type: CANCEL Client: 5 Ticker: 3 Order id : 5091 Side: SELL Qty: 77 Price: 181 ] .
../trading/strategy/trade_engine.cpp:108 sendClientRequest() Thu Apr  9 18:48:13 2026 Sending: MEClientRequest  [  Type: NEW Client: 5 Ticker: 1 Order id : 5134 Side: BUY Qty: 12 Price: 171 ] .
../trading/strategy/trade_engine.cpp:108 sendClientRequest() Thu Apr  9 18:48:14 2026 Sending: MEClientRequest  [  Type: CANCEL Client: 5 Ticker: 0 Order id : 5092 Side: SELL Qty: 23 Price: 185 ] .
../trading/strategy/trade_engine.cpp:108 sendClientRequest() Thu Apr  9 18:48:14 2026 Sending: MEClientRequest  [  Type: NEW Client: 5 Ticker: 2 Order id : 5135 Side: BUY Qty: 101 Price: 118 ] .
../trading/strategy/trade_engine.cpp:108 sendClientRequest() Thu Apr  9 18:48:14 2026 Sending: MEClientRequest  [  Type: CANCEL Client: 5 Ticker: 2 Order id : 5082 Side: SELL Qty: 60 Price: 115 ] .
../trading/strategy/trade_engine.cpp:108 sendClientRequest() Thu Apr  9 18:48:14 2026 Sending: MEClientRequest  [  Type: NEW Client: 5 Ticker: 2 Order id : 5136 Side: SELL Qty: 34 Price: 115 ] .
../trading/strategy/trade_engine.cpp:108 sendClientRequest() Thu Apr  9 18:48:14 2026 Sending: MEClientRequest  [  Type: CANCEL Client: 5 Ticker: 1 Order id : 5125 Side: SELL Qty: 31 Price: 167 ] .
../trading/strategy/trade_engine.cpp:108 sendClientRequest() Thu Apr  9 18:48:14 2026 Sending: MEClientRequest  [  Type: NEW Client: 5 Ticker: 3 Order id : 5137 Side: SELL Qty: 47 Price: 179 ] .
../trading/strategy/trade_engine.cpp:108 sendClientRequest() Thu Apr  9 18:48:14 2026 Sending: MEClientRequest  [  Type: CANCEL Client: 5 Ticker: 0 Order id : 5106 Side: BUY Qty: 28 Price: 179 ] .
../trading/strategy/trade_engine.cpp:108 sendClientRequest() Thu Apr  9 18:48:14 2026 Sending: MEClientRequest  [  Type: NEW Client: 5 Ticker: 2 Order id : 5138 Side: SELL Qty: 30 Price: 120 ] .
../trading/strategy/trade_engine.cpp:108 sendClientRequest() Thu Apr  9 18:48:14 2026 Sending: MEClientRequest  [  Type: CANCEL Client: 5 Ticker: 1 Order id : 5134 Side: BUY Qty: 12 Price: 171 ] .
../trading/strategy/trade_engine.cpp:108 sendClientRequest() Thu Apr  9 18:48:14 2026 Sending: MEClientRequest  [  Type: NEW Client: 5 Ticker: 0 Order id : 5139 Side: BUY Qty: 70 Price: 182 ] .
../trading/strategy/trade_engine.cpp:108 sendClientRequest() Thu Apr  9 18:48:15 2026 Sending: MEClientRequest  [  Type: CANCEL Client: 5 Ticker: 0 Order id : 5129 Side: BUY Qty: 97 Price: 178 ] .
../trading/strategy/trade_engine.cpp:108 sendClientRequest() Thu Apr  9 18:48:15 2026 Sending: MEClientRequest  [  Type: NEW Client: 5 Ticker: 3 Order id : 5140 Side: BUY Qty: 38 Price: 181 ] .
../trading/strategy/trade_engine.cpp:108 sendClientRequest() Thu Apr  9 18:48:15 2026 Sending: MEClientRequest  [  Type: CANCEL Client: 5 Ticker: 1 Order id : 5065 Side: SELL Qty: 38 Price: 174 ] .
../trading/strategy/trade_engine.cpp:108 sendClientRequest() Thu Apr  9 18:48:15 2026 Sending: MEClientRequest  [  Type: NEW Client: 5 Ticker: 3 Order id : 5141 Side: SELL Qty: 42 Price: 181 ] .
../trading/strategy/trade_engine.cpp:108 sendClientRequest() Thu Apr  9 18:48:15 2026 Sending: MEClientRequest  [  Type: CANCEL Client: 5 Ticker: 1 Order id : 5087 Side: SELL Qty: 48 Price: 173 ] .
../trading/strategy/trade_engine.cpp:108 sendClientRequest() Thu Apr  9 18:48:15 2026 Sending: MEClientRequest  [  Type: NEW Client: 5 Ticker: 2 Order id : 5142 Side: SELL Qty: 82 Price: 111 ] .
../trading/strategy/trade_engine.cpp:108 sendClientRequest() Thu Apr  9 18:48:15 2026 Sending: MEClientRequest  [  Type: CANCEL Client: 5 Ticker: 0 Order id : 5010 Side: BUY Qty: 87 Price: 179 ] .
../trading/strategy/trade_engine.cpp:108 sendClientRequest() Thu Apr  9 18:48:15 2026 Sending: MEClientRequest  [  Type: NEW Client: 5 Ticker: 1 Order id : 5143 Side: BUY Qty: 33 Price: 168 ] .
../trading/strategy/trade_engine.cpp:108 sendClientRequest() Thu Apr  9 18:48:15 2026 Sending: MEClientRequest  [  Type: CANCEL Client: 5 Ticker: 2 Order id : 5024 Side: SELL Qty: 100 Price: 117 ] .
../trading/strategy/trade_engine.cpp:108 sendClientRequest() Thu Apr  9 18:48:15 2026 Sending: MEClientRequest  [  Type: NEW Client: 5 Ticker: 1 Order id : 5144 Side: SELL Qty: 61 Price: 167 ] .
../trading/strategy/trade_engine.cpp:108 sendClientRequest() Thu Apr  9 18:48:16 2026 Sending: MEClientRequest  [  Type: CANCEL Client: 5 Ticker: 3 Order id : 5042 Side: BUY Qty: 35 Price: 174 ] .
../trading/strategy/trade_engine.cpp:108 sendClientRequest() Thu Apr  9 18:48:16 2026 Sending: MEClientRequest  [  Type: NEW Client: 5 Ticker: 1 Order id : 5145 Side: BUY Qty: 5 Price: 166 ] .
../trading/strategy/trade_engine.cpp:108 sendClientRequest() Thu Apr  9 18:48:16 2026 Sending: MEClientRequest  [  Type: CANCEL Client: 5 Ticker: 3 Order id : 5127 Side: BUY Qty: 45 Price: 182 ] .
../trading/strategy/trade_engine.cpp:108 sendClientRequest() Thu Apr  9 18:48:16 2026 Sending: MEClientRequest  [  Type: NEW Client: 5 Ticker: 0 Order id : 5146 Side: SELL Qty: 51 Price: 177 ] .
../trading/strategy/trade_engine.cpp:108 sendClientRequest() Thu Apr  9 18:48:16 2026 Sending: MEClientRequest  [  Type: CANCEL Client: 5 Ticker: 2 Order id : 5034 Side: BUY Qty: 36 Price: 112 ] .
../trading/strategy/trade_engine.cpp:108 sendClientRequest() Thu Apr  9 18:48:16 2026 Sending: MEClientRequest  [  Type: NEW Client: 5 Ticker: 2 Order id : 5147 Side: SELL Qty: 48 Price: 118 ] .
../trading/strategy/trade_engine.cpp:108 sendClientRequest() Thu Apr  9 18:48:16 2026 Sending: MEClientRequest  [  Type: CANCEL Client: 5 Ticker: 3 Order id : 5109 Side: BUY Qty: 81 Price: 182 ] .
../trading/strategy/trade_engine.cpp:108 sendClientRequest() Thu Apr  9 18:48:16 2026 Sending: MEClientRequest  [  Type: NEW Client: 5 Ticker: 0 Order id : 5148 Side: SELL Qty: 28 Price: 182 ] .
../trading/strategy/trade_engine.cpp:108 sendClientRequest() Thu Apr  9 18:48:16 2026 Sending: MEClientRequest  [  Type: CANCEL Client: 5 Ticker: 1 Order id : 5122 Side: SELL Qty: 60 Price: 172 ] .
../trading/strategy/trade_engine.cpp:108 sendClientRequest() Thu Apr  9 18:48:16 2026 Sending: MEClientRequest  [  Type: NEW Client: 5 Ticker: 3 Order id : 5149 Side: SELL Qty: 95 Price: 174 ] .
../trading/strategy/trade_engine.cpp:108 sendClientRequest() Thu Apr  9 18:48:17 2026 Sending: MEClientRequest  [  Type: CANCEL Client: 5 Ticker: 0 Order id : 5036 Side: SELL Qty: 19 Price: 176 ] .
../trading/strategy/trade_engine.cpp:108 sendClientRequest() Thu Apr  9 18:48:17 2026 Sending: MEClientRequest  [  Type: NEW Client: 5 Ticker: 1 Order id : 5150 Side: SELL Qty: 99 Price: 172 ] .
../trading/strategy/trade_engine.cpp:108 sendClientRequest() Thu Apr  9 18:48:17 2026 Sending: MEClientRequest  [  Type: CANCEL Client: 5 Ticker: 2 Order id : 5013 Side: BUY Qty: 46 Price: 111 ] .
../trading/strategy/trade_engine.cpp:108 sendClientRequest() Thu Apr  9 18:48:17 2026 Sending: MEClientRequest  [  Type: NEW Client: 5 Ticker: 0 Order id : 5151 Side: BUY Qty: 22 Price: 176 ] .
../trading/strategy/trade_engine.cpp:108 sendClientRequest() Thu Apr  9 18:48:17 2026 Sending: MEClientRequest  [  Type: CANCEL Client: 5 Ticker: 1 Order id : 5067 Side: SELL Qty: 75 Price: 168 ] .
../trading/strategy/trade_engine.cpp:108 sendClientRequest() Thu Apr  9 18:48:17 2026 Sending: MEClientRequest  [  Type: NEW Client: 5 Ticker: 3 Order id : 5152 Side: SELL Qty: 30 Price: 176 ] .
../trading/strategy/trade_engine.cpp:108 sendClientRequest() Thu Apr  9 18:48:17 2026 Sending: MEClientRequest  [  Type: CANCEL Client: 5 Ticker: 3 Order id : 5031 Side: SELL Qty: 79 Price: 181 ] .
../trading/strategy/trade_engine.cpp:108 sendClientRequest() Thu Apr  9 18:48:17 2026 Sending: MEClientRequest  [  Type: NEW Client: 5 Ticker: 3 Order id : 5153 Side: BUY Qty: 16 Price: 181 ] .
../trading/strategy/trade_engine.cpp:108 sendClientRequest() Thu Apr  9 18:48:17 2026 Sending: MEClientRequest  [  Type: CANCEL Client: 5 Ticker: 0 Order id : 5092 Side: SELL Qty: 23 Price: 185 ] .
../trading/strategy/trade_engine.cpp:108 sendClientRequest() Thu Apr  9 18:48:17 2026 Sending: MEClientRequest  [  Type: NEW Client: 5 Ticker: 0 Order id : 5154 Side: SELL Qty: 42 Price: 183 ] .
../trading/strategy/trade_engine.cpp:108 sendClientRequest() Thu Apr  9 18:48:18 2026 Sending: MEClientRequest  [  Type: CANCEL Client: 5 Ticker: 2 Order id : 5104 Side: BUY Qty: 28 Price: 120 ] .
../trading/strategy/trade_engine.cpp:108 sendClientRequest() Thu Apr  9 18:48:18 2026 Sending: MEClientRequest  [  Type: NEW Client: 5 Ticker: 3 Order id : 5155 Side: SELL Qty: 5 Price: 182 ] .
../trading/strategy/trade_engine.cpp:108 sendClientRequest() Thu Apr  9 18:48:18 2026 Sending: MEClientRequest  [  Type: CANCEL Client: 5 Ticker: 3 Order id : 5079 Side: SELL Qty: 78 Price: 177 ] .
../trading/strategy/trade_engine.cpp:108 sendClientRequest() Thu Apr  9 18:48:18 2026 Sending: MEClientRequest  [  Type: NEW Client: 5 Ticker: 3 Order id : 5156 Side: BUY Qty: 93 Price: 182 ] .
../trading/strategy/trade_engine.cpp:108 sendClientRequest() Thu Apr  9 18:48:18 2026 Sending: MEClientRequest  [  Type: CANCEL Client: 5 Ticker: 0 Order id : 5033 Side: SELL Qty: 17 Price: 179 ] .
../trading/strategy/trade_engine.cpp:108 sendClientRequest() Thu Apr  9 18:48:18 2026 Sending: MEClientRequest  [  Type: NEW Client: 5 Ticker: 1 Order id : 5157 Side: BUY Qty: 58 Price: 171 ] .
../trading/strategy/trade_engine.cpp:108 sendClientRequest() Thu Apr  9 18:48:18 2026 Sending: MEClientRequest  [  Type: CANCEL Client: 5 Ticker: 1 Order id : 5065 Side: SELL Qty: 38 Price: 174 ] .
../trading/strategy/trade_engine.cpp:108 sendClientRequest() Thu Apr  9 18:48:18 2026 Sending: MEClientRequest  [  Type: NEW Client: 5 Ticker: 3 Order id : 5158 Side: SELL Qty: 10 Price: 177 ] .
../trading/strategy/trade_engine.cpp:108 sendClientRequest() Thu Apr  9 18:48:18 2026 Sending: MEClientRequest  [  Type: CANCEL Client: 5 Ticker: 0 Order id : 5033 Side: SELL Qty: 17 Price: 179 ] .
../trading/strategy/trade_engine.cpp:108 sendClientRequest() Thu Apr  9 18:48:18 2026 Sending: MEClientRequest  [  Type: NEW Client: 5 Ticker: 0 Order id : 5159 Side: SELL Qty: 48 Price: 177 ] .
../trading/strategy/trade_engine.cpp:108 sendClientRequest() Thu Apr  9 18:48:19 2026 Sending: MEClientRequest  [  Type: CANCEL Client: 5 Ticker: 0 Order id : 5016 Side: BUY Qty: 93 Price: 180 ] .
../trading/strategy/trade_engine.cpp:108 sendClientRequest() Thu Apr  9 18:48:19 2026 Sending: MEClientRequest  [  Type: NEW Client: 5 Ticker: 2 Order id : 5160 Side: BUY Qty: 36 Price: 115 ] .
../trading/strategy/trade_engine.cpp:108 sendClientRequest() Thu Apr  9 18:48:19 2026 Sending: MEClientRequest  [  Type: CANCEL Client: 5 Ticker: 2 Order id : 5064 Side: BUY Qty: 87 Price: 117 ] .
../trading/strategy/trade_engine.cpp:108 sendClientRequest() Thu Apr  9 18:48:19 2026 Sending: MEClientRequest  [  Type: NEW Client: 5 Ticker: 3 Order id : 5161 Side: SELL Qty: 55 Price: 177 ] .
../trading/strategy/trade_engine.cpp:108 sendClientRequest() Thu Apr  9 18:48:19 2026 Sending: MEClientRequest  [  Type: CANCEL Client: 5 Ticker: 0 Order id : 5085 Side: SELL Qty: 77 Price: 176 ] .
../trading/strategy/trade_engine.cpp:108 sendClientRequest() Thu Apr  9 18:48:19 2026 Sending: MEClientRequest  [  Type: NEW Client: 5 Ticker: 1 Order id : 5162 Side: SELL Qty: 94 Price: 166 ] .
../trading/strategy/trade_engine.cpp:108 sendClientRequest() Thu Apr  9 18:48:19 2026 Sending: MEClientRequest  [  Type: CANCEL Client: 5 Ticker: 2 Order id : 5133 Side: BUY Qty: 31 Price: 111 ] .
../trading/strategy/trade_engine.cpp:108 sendClientRequest() Thu Apr  9 18:48:19 2026 Sending: MEClientRequest  [  Type: NEW Client: 5 Ticker: 2 Order id : 5163 Side: SELL Qty: 6 Price: 111 ] .
../trading/strategy/trade_engine.cpp:108 sendClientRequest() Thu Apr  9 18:48:19 2026 Sending: MEClientRequest  [  Type: CANCEL Client: 5 Ticker: 3 Order id : 5079 Side: SELL Qty: 78 Price: 177 ] .
../trading/strategy/trade_engine.cpp:108 sendClientRequest() Thu Apr  9 18:48:19 2026 Sending: MEClientRequest  [  Type: NEW Client: 5 Ticker: 1 Order id : 5164 Side: SELL Qty: 50 Price: 166 ] .
../trading/strategy/trade_engine.cpp:108 sendClientRequest() Thu Apr  9 18:48:20 2026 Sending: MEClientRequest  [  Type: CANCEL Client: 5 Ticker: 2 Order id : 5114 Side: SELL Qty: 45 Price: 115 ] .
../trading/strategy/trade_engine.cpp:108 sendClientRequest() Thu Apr  9 18:48:20 2026 Sending: MEClientRequest  [  Type: NEW Client: 5 Ticker: 0 Order id : 5165 Side: BUY Qty: 39 Price: 184 ] .
../trading/strategy/trade_engine.cpp:108 sendClientRequest() Thu Apr  9 18:48:20 2026 Sending: MEClientRequest  [  Type: CANCEL Client: 5 Ticker: 1 Order id : 5134 Side: BUY Qty: 12 Price: 171 ] .
../trading/strategy/trade_engine.cpp:108 sendClientRequest() Thu Apr  9 18:48:20 2026 Sending: MEClientRequest  [  Type: NEW Client: 5 Ticker: 1 Order id : 5166 Side: BUY Qty: 89 Price: 173 ] .
../trading/strategy/trade_engine.cpp:108 sendClientRequest() Thu Apr  9 18:48:20 2026 Sending: MEClientRequest  [  Type: CANCEL Client: 5 Ticker: 1 Order id : 5150 Side: SELL Qty: 99 Price: 172 ] .
../trading/strategy/trade_engine.cpp:108 sendClientRequest() Thu Apr  9 18:48:20 2026 Sending: MEClientRequest  [  Type: NEW Client: 5 Ticker: 3 Order id : 5167 Side: BUY Qty: 29 Price: 180 ] .
../trading/strategy/trade_engine.cpp:108 sendClientRequest() Thu Apr  9 18:48:20 2026 Sending: MEClientRequest  [  Type: CANCEL Client: 5 Ticker: 3 Order id : 5149 Side: SELL Qty: 95 Price: 174 ] .
../trading/strategy/trade_engine.cpp:108 sendClientRequest() Thu Apr  9 18:48:20 2026 Sending: MEClientRequest  [  Type: NEW Client: 5 Ticker: 2 Order id : 5168 Side: SELL Qty: 29 Price: 115 ] .
../trading/strategy/trade_engine.cpp:108 sendClientRequest() Thu Apr  9 18:48:20 2026 Sending: MEClientRequest  [  Type: CANCEL Client: 5 Ticker: 3 Order id : 5127 Side: BUY Qty: 45 Price: 182 ] .
../trading/strategy/trade_engine.cpp:108 sendClientRequest() Thu Apr  9 18:48:20 2026 Sending: MEClientRequest  [  Type: NEW Client: 5 Ticker: 2 Order id : 5169 Side: BUY Qty: 50 Price: 114 ] .
../trading/strategy/trade_engine.cpp:108 sendClientRequest() Thu Apr  9 18:48:21 2026 Sending: MEClientRequest  [  Type: CANCEL Client: 5 Ticker: 3 Order id : 5149 Side: SELL Qty: 95 Price: 174 ] .
../trading/strategy/trade_engine.cpp:108 sendClientRequest() Thu Apr  9 18:48:21 2026 Sending: MEClientRequest  [  Type: NEW Client: 5 Ticker: 0 Order id : 5170 Side: SELL Qty: 3 Price: 180 ] .
../trading/strategy/trade_engine.cpp:108 sendClientRequest() Thu Apr  9 18:48:21 2026 Sending: MEClientRequest  [  Type: CANCEL Client: 5 Ticker: 3 Order id : 5028 Side: BUY Qty: 37 Price: 180 ] .
../trading/strategy/trade_engine.cpp:108 sendClientRequest() Thu Apr  9 18:48:21 2026 Sending: MEClientRequest  [  Type: NEW Client: 5 Ticker: 3 Order id : 5171 Side: SELL Qty: 46 Price: 181 ] .
../trading/strategy/trade_engine.cpp:108 sendClientRequest() Thu Apr  9 18:48:21 2026 Sending: MEClientRequest  [  Type: CANCEL Client: 5 Ticker: 2 Order id : 5135 Side: BUY Qty: 101 Price: 118 ] .
../trading/strategy/trade_engine.cpp:108 sendClientRequest() Thu Apr  9 18:48:21 2026 Sending: MEClientRequest  [  Type: NEW Client: 5 Ticker: 1 Order id : 5172 Side: SELL Qty: 23 Price: 174 ] .
../trading/strategy/trade_engine.cpp:108 sendClientRequest() Thu Apr  9 18:48:21 2026 Sending: MEClientRequest  [  Type: CANCEL Client: 5 Ticker: 0 Order id : 5117 Side: BUY Qty: 79 Price: 177 ] .
../trading/strategy/trade_engine.cpp:108 sendClientRequest() Thu Apr  9 18:48:21 2026 Sending: MEClientRequest  [  Type: NEW Client: 5 Ticker: 1 Order id : 5173 Side: SELL Qty: 98 Price: 173 ] .
../trading/strategy/trade_engine.cpp:108 sendClientRequest() Thu Apr  9 18:48:21 2026 Sending: MEClientRequest  [  Type: CANCEL Client: 5 Ticker: 3 Order id : 5120 Side: SELL Qty: 40 Price: 175 ] .
../trading/strategy/trade_engine.cpp:108 sendClientRequest() Thu Apr  9 18:48:21 2026 Sending: MEClientRequest  [  Type: NEW Client: 5 Ticker: 2 Order id : 5174 Side: BUY Qty: 40 Price: 113 ] .
../trading/strategy/trade_engine.cpp:108 sendClientRequest() Thu Apr  9 18:48:22 2026 Sending: MEClientRequest  [  Type: CANCEL Client: 5 Ticker: 2 Order id : 5082 Side: SELL Qty: 60 Price: 115 ] .
../trading/strategy/trade_engine.cpp:108 sendClientRequest() Thu Apr  9 18:48:22 2026 Sending: MEClientRequest  [  Type: NEW Client: 5 Ticker: 1 Order id : 5175 Side: BUY Qty: 44 Price: 174 ] .
../trading/strategy/trade_engine.cpp:108 sendClientRequest() Thu Apr  9 18:48:22 2026 Sending: MEClientRequest  [  Type: CANCEL Client: 5 Ticker: 1 Order id : 5111 Side: BUY Qty: 77 Price: 173 ] .
../trading/strategy/trade_engine.cpp:108 sendClientRequest() Thu Apr  9 18:48:22 2026 Sending: MEClientRequest  [  Type: NEW Client: 5 Ticker: 1 Order id : 5176 Side: BUY Qty: 69 Price: 173 ] .
../trading/strategy/trade_engine.cpp:108 sendClientRequest() Thu Apr  9 18:48:22 2026 Sending: MEClientRequest  [  Type: CANCEL Client: 5 Ticker: 3 Order id : 5149 Side: SELL Qty: 95 Price: 174 ] .
../trading/strategy/trade_engine.cpp:108 sendClientRequest() Thu Apr  9 18:48:22 2026 Sending: MEClientRequest  [  Type: NEW Client: 5 Ticker: 2 Order id : 5177 Side: SELL Qty: 32 Price: 113 ] .
../trading/strategy/trade_engine.cpp:108 sendClientRequest() Thu Apr  9 18:48:22 2026 Sending: MEClientRequest  [  Type: CANCEL Client: 5 Ticker: 1 Order id : 5087 Side: SELL Qty: 48 Price: 173 ] .
../trading/strategy/trade_engine.cpp:108 sendClientRequest() Thu Apr  9 18:48:22 2026 Sending: MEClientRequest  [  Type: NEW Client: 5 Ticker: 1 Order id : 5178 Side: SELL Qty: 87 Price: 173 ] .
../trading/strategy/trade_engine.cpp:108 sendClientRequest() Thu Apr  9 18:48:22 2026 Sending: MEClientRequest  [  Type: CANCEL Client: 5 Ticker: 3 Order id : 5008 Side: BUY Qty: 39 Price: 176 ] .
../trading/strategy/trade_engine.cpp:108 sendClientRequest() Thu Apr  9 18:48:22 2026 Sending: MEClientRequest  [  Type: NEW Client: 5 Ticker: 2 Order id : 5179 Side: BUY Qty: 13 Price: 113 ] .
../trading/strategy/trade_engine.cpp:108 sendClientRequest() Thu Apr  9 18:48:23 2026 Sending: MEClientRequest  [  Type: CANCEL Client: 5 Ticker: 2 Order id : 5032 Side: BUY Qty: 8 Price: 114 ] .
../trading/strategy/trade_engine.cpp:108 sendClientRequest() Thu Apr  9 18:48:23 2026 Sending: MEClientRequest  [  Type: NEW Client: 5 Ticker: 3 Order id : 5180 Side: SELL Qty: 77 Price: 178 ] .
../trading/strategy/trade_engine.cpp:108 sendClientRequest() Thu Apr  9 18:48:23 2026 Sending: MEClientRequest  [  Type: CANCEL Client: 5 Ticker: 1 Order id : 5119 Side: SELL Qty: 65 Price: 174 ] .
../trading/strategy/trade_engine.cpp:108 sendClientRequest() Thu Apr  9 18:48:23 2026 Sending: MEClientRequest  [  Type: NEW Client: 5 Ticker: 0 Order id : 5181 Side: SELL Qty: 8 Price: 179 ] .
../trading/strategy/trade_engine.cpp:108 sendClientRequest() Thu Apr  9 18:48:23 2026 Sending: MEClientRequest  [  Type: CANCEL Client: 5 Ticker: 1 Order id : 5150 Side: SELL Qty: 99 Price: 172 ] .
../trading/strategy/trade_engine.cpp:108 sendClientRequest() Thu Apr  9 18:48:23 2026 Sending: MEClientRequest  [  Type: NEW Client: 5 Ticker: 1 Order id : 5182 Side: BUY Qty: 80 Price: 167 ] .
../trading/strategy/trade_engine.cpp:108 sendClientRequest() Thu Apr  9 18:48:23 2026 Sending: MEClientRequest  [  Type: CANCEL Client: 5 Ticker: 2 Order id : 5168 Side: SELL Qty: 29 Price: 115 ] .
../trading/strategy/trade_engine.cpp:108 sendClientRequest() Thu Apr  9 18:48:23 2026 Sending: MEClientRequest  [  Type: NEW Client: 5 Ticker: 3 Order id : 5183 Side: BUY Qty: 31 Price: 176 ] .
../trading/strategy/trade_engine.cpp:108 sendClientRequest() Thu Apr  9 18:48:23 2026 Sending: MEClientRequest  [  Type: CANCEL Client: 5 Ticker: 3 Order id : 5025 Side: BUY Qty: 69 Price: 179 ] .
../trading/strategy/trade_engine.cpp:108 sendClientRequest() Thu Apr  9 18:48:23 2026 Sending: MEClientRequest  [  Type: NEW Client: 5 Ticker: 0 Order id : 5184 Side: BUY Qty: 95 Price: 181 ] .
../trading/strategy/trade_engine.cpp:108 sendClientRequest() Thu Apr  9 18:48:24 2026 Sending: MEClientRequest  [  Type: CANCEL Client: 5 Ticker: 3 Order id : 5005 Side: SELL Qty: 29 Price: 179 ] .
../trading/strategy/trade_engine.cpp:108 sendClientRequest() Thu Apr  9 18:48:24 2026 Sending: MEClientRequest  [  Type: NEW Client: 5 Ticker: 0 Order id : 5185 Side: BUY Qty: 39 Price: 185 ] .
../trading/strategy/trade_engine.cpp:108 sendClientRequest() Thu Apr  9 18:48:24 2026 Sending: MEClientRequest  [  Type: CANCEL Client: 5 Ticker: 1 Order id : 5134 Side: BUY Qty: 12 Price: 171 ] .
../trading/strategy/trade_engine.cpp:108 sendClientRequest() Thu Apr  9 18:48:24 2026 Sending: MEClientRequest  [  Type: NEW Client: 5 Ticker: 2 Order id : 5186 Side: BUY Qty: 49 Price: 118 ] .
../trading/strategy/trade_engine.cpp:108 sendClientRequest() Thu Apr  9 18:48:24 2026 Sending: MEClientRequest  [  Type: CANCEL Client: 5 Ticker: 1 Order id : 5144 Side: SELL Qty: 61 Price: 167 ] .
../trading/strategy/trade_engine.cpp:108 sendClientRequest() Thu Apr  9 18:48:24 2026 Sending: MEClientRequest  [  Type: NEW Client: 5 Ticker: 2 Order id : 5187 Side: SELL Qty: 2 Price: 114 ] .
../trading/strategy/trade_engine.cpp:108 sendClientRequest() Thu Apr  9 18:48:24 2026 Sending: MEClientRequest  [  Type: CANCEL Client: 5 Ticker: 0 Order id : 5095 Side: SELL Qty: 84 Price: 182 ] .
../trading/strategy/trade_engine.cpp:108 sendClientRequest() Thu Apr  9 18:48:24 2026 Sending: MEClientRequest  [  Type: NEW Client: 5 Ticker: 0 Order id : 5188 Side: SELL Qty: 44 Price: 180 ] .
../trading/strategy/trade_engine.cpp:108 sendClientRequest() Thu Apr  9 18:48:24 2026 Sending: MEClientRequest  [  Type: CANCEL Client: 5 Ticker: 3 Order id : 5100 Side: SELL Qty: 45 Price: 176 ] .
../trading/strategy/trade_engine.cpp:108 sendClientRequest() Thu Apr  9 18:48:24 2026 Sending: MEClientRequest  [  Type: NEW Client: 5 Ticker: 1 Order id : 5189 Side: SELL Qty: 88 Price: 166 ] .
../trading/strategy/trade_engine.cpp:108 sendClientRequest() Thu Apr  9 18:48:25 2026 Sending: MEClientRequest  [  Type: CANCEL Client: 5 Ticker: 2 Order id : 5131 Side: BUY Qty: 68 Price: 119 ] .
../trading/strategy/trade_engine.cpp:108 sendClientRequest() Thu Apr  9 18:48:25 2026 Sending: MEClientRequest  [  Type: NEW Client: 5 Ticker: 3 Order id : 5190 Side: SELL Qty: 100 Price: 179 ] .
../trading/strategy/trade_engine.cpp:108 sendClientRequest() Thu Apr  9 18:48:25 2026 Sending: MEClientRequest  [  Type: CANCEL Client: 5 Ticker: 2 Order id : 5020 Side: SELL Qty: 38 Price: 113 ] .
../trading/strategy/trade_engine.cpp:108 sendClientRequest() Thu Apr  9 18:48:25 2026 Sending: MEClientRequest  [  Type: NEW Client: 5 Ticker: 0 Order id : 5191 Side: BUY Qty: 12 Price: 177 ] .
../trading/strategy/trade_engine.cpp:108 sendClientRequest() Thu Apr  9 18:48:25 2026 Sending: MEClientRequest  [  Type: CANCEL Client: 5 Ticker: 3 Order id : 5028 Side: BUY Qty: 37 Price: 180 ] .
../trading/strategy/trade_engine.cpp:108 sendClientRequest() Thu Apr  9 18:48:25 2026 Sending: MEClientRequest  [  Type: NEW Client: 5 Ticker: 1 Order id : 5192 Side: SELL Qty: 73 Price: 171 ] .
../trading/strategy/trade_engine.cpp:108 sendClientRequest() Thu Apr  9 18:48:25 2026 Sending: MEClientRequest  [  Type: CANCEL Client: 5 Ticker: 2 Order id : 5044 Side: BUY Qty: 82 Price: 118 ] .
../trading/strategy/trade_engine.cpp:108 sendClientRequest() Thu Apr  9 18:48:25 2026 Sending: MEClientRequest  [  Type: NEW Client: 5 Ticker: 0 Order id : 5193 Side: SELL Qty: 19 Price: 184 ] .
../trading/strategy/trade_engine.cpp:108 sendClientRequest() Thu Apr  9 18:48:25 2026 Sending: MEClientRequest  [  Type: CANCEL Client: 5 Ticker: 0 Order id : 5073 Side: BUY Qty: 63 Price: 180 ] .
../trading/strategy/trade_engine.cpp:108 sendClientRequest() Thu Apr  9 18:48:25 2026 Sending: MEClientRequest  [  Type: NEW Client: 5 Ticker: 0 Order id : 5194 Side: BUY Qty: 99 Price: 183 ] .
../trading/strategy/trade_engine.cpp:108 sendClientRequest() Thu Apr  9 18:48:26 2026 Sending: MEClientRequest  [  Type: CANCEL Client: 5 Ticker: 2 Order id : 5034 Side: BUY Qty: 36 Price: 112 ] .
../trading/strategy/trade_engine.cpp:108 sendClientRequest() Thu Apr  9 18:48:26 2026 Sending: MEClientRequest  [  Type: NEW Client: 5 Ticker: 0 Order id : 5195 Side: SELL Qty: 71 Price: 180 ] .
../trading/strategy/trade_engine.cpp:108 sendClientRequest() Thu Apr  9 18:48:26 2026 Sending: MEClientRequest  [  Type: CANCEL Client: 5 Ticker: 0 Order id : 5154 Side: SELL Qty: 42 Price: 183 ] .
../trading/strategy/trade_engine.cpp:108 sendClientRequest() Thu Apr  9 18:48:26 2026 Sending: MEClientRequest  [  Type: NEW Client: 5 Ticker: 1 Order id : 5196 Side: BUY Qty: 26 Price: 175 ] .
../trading/strategy/trade_engine.cpp:108 sendClientRequest() Thu Apr  9 18:48:26 2026 Sending: MEClientRequest  [  Type: CANCEL Client: 5 Ticker: 1 Order id : 5182 Side: BUY Qty: 80 Price: 167 ] .
../trading/strategy/trade_engine.cpp:108 sendClientRequest() Thu Apr  9 18:48:26 2026 Sending: MEClientRequest  [  Type: NEW Client: 5 Ticker: 3 Order id : 5197 Side: BUY Qty: 89 Price: 178 ] .
../trading/strategy/trade_engine.cpp:108 sendClientRequest() Thu Apr  9 18:48:26 2026 Sending: MEClientRequest  [  Type: CANCEL Client: 5 Ticker: 2 Order id : 5019 Side: SELL Qty: 93 Price: 111 ] .
../trading/strategy/trade_engine.cpp:108 sendClientRequest() Thu Apr  9 18:48:26 2026 Sending: MEClientRequest  [  Type: NEW Client: 5 Ticker: 3 Order id : 5198 Side: BUY Qty: 86 Price: 173 ] .
../trading/strategy/trade_engine.cpp:108 sendClientRequest() Thu Apr  9 18:48:26 2026 Sending: MEClientRequest  [  Type: CANCEL Client: 5 Ticker: 0 Order id : 5037 Side: SELL Qty: 97 Price: 183 ] .
../trading/strategy/trade_engine.cpp:108 sendClientRequest() Thu Apr  9 18:48:27 2026 Sending: MEClientRequest  [  Type: NEW Client: 5 Ticker: 1 Order id : 5199 Side: SELL Qty: 55 Price: 175 ] .
../trading/strategy/trade_engine.cpp:108 sendClientRequest() Thu Apr  9 18:48:27 2026 Sending: MEClientRequest  [  Type: CANCEL Client: 5 Ticker: 3 Order id : 5156 Side: BUY Qty: 93 Price: 182 ] .
../trading/strategy/trade_engine.cpp:108 sendClientRequest() Thu Apr  9 18:48:27 2026 Sending: MEClientRequest  [  Type: NEW Client: 5 Ticker: 0 Order id : 5200 Side: BUY Qty: 47 Price: 185 ] .
../trading/strategy/trade_engine.cpp:108 sendClientRequest() Thu Apr  9 18:48:27 2026 Sending: MEClientRequest  [  Type: CANCEL Client: 5 Ticker: 1 Order id : 5166 Side: BUY Qty: 89 Price: 173 ] .
../trading/strategy/trade_engine.cpp:108 sendClientRequest() Thu Apr  9 18:48:27 2026 Sending: MEClientRequest  [  Type: NEW Client: 5 Ticker: 0 Order id : 5201 Side: SELL Qty: 52 Price: 185 ] .
../trading/strategy/trade_engine.cpp:108 sendClientRequest() Thu Apr  9 18:48:27 2026 Sending: MEClientRequest  [  Type: CANCEL Client: 5 Ticker: 0 Order id : 5073 Side: BUY Qty: 63 Price: 180 ] .
../trading/strategy/trade_engine.cpp:108 sendClientRequest() Thu Apr  9 18:48:27 2026 Sending: MEClientRequest  [  Type: NEW Client: 5 Ticker: 0 Order id : 5202 Side: SELL Qty: 31 Price: 185 ] .
../trading/strategy/trade_engine.cpp:108 sendClientRequest() Thu Apr  9 18:48:27 2026 Sending: MEClientRequest  [  Type: CANCEL Client: 5 Ticker: 1 Order id : 5047 Side: SELL Qty: 10 Price: 167 ] .
../trading/strategy/trade_engine.cpp:108 sendClientRequest() Thu Apr  9 18:48:27 2026 Sending: MEClientRequest  [  Type: NEW Client: 5 Ticker: 3 Order id : 5203 Side: SELL Qty: 20 Price: 182 ] .
../trading/strategy/trade_engine.cpp:108 sendClientRequest() Thu Apr  9 18:48:27 2026 Sending: MEClientRequest  [  Type: CANCEL Client: 5 Ticker: 2 Order id : 5032 Side: BUY Qty: 8 Price: 114 ] .
../trading/strategy/trade_engine.cpp:108 sendClientRequest() Thu Apr  9 18:48:28 2026 Sending: MEClientRequest  [  Type: NEW Client: 5 Ticker: 3 Order id : 5204 Side: BUY Qty: 81 Price: 176 ] .
../trading/strategy/trade_engine.cpp:108 sendClientRequest() Thu Apr  9 18:48:28 2026 Sending: MEClientRequest  [  Type: CANCEL Client: 5 Ticker: 1 Order id : 5011 Side: SELL Qty: 75 Price: 168 ] .
../trading/strategy/trade_engine.cpp:108 sendClientRequest() Thu Apr  9 18:48:28 2026 Sending: MEClientRequest  [  Type: NEW Client: 5 Ticker: 2 Order id : 5205 Side: BUY Qty: 18 Price: 113 ] .
../trading/strategy/trade_engine.cpp:108 sendClientRequest() Thu Apr  9 18:48:28 2026 Sending: MEClientRequest  [  Type: CANCEL Client: 5 Ticker: 0 Order id : 5093 Side: SELL Qty: 46 Price: 177 ] .
../trading/strategy/trade_engine.cpp:108 sendClientRequest() Thu Apr  9 18:48:28 2026 Sending: MEClientRequest  [  Type: NEW Client: 5 Ticker: 0 Order id : 5206 Side: BUY Qty: 84 Price: 182 ] .
../trading/strategy/trade_engine.cpp:108 sendClientRequest() Thu Apr  9 18:48:28 2026 Sending: MEClientRequest  [  Type: CANCEL Client: 5 Ticker: 2 Order id : 5063 Side: SELL Qty: 81 Price: 116 ] .
../trading/strategy/trade_engine.cpp:108 sendClientRequest() Thu Apr  9 18:48:28 2026 Sending: MEClientRequest  [  Type: NEW Client: 5 Ticker: 0 Order id : 5207 Side: SELL Qty: 17 Price: 181 ] .
../trading/strategy/trade_engine.cpp:108 sendClientRequest() Thu Apr  9 18:48:28 2026 Sending: MEClientRequest  [  Type: CANCEL Client: 5 Ticker: 2 Order id : 5043 Side: BUY Qty: 92 Price: 114 ] .
../trading/strategy/trade_engine.cpp:108 sendClientRequest() Thu Apr  9 18:48:28 2026 Sending: MEClientRequest  [  Type: NEW Client: 5 Ticker: 2 Order id : 5208 Side: BUY Qty: 84 Price: 119 ] .
../trading/strategy/trade_engine.cpp:108 sendClientRequest() Thu Apr  9 18:48:28 2026 Sending: MEClientRequest  [  Type: CANCEL Client: 5 Ticker: 0 Order id : 5030 Side: SELL Qty: 71 Price: 176 ] .
../trading/strategy/trade_engine.cpp:108 sendClientRequest() Thu Apr  9 18:48:29 2026 Sending: MEClientRequest  [  Type: NEW Client: 5 Ticker: 1 Order id : 5209 Side: BUY Qty: 3 Price: 168 ] .
../trading/strategy/trade_engine.cpp:108 sendClientRequest() Thu Apr  9 18:48:29 2026 Sending: MEClientRequest  [  Type: CANCEL Client: 5 Ticker: 3 Order id : 5004 Side: BUY Qty: 85 Price: 173 ] .
../trading/strategy/trade_engine.cpp:108 sendClientRequest() Thu Apr  9 18:48:29 2026 Sending: MEClientRequest  [  Type: NEW Client: 5 Ticker: 1 Order id : 5210 Side: SELL Qty: 72 Price: 166 ] .
../trading/strategy/trade_engine.cpp:108 sendClientRequest() Thu Apr  9 18:48:29 2026 Sending: MEClientRequest  [  Type: CANCEL Client: 5 Ticker: 2 Order id : 5169 Side: BUY Qty: 50 Price: 114 ] .
../trading/strategy/trade_engine.cpp:108 sendClientRequest() Thu Apr  9 18:48:29 2026 Sending: MEClientRequest  [  Type: NEW Client: 5 Ticker: 2 Order id : 5211 Side: SELL Qty: 28 Price: 113 ] .
../trading/strategy/trade_engine.cpp:108 sendClientRequest() Thu Apr  9 18:48:29 2026 Sending: MEClientRequest  [  Type: CANCEL Client: 5 Ticker: 1 Order id : 5178 Side: SELL Qty: 87 Price: 173 ] .
../trading/strategy/trade_engine.cpp:108 sendClientRequest() Thu Apr  9 18:48:29 2026 Sending: MEClientRequest  [  Type: NEW Client: 5 Ticker: 1 Order id : 5212 Side: BUY Qty: 32 Price: 174 ] .
../trading/strategy/trade_engine.cpp:108 sendClientRequest() Thu Apr  9 18:48:29 2026 Sending: MEClientRequest  [  Type: CANCEL Client: 5 Ticker: 2 Order id : 5211 Side: SELL Qty: 28 Price: 113 ] .
../trading/strategy/trade_engine.cpp:108 sendClientRequest() Thu Apr  9 18:48:29 2026 Sending: MEClientRequest  [  Type: NEW Client: 5 Ticker: 3 Order id : 5213 Side: SELL Qty: 19 Price: 174 ] .
../trading/strategy/trade_engine.cpp:108 sendClientRequest() Thu Apr  9 18:48:29 2026 Sending: MEClientRequest  [  Type: CANCEL Client: 5 Ticker: 3 Order id : 5197 Side: BUY Qty: 89 Price: 178 ] .
../trading/strategy/trade_engine.cpp:108 sendClientRequest() Thu Apr  9 18:48:30 2026 Sending: MEClientRequest  [  Type: NEW Client: 5 Ticker: 0 Order id : 5214 Side: BUY Qty: 33 Price: 183 ] .
../trading/strategy/trade_engine.cpp:108 sendClientRequest() Thu Apr  9 18:48:30 2026 Sending: MEClientRequest  [  Type: CANCEL Client: 5 Ticker: 1 Order id : 5182 Side: BUY Qty: 80 Price: 167 ] .
../trading/strategy/trade_engine.cpp:108 sendClientRequest() Thu Apr  9 18:48:30 2026 Sending: MEClientRequest  [  Type: NEW Client: 5 Ticker: 1 Order id : 5215 Side: SELL Qty: 57 Price: 174 ] .
../trading/strategy/trade_engine.cpp:108 sendClientRequest() Thu Apr  9 18:48:30 2026 Sending: MEClientRequest  [  Type: CANCEL Client: 5 Ticker: 1 Order id : 5087 Side: SELL Qty: 48 Price: 173 ] .
../trading/strategy/trade_engine.cpp:108 sendClientRequest() Thu Apr  9 18:48:30 2026 Sending: MEClientRequest  [  Type: NEW Client: 5 Ticker: 3 Order id : 5216 Side: BUY Qty: 63 Price: 180 ] .
../trading/strategy/trade_engine.cpp:108 sendClientRequest() Thu Apr  9 18:48:30 2026 Sending: MEClientRequest  [  Type: CANCEL Client: 5 Ticker: 2 Order id : 5032 Side: BUY Qty: 8 Price: 114 ] .
../trading/strategy/trade_engine.cpp:108 sendClientRequest() Thu Apr  9 18:48:30 2026 Sending: MEClientRequest  [  Type: NEW Client: 5 Ticker: 2 Order id : 5217 Side: SELL Qty: 92 Price: 113 ] .
../trading/strategy/trade_engine.cpp:108 sendClientRequest() Thu Apr  9 18:48:30 2026 Sending: MEClientRequest  [  Type: CANCEL Client: 5 Ticker: 0 Order id : 5092 Side: SELL Qty: 23 Price: 185 ] .
../trading/strategy/trade_engine.cpp:108 sendClientRequest() Thu Apr  9 18:48:30 2026 Sending: MEClientRequest  [  Type: NEW Client: 5 Ticker: 0 Order id : 5218 Side: SELL Qty: 99 Price: 177 ] .
../trading/strategy/trade_engine.cpp:108 sendClientRequest() Thu Apr  9 18:48:30 2026 Sending: MEClientRequest  [  Type: CANCEL Client: 5 Ticker: 0 Order id : 5214 Side: BUY Qty: 33 Price: 183 ] .
../trading/strategy/trade_engine.cpp:108 sendClientRequest() Thu Apr  9 18:48:31 2026 Sending: MEClientRequest  [  Type: NEW Client: 5 Ticker: 0 Order id : 5219 Side: BUY Qty: 57 Price: 178 ] .
../trading/strategy/trade_engine.cpp:108 sendClientRequest() Thu Apr  9 18:48:31 2026 Sending: MEClientRequest  [  Type: CANCEL Client: 5 Ticker: 1 Order id : 5132 Side: SELL Qty: 10 Price: 172 ] .
../trading/strategy/trade_engine.cpp:108 sendClientRequest() Thu Apr  9 18:48:31 2026 Sending: MEClientRequest  [  Type: NEW Client: 5 Ticker: 0 Order id : 5220 Side: BUY Qty: 63 Price: 184 ] .
../trading/strategy/trade_engine.cpp:108 sendClientRequest() Thu Apr  9 18:48:31 2026 Sending: MEClientRequest  [  Type: CANCEL Client: 5 Ticker: 1 Order id : 5212 Side: BUY Qty: 32 Price: 174 ] .
../trading/strategy/trade_engine.cpp:108 sendClientRequest() Thu Apr  9 18:48:31 2026 Sending: MEClientRequest  [  Type: NEW Client: 5 Ticker: 2 Order id : 5221 Side: BUY Qty: 3 Price: 119 ] .
../trading/strategy/trade_engine.cpp:108 sendClientRequest() Thu Apr  9 18:48:31 2026 Sending: MEClientRequest  [  Type: CANCEL Client: 5 Ticker: 1 Order id : 5196 Side: BUY Qty: 26 Price: 175 ] .
../trading/strategy/trade_engine.cpp:108 sendClientRequest() Thu Apr  9 18:48:31 2026 Sending: MEClientRequest  [  Type: NEW Client: 5 Ticker: 0 Order id : 5222 Side: BUY Qty: 96 Price: 180 ] .
../trading/strategy/trade_engine.cpp:108 sendClientRequest() Thu Apr  9 18:48:31 2026 Sending: MEClientRequest  [  Type: CANCEL Client: 5 Ticker: 3 Order id : 5180 Side: SELL Qty: 77 Price: 178 ] .
../trading/strategy/trade_engine.cpp:108 sendClientRequest() Thu Apr  9 18:48:31 2026 Sending: MEClientRequest  [  Type: NEW Client: 5 Ticker: 2 Order id : 5223 Side: SELL Qty: 24 Price: 114 ] .
../trading/strategy/trade_engine.cpp:108 sendClientRequest() Thu Apr  9 18:48:31 2026 Sending: MEClientRequest  [  Type: CANCEL Client: 5 Ticker: 3 Order id : 5152 Side: SELL Qty: 30 Price: 176 ] .
../trading/strategy/trade_engine.cpp:108 sendClientRequest() Thu Apr  9 18:48:32 2026 Sending: MEClientRequest  [  Type: NEW Client: 5 Ticker: 0 Order id : 5224 Side: BUY Qty: 19 Price: 183 ] .
../trading/strategy/trade_engine.cpp:108 sendClientRequest() Thu Apr  9 18:48:32 2026 Sending: MEClientRequest  [  Type: CANCEL Client: 5 Ticker: 2 Order id : 5023 Side: SELL Qty: 69 Price: 117 ] .
../trading/strategy/trade_engine.cpp:108 sendClientRequest() Thu Apr  9 18:48:32 2026 Sending: MEClientRequest  [  Type: NEW Client: 5 Ticker: 2 Order id : 5225 Side: BUY Qty: 7 Price: 117 ] .
../trading/strategy/trade_engine.cpp:108 sendClientRequest() Thu Apr  9 18:48:32 2026 Sending: MEClientRequest  [  Type: CANCEL Client: 5 Ticker: 3 Order id : 5035 Side: SELL Qty: 27 Price: 173 ] .
../trading/strategy/trade_engine.cpp:108 sendClientRequest() Thu Apr  9 18:48:32 2026 Sending: MEClientRequest  [  Type: NEW Client: 5 Ticker: 2 Order id : 5226 Side: BUY Qty: 75 Price: 113 ] .
../trading/strategy/trade_engine.cpp:108 sendClientRequest() Thu Apr  9 18:48:32 2026 Sending: MEClientRequest  [  Type: CANCEL Client: 5 Ticker: 0 Order id : 5077 Side: SELL Qty: 73 Price: 185 ] .
../trading/strategy/trade_engine.cpp:108 sendClientRequest() Thu Apr  9 18:48:32 2026 Sending: MEClientRequest  [  Type: NEW Client: 5 Ticker: 2 Order id : 5227 Side: BUY Qty: 44 Price: 118 ] .
../trading/strategy/trade_engine.cpp:108 sendClientRequest() Thu Apr  9 18:48:32 2026 Sending: MEClientRequest  [  Type: CANCEL Client: 5 Ticker: 1 Order id : 5210 Side: SELL Qty: 72 Price: 166 ] .
../trading/strategy/trade_engine.cpp:108 sendClientRequest() Thu Apr  9 18:48:32 2026 Sending: MEClientRequest  [  Type: NEW Client: 5 Ticker: 0 Order id : 5228 Side: SELL Qty: 37 Price: 179 ] .
../trading/strategy/trade_engine.cpp:108 sendClientRequest() Thu Apr  9 18:48:32 2026 Sending: MEClientRequest  [  Type: CANCEL Client: 5 Ticker: 0 Order id : 5095 Side: SELL Qty: 84 Price: 182 ] .
../trading/strategy/trade_engine.cpp:108 sendClientRequest() Thu Apr  9 18:48:33 2026 Sending: MEClientRequest  [  Type: NEW Client: 5 Ticker: 1 Order id : 5229 Side: BUY Qty: 86 Price: 172 ] .
../trading/strategy/trade_engine.cpp:108 sendClientRequest() Thu Apr  9 18:48:33 2026 Sending: MEClientRequest  [  Type: CANCEL Client: 5 Ticker: 0 Order id : 5159 Side: SELL Qty: 48 Price: 177 ] .
../trading/strategy/trade_engine.cpp:108 sendClientRequest() Thu Apr  9 18:48:33 2026 Sending: MEClientRequest  [  Type: NEW Client: 5 Ticker: 0 Order id : 5230 Side: BUY Qty: 80 Price: 183 ] .
../trading/strategy/trade_engine.cpp:108 sendClientRequest() Thu Apr  9 18:48:33 2026 Sending: MEClientRequest  [  Type: CANCEL Client: 5 Ticker: 3 Order id : 5183 Side: BUY Qty: 31 Price: 176 ] .
../trading/strategy/trade_engine.cpp:108 sendClientRequest() Thu Apr  9 18:48:33 2026 Sending: MEClientRequest  [  Type: NEW Client: 5 Ticker: 1 Order id : 5231 Side: BUY Qty: 85 Price: 171 ] .
../trading/strategy/trade_engine.cpp:108 sendClientRequest() Thu Apr  9 18:48:33 2026 Sending: MEClientRequest  [  Type: CANCEL Client: 5 Ticker: 1 Order id : 5209 Side: BUY Qty: 3 Price: 168 ] .
../trading/strategy/trade_engine.cpp:108 sendClientRequest() Thu Apr  9 18:48:33 2026 Sending: MEClientRequest  [  Type: NEW Client: 5 Ticker: 2 Order id : 5232 Side: SELL Qty: 21 Price: 120 ] .
../trading/strategy/trade_engine.cpp:108 sendClientRequest() Thu Apr  9 18:48:33 2026 Sending: MEClientRequest  [  Type: CANCEL Client: 5 Ticker: 3 Order id : 5161 Side: SELL Qty: 55 Price: 177 ] .
../trading/strategy/trade_engine.cpp:108 sendClientRequest() Thu Apr  9 18:48:33 2026 Sending: MEClientRequest  [  Type: NEW Client: 5 Ticker: 0 Order id : 5233 Side: SELL Qty: 4 Price: 176 ] .
../trading/strategy/trade_engine.cpp:108 sendClientRequest() Thu Apr  9 18:48:33 2026 Sending: MEClientRequest  [  Type: CANCEL Client: 5 Ticker: 3 Order id : 5046 Side: BUY Qty: 29 Price: 181 ] .
../trading/strategy/trade_engine.cpp:108 sendClientRequest() Thu Apr  9 18:48:34 2026 Sending: MEClientRequest  [  Type: NEW Client: 5 Ticker: 0 Order id : 5234 Side: BUY Qty: 87 Price: 185 ] .
../trading/strategy/trade_engine.cpp:108 sendClientRequest() Thu Apr  9 18:48:34 2026 Sending: MEClientRequest  [  Type: CANCEL Client: 5 Ticker: 3 Order id : 5048 Side: SELL Qty: 8 Price: 182 ] .
../trading/strategy/trade_engine.cpp:108 sendClientRequest() Thu Apr  9 18:48:34 2026 Sending: MEClientRequest  [  Type: NEW Client: 5 Ticker: 2 Order id : 5235 Side: SELL Qty: 44 Price: 115 ] .
../trading/strategy/trade_engine.cpp:108 sendClientRequest() Thu Apr  9 18:48:34 2026 Sending: MEClientRequest  [  Type: CANCEL Client: 5 Ticker: 3 Order id : 5051 Side: SELL Qty: 83 Price: 176 ] .
../trading/strategy/trade_engine.cpp:108 sendClientRequest() Thu Apr  9 18:48:34 2026 Sending: MEClientRequest  [  Type: NEW Client: 5 Ticker: 3 Order id : 5236 Side: BUY Qty: 13 Price: 179 ] .
../trading/strategy/trade_engine.cpp:108 sendClientRequest() Thu Apr  9 18:48:34 2026 Sending: MEClientRequest  [  Type: CANCEL Client: 5 Ticker: 3 Order id : 5236 Side: BUY Qty: 13 Price: 179 ] .
../trading/strategy/trade_engine.cpp:108 sendClientRequest() Thu Apr  9 18:48:34 2026 Sending: MEClientRequest  [  Type: NEW Client: 5 Ticker: 0 Order id : 5237 Side: BUY Qty: 97 Price: 180 ] .
../trading/strategy/trade_engine.cpp:108 sendClientRequest() Thu Apr  9 18:48:34 2026 Sending: MEClientRequest  [  Type: CANCEL Client: 5 Ticker: 1 Order id : 5107 Side: BUY Qty: 71 Price: 172 ] .
../trading/strategy/trade_engine.cpp:108 sendClientRequest() Thu Apr  9 18:48:34 2026 Sending: MEClientRequest  [  Type: NEW Client: 5 Ticker: 0 Order id : 5238 Side: BUY Qty: 36 Price: 177 ] .
../trading/strategy/trade_engine.cpp:108 sendClientRequest() Thu Apr  9 18:48:34 2026 Sending: MEClientRequest  [  Type: CANCEL Client: 5 Ticker: 3 Order id : 5059 Side: SELL Qty: 95 Price: 181 ] .
../trading/strategy/trade_engine.cpp:108 sendClientRequest() Thu Apr  9 18:48:35 2026 Sending: MEClientRequest  [  Type: NEW Client: 5 Ticker: 3 Order id : 5239 Side: BUY Qty: 38 Price: 182 ] .
../trading/strategy/trade_engine.cpp:108 sendClientRequest() Thu Apr  9 18:48:35 2026 Sending: MEClientRequest  [  Type: CANCEL Client: 5 Ticker: 0 Order id : 5030 Side: SELL Qty: 71 Price: 176 ] .
../trading/strategy/trade_engine.cpp:108 sendClientRequest() Thu Apr  9 18:48:35 2026 Sending: MEClientRequest  [  Type: NEW Client: 5 Ticker: 2 Order id : 5240 Side: BUY Qty: 23 Price: 114 ] .
../trading/strategy/trade_engine.cpp:108 sendClientRequest() Thu Apr  9 18:48:35 2026 Sending: MEClientRequest  [  Type: CANCEL Client: 5 Ticker: 3 Order id : 5008 Side: BUY Qty: 39 Price: 176 ] .
../trading/strategy/trade_engine.cpp:108 sendClientRequest() Thu Apr  9 18:48:35 2026 Sending: MEClientRequest  [  Type: NEW Client: 5 Ticker: 2 Order id : 5241 Side: SELL Qty: 99 Price: 114 ] .
../trading/strategy/trade_engine.cpp:108 sendClientRequest() Thu Apr  9 18:48:35 2026 Sending: MEClientRequest  [  Type: CANCEL Client: 5 Ticker: 1 Order id : 5071 Side: SELL Qty: 78 Price: 174 ] .
../trading/strategy/trade_engine.cpp:108 sendClientRequest() Thu Apr  9 18:48:35 2026 Sending: MEClientRequest  [  Type: NEW Client: 5 Ticker: 1 Order id : 5242 Side: SELL Qty: 27 Price: 167 ] .
../trading/strategy/trade_engine.cpp:108 sendClientRequest() Thu Apr  9 18:48:35 2026 Sending: MEClientRequest  [  Type: CANCEL Client: 5 Ticker: 3 Order id : 5081 Side: SELL Qty: 101 Price: 177 ] .
../trading/strategy/trade_engine.cpp:108 sendClientRequest() Thu Apr  9 18:48:35 2026 Sending: MEClientRequest  [  Type: NEW Client: 5 Ticker: 1 Order id : 5243 Side: SELL Qty: 61 Price: 166 ] .
../trading/strategy/trade_engine.cpp:108 sendClientRequest() Thu Apr  9 18:48:35 2026 Sending: MEClientRequest  [  Type: CANCEL Client: 5 Ticker: 2 Order id : 5115 Side: SELL Qty: 72 Price: 114 ] .
../trading/strategy/trade_engine.cpp:108 sendClientRequest() Thu Apr  9 18:48:36 2026 Sending: MEClientRequest  [  Type: NEW Client: 5 Ticker: 0 Order id : 5244 Side: BUY Qty: 98 Price: 180 ] .
../trading/strategy/trade_engine.cpp:108 sendClientRequest() Thu Apr  9 18:48:36 2026 Sending: MEClientRequest  [  Type: CANCEL Client: 5 Ticker: 1 Order id : 5166 Side: BUY Qty: 89 Price: 173 ] .
../trading/strategy/trade_engine.cpp:108 sendClientRequest() Thu Apr  9 18:48:36 2026 Sending: MEClientRequest  [  Type: NEW Client: 5 Ticker: 2 Order id : 5245 Side: SELL Qty: 44 Price: 111 ] .
../trading/strategy/trade_engine.cpp:108 sendClientRequest() Thu Apr  9 18:48:36 2026 Sending: MEClientRequest  [  Type: CANCEL Client: 5 Ticker: 0 Order id : 5033 Side: SELL Qty: 17 Price: 179 ] .
../trading/strategy/trade_engine.cpp:108 sendClientRequest() Thu Apr  9 18:48:36 2026 Sending: MEClientRequest  [  Type: NEW Client: 5 Ticker: 0 Order id : 5246 Side: BUY Qty: 58 Price: 184 ] .
../trading/strategy/trade_engine.cpp:108 sendClientRequest() Thu Apr  9 18:48:36 2026 Sending: MEClientRequest  [  Type: CANCEL Client: 5 Ticker: 3 Order id : 5048 Side: SELL Qty: 8 Price: 182 ] .
../trading/strategy/trade_engine.cpp:108 sendClientRequest() Thu Apr  9 18:48:36 2026 Sending: MEClientRequest  [  Type: NEW Client: 5 Ticker: 1 Order id : 5247 Side: BUY Qty: 79 Price: 168 ] .
../trading/strategy/trade_engine.cpp:108 sendClientRequest() Thu Apr  9 18:48:36 2026 Sending: MEClientRequest  [  Type: CANCEL Client: 5 Ticker: 2 Order id : 5168 Side: SELL Qty: 29 Price: 115 ] .
../trading/strategy/trade_engine.cpp:108 sendClientRequest() Thu Apr  9 18:48:36 2026 Sending: MEClientRequest  [  Type: NEW Client: 5 Ticker: 0 Order id : 5248 Side: SELL Qty: 6 Price: 178 ] .
../trading/strategy/trade_engine.cpp:108 sendClientRequest() Thu Apr  9 18:48:36 2026 Sending: MEClientRequest  [  Type: CANCEL Client: 5 Ticker: 1 Order id : 5071 Side: SELL Qty: 78 Price: 174 ] .
../trading/strategy/trade_engine.cpp:108 sendClientRequest() Thu Apr  9 18:48:37 2026 Sending: MEClientRequest  [  Type: NEW Client: 5 Ticker: 0 Order id : 5249 Side: BUY Qty: 58 Price: 183 ] .
../trading/strategy/trade_engine.cpp:108 sendClientRequest() Thu Apr  9 18:48:37 2026 Sending: MEClientRequest  [  Type: CANCEL Client: 5 Ticker: 2 Order id : 5099 Side: SELL Qty: 44 Price: 117 ] .
../trading/strategy/trade_engine.cpp:108 sendClientRequest() Thu Apr  9 18:48:37 2026 Sending: MEClientRequest  [  Type: NEW Client: 5 Ticker: 3 Order id : 5250 Side: BUY Qty: 97 Price: 175 ] .
../trading/strategy/trade_engine.cpp:108 sendClientRequest() Thu Apr  9 18:48:37 2026 Sending: MEClientRequest  [  Type: CANCEL Client: 5 Ticker: 0 Order id : 5146 Side: SELL Qty: 51 Price: 177 ] .
../trading/strategy/trade_engine.cpp:108 sendClientRequest() Thu Apr  9 18:48:37 2026 Sending: MEClientRequest  [  Type: NEW Client: 5 Ticker: 2 Order id : 5251 Side: SELL Qty: 47 Price: 112 ] .
../trading/strategy/trade_engine.cpp:108 sendClientRequest() Thu Apr  9 18:48:37 2026 Sending: MEClientRequest  [  Type: CANCEL Client: 5 Ticker: 0 Order id : 5095 Side: SELL Qty: 84 Price: 182 ] .
../trading/strategy/trade_engine.cpp:108 sendClientRequest() Thu Apr  9 18:48:37 2026 Sending: MEClientRequest  [  Type: NEW Client: 5 Ticker: 0 Order id : 5252 Side: SELL Qty: 33 Price: 179 ] .
../trading/strategy/trade_engine.cpp:108 sendClientRequest() Thu Apr  9 18:48:37 2026 Sending: MEClientRequest  [  Type: CANCEL Client: 5 Ticker: 3 Order id : 5018 Side: BUY Qty: 16 Price: 179 ] .
../trading/strategy/trade_engine.cpp:108 sendClientRequest() Thu Apr  9 18:48:37 2026 Sending: MEClientRequest  [  Type: NEW Client: 5 Ticker: 3 Order id : 5253 Side: SELL Qty: 12 Price: 179 ] .
../trading/strategy/trade_engine.cpp:108 sendClientRequest() Thu Apr  9 18:48:37 2026 Sending: MEClientRequest  [  Type: CANCEL Client: 5 Ticker: 0 Order id : 5151 Side: BUY Qty: 22 Price: 176 ] .
../trading/strategy/trade_engine.cpp:108 sendClientRequest() Thu Apr  9 18:48:38 2026 Sending: MEClientRequest  [  Type: NEW Client: 5 Ticker: 3 Order id : 5254 Side: BUY Qty: 51 Price: 173 ] .
../trading/strategy/trade_engine.cpp:108 sendClientRequest() Thu Apr  9 18:48:38 2026 Sending: MEClientRequest  [  Type: CANCEL Client: 5 Ticker: 3 Order id : 5042 Side: BUY Qty: 35 Price: 174 ] .
../trading/strategy/trade_engine.cpp:108 sendClientRequest() Thu Apr  9 18:48:38 2026 Sending: MEClientRequest  [  Type: NEW Client: 5 Ticker: 1 Order id : 5255 Side: BUY Qty: 23 Price: 171 ] .
../trading/strategy/trade_engine.cpp:108 sendClientRequest() Thu Apr  9 18:48:38 2026 Sending: MEClientRequest  [  Type: CANCEL Client: 5 Ticker: 2 Order id : 5163 Side: SELL Qty: 6 Price: 111 ] .
../trading/strategy/trade_engine.cpp:108 sendClientRequest() Thu Apr  9 18:48:38 2026 Sending: MEClientRequest  [  Type: NEW Client: 5 Ticker: 0 Order id : 5256 Side: BUY Qty: 41 Price: 182 ] .
../trading/strategy/trade_engine.cpp:108 sendClientRequest() Thu Apr  9 18:48:38 2026 Sending: MEClientRequest  [  Type: CANCEL Client: 5 Ticker: 0 Order id : 5085 Side: SELL Qty: 77 Price: 176 ] .
../trading/strategy/trade_engine.cpp:108 sendClientRequest() Thu Apr  9 18:48:38 2026 Sending: MEClientRequest  [  Type: NEW Client: 5 Ticker: 2 Order id : 5257 Side: BUY Qty: 51 Price: 114 ] .
../trading/strategy/trade_engine.cpp:108 sendClientRequest() Thu Apr  9 18:48:38 2026 Sending: MEClientRequest  [  Type: CANCEL Client: 5 Ticker: 1 Order id : 5176 Side: BUY Qty: 69 Price: 173 ] .
../trading/strategy/trade_engine.cpp:108 sendClientRequest() Thu Apr  9 18:48:38 2026 Sending: MEClientRequest  [  Type: NEW Client: 5 Ticker: 0 Order id : 5258 Side: SELL Qty: 57 Price: 183 ] .
../trading/strategy/trade_engine.cpp:108 sendClientRequest() Thu Apr  9 18:48:38 2026 Sending: MEClientRequest  [  Type: CANCEL Client: 5 Ticker: 1 Order id : 5087 Side: SELL Qty: 48 Price: 173 ] .
../trading/strategy/trade_engine.cpp:108 sendClientRequest() Thu Apr  9 18:48:39 2026 Sending: MEClientRequest  [  Type: NEW Client: 5 Ticker: 1 Order id : 5259 Side: SELL Qty: 91 Price: 169 ] .
../trading/strategy/trade_engine.cpp:108 sendClientRequest() Thu Apr  9 18:48:39 2026 Sending: MEClientRequest  [  Type: CANCEL Client: 5 Ticker: 3 Order id : 5127 Side: BUY Qty: 45 Price: 182 ] .
../trading/strategy/trade_engine.cpp:108 sendClientRequest() Thu Apr  9 18:48:39 2026 Sending: MEClientRequest  [  Type: NEW Client: 5 Ticker: 2 Order id : 5260 Side: BUY Qty: 41 Price: 112 ] .
../trading/strategy/trade_engine.cpp:108 sendClientRequest() Thu Apr  9 18:48:39 2026 Sending: MEClientRequest  [  Type: CANCEL Client: 5 Ticker: 2 Order id : 5034 Side: BUY Qty: 36 Price: 112 ] .
../trading/strategy/trade_engine.cpp:108 sendClientRequest() Thu Apr  9 18:48:39 2026 Sending: MEClientRequest  [  Type: NEW Client: 5 Ticker: 2 Order id : 5261 Side: BUY Qty: 67 Price: 113 ] .
../trading/strategy/trade_engine.cpp:108 sendClientRequest() Thu Apr  9 18:48:39 2026 Sending: MEClientRequest  [  Type: CANCEL Client: 5 Ticker: 3 Order id : 5171 Side: SELL Qty: 46 Price: 181 ] .
../trading/strategy/trade_engine.cpp:108 sendClientRequest() Thu Apr  9 18:48:39 2026 Sending: MEClientRequest  [  Type: NEW Client: 5 Ticker: 0 Order id : 5262 Side: BUY Qty: 15 Price: 184 ] .
../trading/strategy/trade_engine.cpp:108 sendClientRequest() Thu Apr  9 18:48:39 2026 Sending: MEClientRequest  [  Type: CANCEL Client: 5 Ticker: 2 Order id : 5241 Side: SELL Qty: 99 Price: 114 ] .
../trading/strategy/trade_engine.cpp:108 sendClientRequest() Thu Apr  9 18:48:39 2026 Sending: MEClientRequest  [  Type: NEW Client: 5 Ticker: 1 Order id : 5263 Side: SELL Qty: 51 Price: 171 ] .
../trading/strategy/trade_engine.cpp:108 sendClientRequest() Thu Apr  9 18:48:39 2026 Sending: MEClientRequest  [  Type: CANCEL Client: 5 Ticker: 0 Order id : 5000 Side: BUY Qty: 22 Price: 178 ] .
../trading/strategy/trade_engine.cpp:108 sendClientRequest() Thu Apr  9 18:48:40 2026 Sending: MEClientRequest  [  Type: NEW Client: 5 Ticker: 3 Order id : 5264 Side: SELL Qty: 93 Price: 177 ] .
../trading/strategy/trade_engine.cpp:108 sendClientRequest() Thu Apr  9 18:48:40 2026 Sending: MEClientRequest  [  Type: CANCEL Client: 5 Ticker: 0 Order id : 5200 Side: BUY Qty: 47 Price: 185 ] .
../trading/strategy/trade_engine.cpp:108 sendClientRequest() Thu Apr  9 18:48:40 2026 Sending: MEClientRequest  [  Type: NEW Client: 5 Ticker: 3 Order id : 5265 Side: SELL Qty: 15 Price: 176 ] .
../trading/strategy/trade_engine.cpp:108 sendClientRequest() Thu Apr  9 18:48:40 2026 Sending: MEClientRequest  [  Type: CANCEL Client: 5 Ticker: 2 Order id : 5179 Side: BUY Qty: 13 Price: 113 ] .
../trading/strategy/trade_engine.cpp:108 sendClientRequest() Thu Apr  9 18:48:40 2026 Sending: MEClientRequest  [  Type: NEW Client: 5 Ticker: 0 Order id : 5266 Side: SELL Qty: 84 Price: 177 ] .
../trading/strategy/trade_engine.cpp:108 sendClientRequest() Thu Apr  9 18:48:40 2026 Sending: MEClientRequest  [  Type: CANCEL Client: 5 Ticker: 1 Order id : 5132 Side: SELL Qty: 10 Price: 172 ] .
../trading/strategy/trade_engine.cpp:108 sendClientRequest() Thu Apr  9 18:48:40 2026 Sending: MEClientRequest  [  Type: NEW Client: 5 Ticker: 0 Order id : 5267 Side: SELL Qty: 5 Price: 182 ] .
../trading/strategy/trade_engine.cpp:108 sendClientRequest() Thu Apr  9 18:48:40 2026 Sending: MEClientRequest  [  Type: CANCEL Client: 5 Ticker: 1 Order id : 5173 Side: SELL Qty: 98 Price: 173 ] .
../trading/strategy/trade_engine.cpp:108 sendClientRequest() Thu Apr  9 18:48:40 2026 Sending: MEClientRequest  [  Type: NEW Client: 5 Ticker: 0 Order id : 5268 Side: SELL Qty: 23 Price: 178 ] .
../trading/strategy/trade_engine.cpp:108 sendClientRequest() Thu Apr  9 18:48:40 2026 Sending: MEClientRequest  [  Type: CANCEL Client: 5 Ticker: 2 Order id : 5041 Side: BUY Qty: 50 Price: 117 ] .
../trading/strategy/trade_engine.cpp:108 sendClientRequest() Thu Apr  9 18:48:41 2026 Sending: MEClientRequest  [  Type: NEW Client: 5 Ticker: 1 Order id : 5269 Side: SELL Qty: 101 Price: 175 ] .
../trading/strategy/trade_engine.cpp:108 sendClientRequest() Thu Apr  9 18:48:41 2026 Sending: MEClientRequest  [  Type: CANCEL Client: 5 Ticker: 2 Order id : 5241 Side: SELL Qty: 99 Price: 114 ] .
../trading/strategy/trade_engine.cpp:108 sendClientRequest() Thu Apr  9 18:48:41 2026 Sending: MEClientRequest  [  Type: NEW Client: 5 Ticker: 0 Order id : 5270 Side: BUY Qty: 17 Price: 177 ] .
../trading/strategy/trade_engine.cpp:108 sendClientRequest() Thu Apr  9 18:48:41 2026 Sending: MEClientRequest  [  Type: CANCEL Client: 5 Ticker: 0 Order id : 5256 Side: BUY Qty: 41 Price: 182 ] .
../trading/strategy/trade_engine.cpp:108 sendClientRequest() Thu Apr  9 18:48:41 2026 Sending: MEClientRequest  [  Type: NEW Client: 5 Ticker: 2 Order id : 5271 Side: BUY Qty: 76 Price: 113 ] .
../trading/strategy/trade_engine.cpp:108 sendClientRequest() Thu Apr  9 18:48:41 2026 Sending: MEClientRequest  [  Type: CANCEL Client: 5 Ticker: 2 Order id : 5271 Side: BUY Qty: 76 Price: 113 ] .
../trading/strategy/trade_engine.cpp:108 sendClientRequest() Thu Apr  9 18:48:41 2026 Sending: MEClientRequest  [  Type: NEW Client: 5 Ticker: 2 Order id : 5272 Side: SELL Qty: 12 Price: 115 ] .
../trading/strategy/trade_engine.cpp:108 sendClientRequest() Thu Apr  9 18:48:41 2026 Sending: MEClientRequest  [  Type: CANCEL Client: 5 Ticker: 1 Order id : 5021 Side: SELL Qty: 80 Price: 169 ] .
../trading/strategy/trade_engine.cpp:108 sendClientRequest() Thu Apr  9 18:48:41 2026 Sending: MEClientRequest  [  Type: NEW Client: 5 Ticker: 0 Order id : 5273 Side: BUY Qty: 16 Price: 179 ] .
../trading/strategy/trade_engine.cpp:108 sendClientRequest() Thu Apr  9 18:48:41 2026 Sending: MEClientRequest  [  Type: CANCEL Client: 5 Ticker: 1 Order id : 5173 Side: SELL Qty: 98 Price: 173 ] .
../trading/strategy/trade_engine.cpp:108 sendClientRequest() Thu Apr  9 18:48:42 2026 Sending: MEClientRequest  [  Type: NEW Client: 5 Ticker: 3 Order id : 5274 Side: BUY Qty: 87 Price: 181 ] .
../trading/strategy/trade_engine.cpp:108 sendClientRequest() Thu Apr  9 18:48:42 2026 Sending: MEClientRequest  [  Type: CANCEL Client: 5 Ticker: 2 Order id : 5096 Side: BUY Qty: 16 Price: 116 ] .
../trading/strategy/trade_engine.cpp:108 sendClientRequest() Thu Apr  9 18:48:42 2026 Sending: MEClientRequest  [  Type: NEW Client: 5 Ticker: 3 Order id : 5275 Side: BUY Qty: 7 Price: 173 ] .
../trading/strategy/trade_engine.cpp:108 sendClientRequest() Thu Apr  9 18:48:42 2026 Sending: MEClientRequest  [  Type: CANCEL Client: 5 Ticker: 0 Order id : 5252 Side: SELL Qty: 33 Price: 179 ] .
../trading/strategy/trade_engine.cpp:108 sendClientRequest() Thu Apr  9 18:48:42 2026 Sending: MEClientRequest  [  Type: NEW Client: 5 Ticker: 2 Order id : 5276 Side: BUY Qty: 23 Price: 118 ] .
../trading/strategy/trade_engine.cpp:108 sendClientRequest() Thu Apr  9 18:48:42 2026 Sending: MEClientRequest  [  Type: CANCEL Client: 5 Ticker: 3 Order id : 5008 Side: BUY Qty: 39 Price: 176 ] .
../trading/strategy/trade_engine.cpp:108 sendClientRequest() Thu Apr  9 18:48:42 2026 Sending: MEClientRequest  [  Type: NEW Client: 5 Ticker: 0 Order id : 5277 Side: SELL Qty: 59 Price: 177 ] .
../trading/strategy/trade_engine.cpp:108 sendClientRequest() Thu Apr  9 18:48:42 2026 Sending: MEClientRequest  [  Type: CANCEL Client: 5 Ticker: 1 Order id : 5067 Side: SELL Qty: 75 Price: 168 ] .
../trading/strategy/trade_engine.cpp:108 sendClientRequest() Thu Apr  9 18:48:42 2026 Sending: MEClientRequest  [  Type: NEW Client: 5 Ticker: 0 Order id : 5278 Side: SELL Qty: 89 Price: 182 ] .
../trading/strategy/trade_engine.cpp:108 sendClientRequest() Thu Apr  9 18:48:42 2026 Sending: MEClientRequest  [  Type: CANCEL Client: 5 Ticker: 0 Order id : 5202 Side: SELL Qty: 31 Price: 185 ] .
../trading/strategy/trade_engine.cpp:108 sendClientRequest() Thu Apr  9 18:48:43 2026 Sending: MEClientRequest  [  Type: NEW Client: 5 Ticker: 3 Order id : 5279 Side: BUY Qty: 24 Price: 179 ] .
../trading/strategy/trade_engine.cpp:108 sendClientRequest() Thu Apr  9 18:48:43 2026 Sending: MEClientRequest  [  Type: CANCEL Client: 5 Ticker: 1 Order id : 5182 Side: BUY Qty: 80 Price: 167 ] .
../trading/strategy/trade_engine.cpp:108 sendClientRequest() Thu Apr  9 18:48:43 2026 Sending: MEClientRequest  [  Type: NEW Client: 5 Ticker: 1 Order id : 5280 Side: SELL Qty: 44 Price: 174 ] .
../trading/strategy/trade_engine.cpp:108 sendClientRequest() Thu Apr  9 18:48:43 2026 Sending: MEClientRequest  [  Type: CANCEL Client: 5 Ticker: 1 Order id : 5083 Side: BUY Qty: 38 Price: 166 ] .
../trading/strategy/trade_engine.cpp:108 sendClientRequest() Thu Apr  9 18:48:43 2026 Sending: MEClientRequest  [  Type: NEW Client: 5 Ticker: 0 Order id : 5281 Side: BUY Qty: 21 Price: 182 ] .
../trading/strategy/trade_engine.cpp:108 sendClientRequest() Thu Apr  9 18:48:43 2026 Sending: MEClientRequest  [  Type: CANCEL Client: 5 Ticker: 2 Order id : 5023 Side: SELL Qty: 69 Price: 117 ] .
../trading/strategy/trade_engine.cpp:108 sendClientRequest() Thu Apr  9 18:48:43 2026 Sending: MEClientRequest  [  Type: NEW Client: 5 Ticker: 3 Order id : 5282 Side: SELL Qty: 10 Price: 176 ] .
../trading/strategy/trade_engine.cpp:108 sendClientRequest() Thu Apr  9 18:48:43 2026 Sending: MEClientRequest  [  Type: CANCEL Client: 5 Ticker: 2 Order id : 5217 Side: SELL Qty: 92 Price: 113 ] .
../trading/strategy/trade_engine.cpp:108 sendClientRequest() Thu Apr  9 18:48:43 2026 Sending: MEClientRequest  [  Type: NEW Client: 5 Ticker: 2 Order id : 5283 Side: BUY Qty: 42 Price: 115 ] .
../trading/strategy/trade_engine.cpp:108 sendClientRequest() Thu Apr  9 18:48:43 2026 Sending: MEClientRequest  [  Type: CANCEL Client: 5 Ticker: 2 Order id : 5283 Side: BUY Qty: 42 Price: 115 ] .
../trading/strategy/trade_engine.cpp:108 sendClientRequest() Thu Apr  9 18:48:44 2026 Sending: MEClientRequest  [  Type: NEW Client: 5 Ticker: 3 Order id : 5284 Side: SELL Qty: 25 Price: 180 ] .
../trading/strategy/trade_engine.cpp:108 sendClientRequest() Thu Apr  9 18:48:44 2026 Sending: MEClientRequest  [  Type: CANCEL Client: 5 Ticker: 2 Order id : 5115 Side: SELL Qty: 72 Price: 114 ] .
../trading/strategy/trade_engine.cpp:108 sendClientRequest() Thu Apr  9 18:48:44 2026 Sending: MEClientRequest  [  Type: NEW Client: 5 Ticker: 0 Order id : 5285 Side: SELL Qty: 54 Price: 185 ] .
../trading/strategy/trade_engine.cpp:108 sendClientRequest() Thu Apr  9 18:48:44 2026 Sending: MEClientRequest  [  Type: CANCEL Client: 5 Ticker: 0 Order id : 5224 Side: BUY Qty: 19 Price: 183 ] .
../trading/strategy/trade_engine.cpp:108 sendClientRequest() Thu Apr  9 18:48:44 2026 Sending: MEClientRequest  [  Type: NEW Client: 5 Ticker: 2 Order id : 5286 Side: SELL Qty: 80 Price: 112 ] .
../trading/strategy/trade_engine.cpp:108 sendClientRequest() Thu Apr  9 18:48:44 2026 Sending: MEClientRequest  [  Type: CANCEL Client: 5 Ticker: 3 Order id : 5025 Side: BUY Qty: 69 Price: 179 ] .
../trading/strategy/trade_engine.cpp:108 sendClientRequest() Thu Apr  9 18:48:44 2026 Sending: MEClientRequest  [  Type: NEW Client: 5 Ticker: 0 Order id : 5287 Side: BUY Qty: 66 Price: 184 ] .
../trading/strategy/trade_engine.cpp:108 sendClientRequest() Thu Apr  9 18:48:44 2026 Sending: MEClientRequest  [  Type: CANCEL Client: 5 Ticker: 2 Order id : 5245 Side: SELL Qty: 44 Price: 111 ] .
../trading/strategy/trade_engine.cpp:108 sendClientRequest() Thu Apr  9 18:48:44 2026 Sending: MEClientRequest  [  Type: NEW Client: 5 Ticker: 1 Order id : 5288 Side: BUY Qty: 50 Price: 175 ] .
../trading/strategy/trade_engine.cpp:108 sendClientRequest() Thu Apr  9 18:48:44 2026 Sending: MEClientRequest  [  Type: CANCEL Client: 5 Ticker: 0 Order id : 5214 Side: BUY Qty: 33 Price: 183 ] .
../trading/strategy/trade_engine.cpp:108 sendClientRequest() Thu Apr  9 18:48:45 2026 Sending: MEClientRequest  [  Type: NEW Client: 5 Ticker: 0 Order id : 5289 Side: SELL Qty: 98 Price: 181 ] .
../trading/strategy/trade_engine.cpp:108 sendClientRequest() Thu Apr  9 18:48:45 2026 Sending: MEClientRequest  [  Type: CANCEL Client: 5 Ticker: 2 Order id : 5017 Side: BUY Qty: 54 Price: 119 ] .
../trading/strategy/trade_engine.cpp:108 sendClientRequest() Thu Apr  9 18:48:45 2026 Sending: MEClientRequest  [  Type: NEW Client: 5 Ticker: 3 Order id : 5290 Side: SELL Qty: 88 Price: 176 ] .
../trading/strategy/trade_engine.cpp:108 sendClientRequest() Thu Apr  9 18:48:45 2026 Sending: MEClientRequest  [  Type: CANCEL Client: 5 Ticker: 0 Order id : 5139 Side: BUY Qty: 70 Price: 182 ] .
../trading/strategy/trade_engine.cpp:108 sendClientRequest() Thu Apr  9 18:48:45 2026 Sending: MEClientRequest  [  Type: NEW Client: 5 Ticker: 0 Order id : 5291 Side: SELL Qty: 88 Price: 185 ] .
../trading/strategy/trade_engine.cpp:108 sendClientRequest() Thu Apr  9 18:48:45 2026 Sending: MEClientRequest  [  Type: CANCEL Client: 5 Ticker: 1 Order id : 5061 Side: BUY Qty: 54 Price: 173 ] .
../trading/strategy/trade_engine.cpp:108 sendClientRequest() Thu Apr  9 18:48:45 2026 Sending: MEClientRequest  [  Type: NEW Client: 5 Ticker: 0 Order id : 5292 Side: BUY Qty: 99 Price: 180 ] .
../trading/strategy/trade_engine.cpp:108 sendClientRequest() Thu Apr  9 18:48:45 2026 Sending: MEClientRequest  [  Type: CANCEL Client: 5 Ticker: 2 Order id : 5235 Side: SELL Qty: 44 Price: 115 ] .
../trading/strategy/trade_engine.cpp:108 sendClientRequest() Thu Apr  9 18:48:45 2026 Sending: MEClientRequest  [  Type: NEW Client: 5 Ticker: 3 Order id : 5293 Side: BUY Qty: 36 Price: 182 ] .
../trading/strategy/trade_engine.cpp:108 sendClientRequest() Thu Apr  9 18:48:45 2026 Sending: MEClientRequest  [  Type: CANCEL Client: 5 Ticker: 0 Order id : 5278 Side: SELL Qty: 89 Price: 182 ] .
../trading/strategy/trade_engine.cpp:108 sendClientRequest() Thu Apr  9 18:48:46 2026 Sending: MEClientRequest  [  Type: NEW Client: 5 Ticker: 3 Order id : 5294 Side: BUY Qty: 91 Price: 177 ] .
../trading/strategy/trade_engine.cpp:108 sendClientRequest() Thu Apr  9 18:48:46 2026 Sending: MEClientRequest  [  Type: CANCEL Client: 5 Ticker: 3 Order id : 5100 Side: SELL Qty: 45 Price: 176 ] .
../trading/strategy/trade_engine.cpp:108 sendClientRequest() Thu Apr  9 18:48:46 2026 Sending: MEClientRequest  [  Type: NEW Client: 5 Ticker: 1 Order id : 5295 Side: BUY Qty: 2 Price: 173 ] .
../trading/strategy/trade_engine.cpp:108 sendClientRequest() Thu Apr  9 18:48:46 2026 Sending: MEClientRequest  [  Type: CANCEL Client: 5 Ticker: 3 Order id : 5116 Side: SELL Qty: 87 Price: 182 ] .
../trading/strategy/trade_engine.cpp:108 sendClientRequest() Thu Apr  9 18:48:46 2026 Sending: MEClientRequest  [  Type: NEW Client: 5 Ticker: 3 Order id : 5296 Side: SELL Qty: 101 Price: 173 ] .
../trading/strategy/trade_engine.cpp:108 sendClientRequest() Thu Apr  9 18:48:46 2026 Sending: MEClientRequest  [  Type: CANCEL Client: 5 Ticker: 0 Order id : 5146 Side: SELL Qty: 51 Price: 177 ] .
../trading/strategy/trade_engine.cpp:108 sendClientRequest() Thu Apr  9 18:48:46 2026 Sending: MEClientRequest  [  Type: NEW Client: 5 Ticker: 1 Order id : 5297 Side: BUY Qty: 79 Price: 166 ] .
../trading/strategy/trade_engine.cpp:108 sendClientRequest() Thu Apr  9 18:48:46 2026 Sending: MEClientRequest  [  Type: CANCEL Client: 5 Ticker: 3 Order id : 5028 Side: BUY Qty: 37 Price: 180 ] .
../trading/strategy/trade_engine.cpp:108 sendClientRequest() Thu Apr  9 18:48:46 2026 Sending: MEClientRequest  [  Type: NEW Client: 5 Ticker: 3 Order id : 5298 Side: SELL Qty: 66 Price: 179 ] .
../trading/strategy/trade_engine.cpp:108 sendClientRequest() Thu Apr  9 18:48:46 2026 Sending: MEClientRequest  [  Type: CANCEL Client: 5 Ticker: 1 Order id : 5111 Side: BUY Qty: 77 Price: 173 ] .
../trading/strategy/trade_engine.cpp:108 sendClientRequest() Thu Apr  9 18:48:47 2026 Sending: MEClientRequest  [  Type: NEW Client: 5 Ticker: 2 Order id : 5299 Side: SELL Qty: 68 Price: 118 ] .
../trading/strategy/trade_engine.cpp:108 sendClientRequest() Thu Apr  9 18:48:47 2026 Sending: MEClientRequest  [  Type: CANCEL Client: 5 Ticker: 0 Order id : 5146 Side: SELL Qty: 51 Price: 177 ] .
../trading/strategy/trade_engine.cpp:108 sendClientRequest() Thu Apr  9 18:48:47 2026 Sending: MEClientRequest  [  Type: NEW Client: 5 Ticker: 0 Order id : 5300 Side: SELL Qty: 92 Price: 181 ] .
../trading/strategy/trade_engine.cpp:108 sendClientRequest() Thu Apr  9 18:48:47 2026 Sending: MEClientRequest  [  Type: CANCEL Client: 5 Ticker: 1 Order id : 5102 Side: BUY Qty: 55 Price: 173 ] .
../trading/strategy/trade_engine.cpp:108 sendClientRequest() Thu Apr  9 18:48:47 2026 Sending: MEClientRequest  [  Type: NEW Client: 5 Ticker: 3 Order id : 5301 Side: BUY Qty: 3 Price: 174 ] .
../trading/strategy/trade_engine.cpp:108 sendClientRequest() Thu Apr  9 18:48:47 2026 Sending: MEClientRequest  [  Type: CANCEL Client: 5 Ticker: 0 Order id : 5112 Side: BUY Qty: 35 Price: 177 ] .
../trading/strategy/trade_engine.cpp:108 sendClientRequest() Thu Apr  9 18:48:47 2026 Sending: MEClientRequest  [  Type: NEW Client: 5 Ticker: 1 Order id : 5302 Side: BUY Qty: 34 Price: 175 ] .
../trading/strategy/trade_engine.cpp:108 sendClientRequest() Thu Apr  9 18:48:47 2026 Sending: MEClientRequest  [  Type: CANCEL Client: 5 Ticker: 1 Order id : 5097 Side: BUY Qty: 22 Price: 174 ] .
../trading/strategy/trade_engine.cpp:108 sendClientRequest() Thu Apr  9 18:48:47 2026 Sending: MEClientRequest  [  Type: NEW Client: 5 Ticker: 2 Order id : 5303 Side: SELL Qty: 53 Price: 119 ] .
../trading/strategy/trade_engine.cpp:108 sendClientRequest() Thu Apr  9 18:48:47 2026 Sending: MEClientRequest  [  Type: CANCEL Client: 5 Ticker: 0 Order id : 5165 Side: BUY Qty: 39 Price: 184 ] .
../trading/strategy/trade_engine.cpp:108 sendClientRequest() Thu Apr  9 18:48:48 2026 Sending: MEClientRequest  [  Type: NEW Client: 5 Ticker: 1 Order id : 5304 Side: BUY Qty: 15 Price: 167 ] .
../trading/strategy/trade_engine.cpp:108 sendClientRequest() Thu Apr  9 18:48:48 2026 Sending: MEClientRequest  [  Type: CANCEL Client: 5 Ticker: 0 Order id : 5121 Side: SELL Qty: 40 Price: 185 ] .
../trading/strategy/trade_engine.cpp:108 sendClientRequest() Thu Apr  9 18:48:48 2026 Sending: MEClientRequest  [  Type: NEW Client: 5 Ticker: 0 Order id : 5305 Side: SELL Qty: 100 Price: 181 ] .
../trading/strategy/trade_engine.cpp:108 sendClientRequest() Thu Apr  9 18:48:48 2026 Sending: MEClientRequest  [  Type: CANCEL Client: 5 Ticker: 3 Order id : 5051 Side: SELL Qty: 83 Price: 176 ] .
../trading/strategy/trade_engine.cpp:108 sendClientRequest() Thu Apr  9 18:48:48 2026 Sending: MEClientRequest  [  Type: NEW Client: 5 Ticker: 0 Order id : 5306 Side: SELL Qty: 56 Price: 181 ] .
../trading/strategy/trade_engine.cpp:108 sendClientRequest() Thu Apr  9 18:48:48 2026 Sending: MEClientRequest  [  Type: CANCEL Client: 5 Ticker: 1 Order id : 5143 Side: BUY Qty: 33 Price: 168 ] .
../trading/strategy/trade_engine.cpp:108 sendClientRequest() Thu Apr  9 18:48:48 2026 Sending: MEClientRequest  [  Type: NEW Client: 5 Ticker: 0 Order id : 5307 Side: BUY Qty: 26 Price: 181 ] .
../trading/strategy/trade_engine.cpp:108 sendClientRequest() Thu Apr  9 18:48:48 2026 Sending: MEClientRequest  [  Type: CANCEL Client: 5 Ticker: 1 Order id : 5172 Side: SELL Qty: 23 Price: 174 ] .
../trading/strategy/trade_engine.cpp:108 sendClientRequest() Thu Apr  9 18:48:48 2026 Sending: MEClientRequest  [  Type: NEW Client: 5 Ticker: 0 Order id : 5308 Side: SELL Qty: 77 Price: 179 ] .
../trading/strategy/trade_engine.cpp:108 sendClientRequest() Thu Apr  9 18:48:48 2026 Sending: MEClientRequest  [  Type: CANCEL Client: 5 Ticker: 1 Order id : 5071 Side: SELL Qty: 78 Price: 174 ] .
../trading/strategy/trade_engine.cpp:108 sendClientRequest() Thu Apr  9 18:48:49 2026 Sending: MEClientRequest  [  Type: NEW Client: 5 Ticker: 0 Order id : 5309 Side: BUY Qty: 16 Price: 184 ] .
../trading/strategy/trade_engine.cpp:108 sendClientRequest() Thu Apr  9 18:48:49 2026 Sending: MEClientRequest  [  Type: CANCEL Client: 5 Ticker: 2 Order id : 5168 Side: SELL Qty: 29 Price: 115 ] .
../trading/strategy/trade_engine.cpp:108 sendClientRequest() Thu Apr  9 18:48:49 2026 Sending: MEClientRequest  [  Type: NEW Client: 5 Ticker: 3 Order id : 5310 Side: BUY Qty: 51 Price: 179 ] .
../trading/strategy/trade_engine.cpp:108 sendClientRequest() Thu Apr  9 18:48:49 2026 Sending: MEClientRequest  [  Type: CANCEL Client: 5 Ticker: 0 Order id : 5089 Side: BUY Qty: 34 Price: 179 ] .
../trading/strategy/trade_engine.cpp:108 sendClientRequest() Thu Apr  9 18:48:49 2026 Sending: MEClientRequest  [  Type: NEW Client: 5 Ticker: 0 Order id : 5311 Side: SELL Qty: 50 Price: 181 ] .
../trading/strategy/trade_engine.cpp:108 sendClientRequest() Thu Apr  9 18:48:49 2026 Sending: MEClientRequest  [  Type: CANCEL Client: 5 Ticker: 2 Order id : 5096 Side: BUY Qty: 16 Price: 116 ] .
../trading/strategy/trade_engine.cpp:108 sendClientRequest() Thu Apr  9 18:48:49 2026 Sending: MEClientRequest  [  Type: NEW Client: 5 Ticker: 3 Order id : 5312 Side: BUY Qty: 89 Price: 173 ] .
../trading/strategy/trade_engine.cpp:108 sendClientRequest() Thu Apr  9 18:48:49 2026 Sending: MEClientRequest  [  Type: CANCEL Client: 5 Ticker: 3 Order id : 5046 Side: BUY Qty: 29 Price: 181 ] .
../trading/strategy/trade_engine.cpp:108 sendClientRequest() Thu Apr  9 18:48:49 2026 Sending: MEClientRequest  [  Type: NEW Client: 5 Ticker: 0 Order id : 5313 Side: SELL Qty: 15 Price: 181 ] .
../trading/strategy/trade_engine.cpp:108 sendClientRequest() Thu Apr  9 18:48:49 2026 Sending: MEClientRequest  [  Type: CANCEL Client: 5 Ticker: 3 Order id : 5149 Side: SELL Qty: 95 Price: 174 ] .
../trading/strategy/trade_engine.cpp:108 sendClientRequest() Thu Apr  9 18:48:50 2026 Sending: MEClientRequest  [  Type: NEW Client: 5 Ticker: 2 Order id : 5314 Side: BUY Qty: 36 Price: 113 ] .
../trading/strategy/trade_engine.cpp:108 sendClientRequest() Thu Apr  9 18:48:50 2026 Sending: MEClientRequest  [  Type: CANCEL Client: 5 Ticker: 1 Order id : 5067 Side: SELL Qty: 75 Price: 168 ] .
../trading/strategy/trade_engine.cpp:108 sendClientRequest() Thu Apr  9 18:48:50 2026 Sending: MEClientRequest  [  Type: NEW Client: 5 Ticker: 2 Order id : 5315 Side: SELL Qty: 4 Price: 111 ] .
../trading/strategy/trade_engine.cpp:108 sendClientRequest() Thu Apr  9 18:48:50 2026 Sending: MEClientRequest  [  Type: CANCEL Client: 5 Ticker: 1 Order id : 5029 Side: SELL Qty: 45 Price: 173 ] .
../trading/strategy/trade_engine.cpp:108 sendClientRequest() Thu Apr  9 18:48:50 2026 Sending: MEClientRequest  [  Type: NEW Client: 5 Ticker: 1 Order id : 5316 Side: SELL Qty: 8 Price: 171 ] .
../trading/strategy/trade_engine.cpp:108 sendClientRequest() Thu Apr  9 18:48:50 2026 Sending: MEClientRequest  [  Type: CANCEL Client: 5 Ticker: 0 Order id : 5300 Side: SELL Qty: 92 Price: 181 ] .
../trading/strategy/trade_engine.cpp:108 sendClientRequest() Thu Apr  9 18:48:50 2026 Sending: MEClientRequest  [  Type: NEW Client: 5 Ticker: 3 Order id : 5317 Side: SELL Qty: 60 Price: 178 ] .
../trading/strategy/trade_engine.cpp:108 sendClientRequest() Thu Apr  9 18:48:50 2026 Sending: MEClientRequest  [  Type: CANCEL Client: 5 Ticker: 1 Order id : 5209 Side: BUY Qty: 3 Price: 168 ] .
../trading/strategy/trade_engine.cpp:108 sendClientRequest() Thu Apr  9 18:48:50 2026 Sending: MEClientRequest  [  Type: NEW Client: 5 Ticker: 2 Order id : 5318 Side: BUY Qty: 70 Price: 120 ] .
../trading/strategy/trade_engine.cpp:108 sendClientRequest() Thu Apr  9 18:48:50 2026 Sending: MEClientRequest  [  Type: CANCEL Client: 5 Ticker: 0 Order id : 5237 Side: BUY Qty: 97 Price: 180 ] .
../trading/strategy/trade_engine.cpp:108 sendClientRequest() Thu Apr  9 18:48:51 2026 Sending: MEClientRequest  [  Type: NEW Client: 5 Ticker: 0 Order id : 5319 Side: SELL Qty: 32 Price: 179 ] .
../trading/strategy/trade_engine.cpp:108 sendClientRequest() Thu Apr  9 18:48:51 2026 Sending: MEClientRequest  [  Type: CANCEL Client: 5 Ticker: 3 Order id : 5141 Side: SELL Qty: 42 Price: 181 ] .
../trading/strategy/trade_engine.cpp:108 sendClientRequest() Thu Apr  9 18:48:51 2026 Sending: MEClientRequest  [  Type: NEW Client: 5 Ticker: 1 Order id : 5320 Side: BUY Qty: 27 Price: 168 ] .
../trading/strategy/trade_engine.cpp:108 sendClientRequest() Thu Apr  9 18:48:51 2026 Sending: MEClientRequest  [  Type: CANCEL Client: 5 Ticker: 0 Order id : 5193 Side: SELL Qty: 19 Price: 184 ] .
../trading/strategy/trade_engine.cpp:108 sendClientRequest() Thu Apr  9 18:48:51 2026 Sending: MEClientRequest  [  Type: NEW Client: 5 Ticker: 1 Order id : 5321 Side: BUY Qty: 61 Price: 171 ] .
../trading/strategy/trade_engine.cpp:108 sendClientRequest() Thu Apr  9 18:48:51 2026 Sending: MEClientRequest  [  Type: CANCEL Client: 5 Ticker: 1 Order id : 5071 Side: SELL Qty: 78 Price: 174 ] .
../trading/strategy/trade_engine.cpp:108 sendClientRequest() Thu Apr  9 18:48:51 2026 Sending: MEClientRequest  [  Type: NEW Client: 5 Ticker: 1 Order id : 5322 Side: BUY Qty: 71 Price: 168 ] .
../trading/strategy/trade_engine.cpp:108 sendClientRequest() Thu Apr  9 18:48:51 2026 Sending: MEClientRequest  [  Type: CANCEL Client: 5 Ticker: 3 Order id : 5051 Side: SELL Qty: 83 Price: 176 ] .
../trading/strategy/trade_engine.cpp:108 sendClientRequest() Thu Apr  9 18:48:51 2026 Sending: MEClientRequest  [  Type: NEW Client: 5 Ticker: 1 Order id : 5323 Side: BUY Qty: 92 Price: 172 ] .
../trading/strategy/trade_engine.cpp:108 sendClientRequest() Thu Apr  9 18:48:51 2026 Sending: MEClientRequest  [  Type: CANCEL Client: 5 Ticker: 0 Order id : 5258 Side: SELL Qty: 57 Price: 183 ] .
../trading/strategy/trade_engine.cpp:108 sendClientRequest() Thu Apr  9 18:48:52 2026 Sending: MEClientRequest  [  Type: NEW Client: 5 Ticker: 3 Order id : 5324 Side: BUY Qty: 28 Price: 176 ] .
../trading/strategy/trade_engine.cpp:108 sendClientRequest() Thu Apr  9 18:48:52 2026 Sending: MEClientRequest  [  Type: CANCEL Client: 5 Ticker: 3 Order id : 5264 Side: SELL Qty: 93 Price: 177 ] .
../trading/strategy/trade_engine.cpp:108 sendClientRequest() Thu Apr  9 18:48:52 2026 Sending: MEClientRequest  [  Type: NEW Client: 5 Ticker: 3 Order id : 5325 Side: BUY Qty: 49 Price: 181 ] .
../trading/strategy/trade_engine.cpp:108 sendClientRequest() Thu Apr  9 18:48:52 2026 Sending: MEClientRequest  [  Type: CANCEL Client: 5 Ticker: 3 Order id : 5284 Side: SELL Qty: 25 Price: 180 ] .
../trading/strategy/trade_engine.cpp:108 sendClientRequest() Thu Apr  9 18:48:52 2026 Sending: MEClientRequest  [  Type: NEW Client: 5 Ticker: 0 Order id : 5326 Side: BUY Qty: 64 Price: 183 ] .
../trading/strategy/trade_engine.cpp:108 sendClientRequest() Thu Apr  9 18:48:52 2026 Sending: MEClientRequest  [  Type: CANCEL Client: 5 Ticker: 3 Order id : 5051 Side: SELL Qty: 83 Price: 176 ] .
../trading/strategy/trade_engine.cpp:108 sendClientRequest() Thu Apr  9 18:48:52 2026 Sending: MEClientRequest  [  Type: NEW Client: 5 Ticker: 3 Order id : 5327 Side: BUY Qty: 62 Price: 177 ] .
../trading/strategy/trade_engine.cpp:108 sendClientRequest() Thu Apr  9 18:48:52 2026 Sending: MEClientRequest  [  Type: CANCEL Client: 5 Ticker: 0 Order id : 5258 Side: SELL Qty: 57 Price: 183 ] .
../trading/strategy/trade_engine.cpp:108 sendClientRequest() Thu Apr  9 18:48:52 2026 Sending: MEClientRequest  [  Type: NEW Client: 5 Ticker: 1 Order id : 5328 Side: SELL Qty: 20 Price: 166 ] .
../trading/strategy/trade_engine.cpp:108 sendClientRequest() Thu Apr  9 18:48:52 2026 Sending: MEClientRequest  [  Type: CANCEL Client: 5 Ticker: 3 Order id : 5293 Side: BUY Qty: 36 Price: 182 ] .
../trading/strategy/trade_engine.cpp:108 sendClientRequest() Thu Apr  9 18:48:53 2026 Sending: MEClientRequest  [  Type: NEW Client: 5 Ticker: 1 Order id : 5329 Side: BUY Qty: 15 Price: 168 ] .
../trading/strategy/trade_engine.cpp:108 sendClientRequest() Thu Apr  9 18:48:53 2026 Sending: MEClientRequest  [  Type: CANCEL Client: 5 Ticker: 0 Order id : 5313 Side: SELL Qty: 15 Price: 181 ] .
../trading/strategy/trade_engine.cpp:108 sendClientRequest() Thu Apr  9 18:48:53 2026 Sending: MEClientRequest  [  Type: NEW Client: 5 Ticker: 0 Order id : 5330 Side: SELL Qty: 71 Price: 179 ] .
../trading/strategy/trade_engine.cpp:108 sendClientRequest() Thu Apr  9 18:48:53 2026 Sending: MEClientRequest  [  Type: CANCEL Client: 5 Ticker: 0 Order id : 5066 Side: BUY Qty: 5 Price: 178 ] .
../trading/strategy/trade_engine.cpp:108 sendClientRequest() Thu Apr  9 18:48:53 2026 Sending: MEClientRequest  [  Type: NEW Client: 5 Ticker: 3 Order id : 5331 Side: BUY Qty: 64 Price: 176 ] .
../trading/strategy/trade_engine.cpp:108 sendClientRequest() Thu Apr  9 18:48:53 2026 Sending: MEClientRequest  [  Type: CANCEL Client: 5 Ticker: 0 Order id : 5010 Side: BUY Qty: 87 Price: 179 ] .
../trading/strategy/trade_engine.cpp:108 sendClientRequest() Thu Apr  9 18:48:53 2026 Sending: MEClientRequest  [  Type: NEW Client: 5 Ticker: 0 Order id : 5332 Side: SELL Qty: 67 Price: 179 ] .
../trading/strategy/trade_engine.cpp:108 sendClientRequest() Thu Apr  9 18:48:53 2026 Sending: MEClientRequest  [  Type: CANCEL Client: 5 Ticker: 3 Order id : 5317 Side: SELL Qty: 60 Price: 178 ] .
../trading/strategy/trade_engine.cpp:108 sendClientRequest() Thu Apr  9 18:48:53 2026 Sending: MEClientRequest  [  Type: NEW Client: 5 Ticker: 0 Order id : 5333 Side: SELL Qty: 25 Price: 184 ] .
../trading/strategy/trade_engine.cpp:108 sendClientRequest() Thu Apr  9 18:48:53 2026 Sending: MEClientRequest  [  Type: CANCEL Client: 5 Ticker: 0 Order id : 5267 Side: SELL Qty: 5 Price: 182 ] .
../trading/strategy/trade_engine.cpp:108 sendClientRequest() Thu Apr  9 18:48:54 2026 Sending: MEClientRequest  [  Type: NEW Client: 5 Ticker: 1 Order id : 5334 Side: SELL Qty: 83 Price: 169 ] .
../trading/strategy/trade_engine.cpp:108 sendClientRequest() Thu Apr  9 18:48:54 2026 Sending: MEClientRequest  [  Type: CANCEL Client: 5 Ticker: 3 Order id : 5296 Side: SELL Qty: 101 Price: 173 ] .
../trading/strategy/trade_engine.cpp:108 sendClientRequest() Thu Apr  9 18:48:54 2026 Sending: MEClientRequest  [  Type: NEW Client: 5 Ticker: 0 Order id : 5335 Side: BUY Qty: 82 Price: 177 ] .
../trading/strategy/trade_engine.cpp:108 sendClientRequest() Thu Apr  9 18:48:54 2026 Sending: MEClientRequest  [  Type: CANCEL Client: 5 Ticker: 1 Order id : 5097 Side: BUY Qty: 22 Price: 174 ] .
../trading/strategy/trade_engine.cpp:108 sendClientRequest() Thu Apr  9 18:48:54 2026 Sending: MEClientRequest  [  Type: NEW Client: 5 Ticker: 3 Order id : 5336 Side: SELL Qty: 22 Price: 180 ] .
../trading/strategy/trade_engine.cpp:108 sendClientRequest() Thu Apr  9 18:48:54 2026 Sending: MEClientRequest  [  Type: CANCEL Client: 5 Ticker: 0 Order id : 5181 Side: SELL Qty: 8 Price: 179 ] .
../trading/strategy/trade_engine.cpp:108 sendClientRequest() Thu Apr  9 18:48:54 2026 Sending: MEClientRequest  [  Type: NEW Client: 5 Ticker: 2 Order id : 5337 Side: BUY Qty: 54 Price: 119 ] .
../trading/strategy/trade_engine.cpp:108 sendClientRequest() Thu Apr  9 18:48:54 2026 Sending: MEClientRequest  [  Type: CANCEL Client: 5 Ticker: 3 Order id : 5049 Side: SELL Qty: 82 Price: 181 ] .
../trading/strategy/trade_engine.cpp:108 sendClientRequest() Thu Apr  9 18:48:54 2026 Sending: MEClientRequest  [  Type: NEW Client: 5 Ticker: 3 Order id : 5338 Side: SELL Qty: 96 Price: 174 ] .
../trading/strategy/trade_engine.cpp:108 sendClientRequest() Thu Apr  9 18:48:54 2026 Sending: MEClientRequest  [  Type: CANCEL Client: 5 Ticker: 1 Order id : 5255 Side: BUY Qty: 23 Price: 171 ] .
../trading/strategy/trade_engine.cpp:108 sendClientRequest() Thu Apr  9 18:48:55 2026 Sending: MEClientRequest  [  Type: NEW Client: 5 Ticker: 3 Order id : 5339 Side: BUY Qty: 32 Price: 181 ] .
../trading/strategy/trade_engine.cpp:108 sendClientRequest() Thu Apr  9 18:48:55 2026 Sending: MEClientRequest  [  Type: CANCEL Client: 5 Ticker: 1 Order id : 5320 Side: BUY Qty: 27 Price: 168 ] .
../trading/strategy/trade_engine.cpp:108 sendClientRequest() Thu Apr  9 18:48:55 2026 Sending: MEClientRequest  [  Type: NEW Client: 5 Ticker: 3 Order id : 5340 Side: SELL Qty: 56 Price: 173 ] .
../trading/strategy/trade_engine.cpp:108 sendClientRequest() Thu Apr  9 18:48:55 2026 Sending: MEClientRequest  [  Type: CANCEL Client: 5 Ticker: 2 Order id : 5271 Side: BUY Qty: 76 Price: 113 ] .
../trading/strategy/trade_engine.cpp:108 sendClientRequest() Thu Apr  9 18:48:55 2026 Sending: MEClientRequest  [  Type: NEW Client: 5 Ticker: 2 Order id : 5341 Side: SELL Qty: 64 Price: 115 ] .
../trading/strategy/trade_engine.cpp:108 sendClientRequest() Thu Apr  9 18:48:55 2026 Sending: MEClientRequest  [  Type: CANCEL Client: 5 Ticker: 1 Order id : 5047 Side: SELL Qty: 10 Price: 167 ] .
../trading/strategy/trade_engine.cpp:108 sendClientRequest() Thu Apr  9 18:48:55 2026 Sending: MEClientRequest  [  Type: NEW Client: 5 Ticker: 3 Order id : 5342 Side: BUY Qty: 69 Price: 178 ] .
../trading/strategy/trade_engine.cpp:108 sendClientRequest() Thu Apr  9 18:48:55 2026 Sending: MEClientRequest  [  Type: CANCEL Client: 5 Ticker: 2 Order id : 5064 Side: BUY Qty: 87 Price: 117 ] .
../trading/strategy/trade_engine.cpp:108 sendClientRequest() Thu Apr  9 18:48:55 2026 Sending: MEClientRequest  [  Type: NEW Client: 5 Ticker: 2 Order id : 5343 Side: BUY Qty: 92 Price: 116 ] .
../trading/strategy/trade_engine.cpp:108 sendClientRequest() Thu Apr  9 18:48:55 2026 Sending: MEClientRequest  [  Type: CANCEL Client: 5 Ticker: 0 Order id : 5202 Side: SELL Qty: 31 Price: 185 ] .
../trading/strategy/trade_engine.cpp:108 sendClientRequest() Thu Apr  9 18:48:56 2026 Sending: MEClientRequest  [  Type: NEW Client: 5 Ticker: 1 Order id : 5344 Side: BUY Qty: 50 Price: 168 ] .
../trading/strategy/trade_engine.cpp:108 sendClientRequest() Thu Apr  9 18:48:56 2026 Sending: MEClientRequest  [  Type: CANCEL Client: 5 Ticker: 2 Order id : 5017 Side: BUY Qty: 54 Price: 119 ] .
../trading/strategy/trade_engine.cpp:108 sendClientRequest() Thu Apr  9 18:48:56 2026 Sending: MEClientRequest  [  Type: NEW Client: 5 Ticker: 0 Order id : 5345 Side: SELL Qty: 53 Price: 179 ] .
../trading/strategy/trade_engine.cpp:108 sendClientRequest() Thu Apr  9 18:48:56 2026 Sending: MEClientRequest  [  Type: CANCEL Client: 5 Ticker: 3 Order id : 5028 Side: BUY Qty: 37 Price: 180 ] .
../trading/strategy/trade_engine.cpp:108 sendClientRequest() Thu Apr  9 18:48:56 2026 Sending: MEClientRequest  [  Type: NEW Client: 5 Ticker: 3 Order id : 5346 Side: BUY Qty: 96 Price: 176 ] .
../trading/strategy/trade_engine.cpp:108 sendClientRequest() Thu Apr  9 18:48:56 2026 Sending: MEClientRequest  [  Type: CANCEL Client: 5 Ticker: 1 Order id : 5243 Side: SELL Qty: 61 Price: 166 ] .
../trading/strategy/trade_engine.cpp:108 sendClientRequest() Thu Apr  9 18:48:56 2026 Sending: MEClientRequest  [  Type: NEW Client: 5 Ticker: 3 Order id : 5347 Side: BUY Qty: 23 Price: 182 ] .
../trading/strategy/trade_engine.cpp:108 sendClientRequest() Thu Apr  9 18:48:56 2026 Sending: MEClientRequest  [  Type: CANCEL Client: 5 Ticker: 3 Order id : 5213 Side: SELL Qty: 19 Price: 174 ] .
../trading/strategy/trade_engine.cpp:108 sendClientRequest() Thu Apr  9 18:48:56 2026 Sending: MEClientRequest  [  Type: NEW Client: 5 Ticker: 2 Order id : 5348 Side: BUY Qty: 89 Price: 117 ] .
../trading/strategy/trade_engine.cpp:108 sendClientRequest() Thu Apr  9 18:48:56 2026 Sending: MEClientRequest  [  Type: CANCEL Client: 5 Ticker: 3 Order id : 5137 Side: SELL Qty: 47 Price: 179 ] .
../trading/strategy/trade_engine.cpp:108 sendClientRequest() Thu Apr  9 18:48:57 2026 Sending: MEClientRequest  [  Type: NEW Client: 5 Ticker: 1 Order id : 5349 Side: BUY Qty: 34 Price: 172 ] .
../trading/strategy/trade_engine.cpp:108 sendClientRequest() Thu Apr  9 18:48:57 2026 Sending: MEClientRequest  [  Type: CANCEL Client: 5 Ticker: 3 Order id : 5137 Side: SELL Qty: 47 Price: 179 ] .
../trading/strategy/trade_engine.cpp:108 sendClientRequest() Thu Apr  9 18:48:57 2026 Sending: MEClientRequest  [  Type: NEW Client: 5 Ticker: 3 Order id : 5350 Side: BUY Qty: 63 Price: 175 ] .
../trading/strategy/trade_engine.cpp:108 sendClientRequest() Thu Apr  9 18:48:57 2026 Sending: MEClientRequest  [  Type: CANCEL Client: 5 Ticker: 1 Order id : 5178 Side: SELL Qty: 87 Price: 173 ] .
../trading/strategy/trade_engine.cpp:108 sendClientRequest() Thu Apr  9 18:48:57 2026 Sending: MEClientRequest  [  Type: NEW Client: 5 Ticker: 3 Order id : 5351 Side: SELL Qty: 48 Price: 182 ] .
../trading/strategy/trade_engine.cpp:108 sendClientRequest() Thu Apr  9 18:48:57 2026 Sending: MEClientRequest  [  Type: CANCEL Client: 5 Ticker: 1 Order id : 5061 Side: BUY Qty: 54 Price: 173 ] .
../trading/strategy/trade_engine.cpp:108 sendClientRequest() Thu Apr  9 18:48:57 2026 Sending: MEClientRequest  [  Type: NEW Client: 5 Ticker: 0 Order id : 5352 Side: BUY Qty: 96 Price: 176 ] .
../trading/strategy/trade_engine.cpp:108 sendClientRequest() Thu Apr  9 18:48:57 2026 Sending: MEClientRequest  [  Type: CANCEL Client: 5 Ticker: 0 Order id : 5219 Side: BUY Qty: 57 Price: 178 ] .
../trading/strategy/trade_engine.cpp:108 sendClientRequest() Thu Apr  9 18:48:57 2026 Sending: MEClientRequest  [  Type: NEW Client: 5 Ticker: 3 Order id : 5353 Side: SELL Qty: 69 Price: 177 ] .
../trading/strategy/trade_engine.cpp:108 sendClientRequest() Thu Apr  9 18:48:57 2026 Sending: MEClientRequest  [  Type: CANCEL Client: 5 Ticker: 1 Order id : 5229 Side: BUY Qty: 86 Price: 172 ] .
../trading/strategy/trade_engine.cpp:108 sendClientRequest() Thu Apr  9 18:48:58 2026 Sending: MEClientRequest  [  Type: NEW Client: 5 Ticker: 0 Order id : 5354 Side: BUY Qty: 81 Price: 184 ] .
../trading/strategy/trade_engine.cpp:108 sendClientRequest() Thu Apr  9 18:48:58 2026 Sending: MEClientRequest  [  Type: CANCEL Client: 5 Ticker: 2 Order id : 5118 Side: BUY Qty: 18 Price: 115 ] .
../trading/strategy/trade_engine.cpp:108 sendClientRequest() Thu Apr  9 18:48:58 2026 Sending: MEClientRequest  [  Type: NEW Client: 5 Ticker: 2 Order id : 5355 Side: SELL Qty: 78 Price: 117 ] .
../trading/strategy/trade_engine.cpp:108 sendClientRequest() Thu Apr  9 18:48:58 2026 Sending: MEClientRequest  [  Type: CANCEL Client: 5 Ticker: 0 Order id : 5267 Side: SELL Qty: 5 Price: 182 ] .
../trading/strategy/trade_engine.cpp:108 sendClientRequest() Thu Apr  9 18:48:58 2026 Sending: MEClientRequest  [  Type: NEW Client: 5 Ticker: 3 Order id : 5356 Side: SELL Qty: 61 Price: 174 ] .
../trading/strategy/trade_engine.cpp:108 sendClientRequest() Thu Apr  9 18:48:58 2026 Sending: MEClientRequest  [  Type: CANCEL Client: 5 Ticker: 2 Order id : 5131 Side: BUY Qty: 68 Price: 119 ] .
../trading/strategy/trade_engine.cpp:108 sendClientRequest() Thu Apr  9 18:48:58 2026 Sending: MEClientRequest  [  Type: NEW Client: 5 Ticker: 3 Order id : 5357 Side: BUY Qty: 13 Price: 174 ] .
../trading/strategy/trade_engine.cpp:108 sendClientRequest() Thu Apr  9 18:48:58 2026 Sending: MEClientRequest  [  Type: CANCEL Client: 5 Ticker: 1 Order id : 5026 Side: BUY Qty: 3 Price: 167 ] .
../trading/strategy/trade_engine.cpp:108 sendClientRequest() Thu Apr  9 18:48:58 2026 Sending: MEClientRequest  [  Type: NEW Client: 5 Ticker: 0 Order id : 5358 Side: SELL Qty: 62 Price: 178 ] .
../trading/strategy/trade_engine.cpp:108 sendClientRequest() Thu Apr  9 18:48:58 2026 Sending: MEClientRequest  [  Type: CANCEL Client: 5 Ticker: 0 Order id : 5052 Side: SELL Qty: 75 Price: 185 ] .
../trading/strategy/trade_engine.cpp:108 sendClientRequest() Thu Apr  9 18:48:59 2026 Sending: MEClientRequest  [  Type: NEW Client: 5 Ticker: 3 Order id : 5359 Side: SELL Qty: 97 Price: 174 ] .
../trading/strategy/trade_engine.cpp:108 sendClientRequest() Thu Apr  9 18:48:59 2026 Sending: MEClientRequest  [  Type: CANCEL Client: 5 Ticker: 0 Order id : 5277 Side: SELL Qty: 59 Price: 177 ] .
../trading/strategy/trade_engine.cpp:108 sendClientRequest() Thu Apr  9 18:48:59 2026 Sending: MEClientRequest  [  Type: NEW Client: 5 Ticker: 2 Order id : 5360 Side: BUY Qty: 18 Price: 116 ] .
../trading/strategy/trade_engine.cpp:108 sendClientRequest() Thu Apr  9 18:48:59 2026 Sending: MEClientRequest  [  Type: CANCEL Client: 5 Ticker: 0 Order id : 5060 Side: BUY Qty: 66 Price: 185 ] .
../trading/strategy/trade_engine.cpp:108 sendClientRequest() Thu Apr  9 18:48:59 2026 Sending: MEClientRequest  [  Type: NEW Client: 5 Ticker: 0 Order id : 5361 Side: SELL Qty: 13 Price: 181 ] .
../trading/strategy/trade_engine.cpp:108 sendClientRequest() Thu Apr  9 18:48:59 2026 Sending: MEClientRequest  [  Type: CANCEL Client: 5 Ticker: 3 Order id : 5327 Side: BUY Qty: 62 Price: 177 ] .
../trading/strategy/trade_engine.cpp:108 sendClientRequest() Thu Apr  9 18:48:59 2026 Sending: MEClientRequest  [  Type: NEW Client: 5 Ticker: 2 Order id : 5362 Side: SELL Qty: 29 Price: 112 ] .
../trading/strategy/trade_engine.cpp:108 sendClientRequest() Thu Apr  9 18:48:59 2026 Sending: MEClientRequest  [  Type: CANCEL Client: 5 Ticker: 2 Order id : 5113 Side: BUY Qty: 13 Price: 115 ] .
../trading/strategy/trade_engine.cpp:108 sendClientRequest() Thu Apr  9 18:48:59 2026 Sending: MEClientRequest  [  Type: NEW Client: 5 Ticker: 3 Order id : 5363 Side: BUY Qty: 84 Price: 178 ] .
../trading/strategy/trade_engine.cpp:108 sendClientRequest() Thu Apr  9 18:48:59 2026 Sending: MEClientRequest  [  Type: CANCEL Client: 5 Ticker: 2 Order id : 5286 Side: SELL Qty: 80 Price: 112 ] .
../trading/strategy/trade_engine.cpp:108 sendClientRequest() Thu Apr  9 18:49:00 2026 Sending: MEClientRequest  [  Type: NEW Client: 5 Ticker: 0 Order id : 5364 Side: SELL Qty: 30 Price: 181 ] .
../trading/strategy/trade_engine.cpp:108 sendClientRequest() Thu Apr  9 18:49:00 2026 Sending: MEClientRequest  [  Type: CANCEL Client: 5 Ticker: 0 Order id : 5139 Side: BUY Qty: 70 Price: 182 ] .
../trading/strategy/trade_engine.cpp:108 sendClientRequest() Thu Apr  9 18:49:00 2026 Sending: MEClientRequest  [  Type: NEW Client: 5 Ticker: 1 Order id : 5365 Side: SELL Qty: 97 Price: 168 ] .
../trading/strategy/trade_engine.cpp:108 sendClientRequest() Thu Apr  9 18:49:00 2026 Sending: MEClientRequest  [  Type: CANCEL Client: 5 Ticker: 0 Order id : 5010 Side: BUY Qty: 87 Price: 179 ] .
../trading/strategy/trade_engine.cpp:108 sendClientRequest() Thu Apr  9 18:49:00 2026 Sending: MEClientRequest  [  Type: NEW Client: 5 Ticker: 1 Order id : 5366 Side: BUY Qty: 59 Price: 172 ] .
../trading/strategy/trade_engine.cpp:108 sendClientRequest() Thu Apr  9 18:49:00 2026 Sending: MEClientRequest  [  Type: CANCEL Client: 5 Ticker: 2 Order id : 5235 Side: SELL Qty: 44 Price: 115 ] .
../trading/strategy/trade_engine.cpp:108 sendClientRequest() Thu Apr  9 18:49:00 2026 Sending: MEClientRequest  [  Type: NEW Client: 5 Ticker: 0 Order id : 5367 Side: BUY Qty: 32 Price: 177 ] .
../trading/strategy/trade_engine.cpp:108 sendClientRequest() Thu Apr  9 18:49:00 2026 Sending: MEClientRequest  [  Type: CANCEL Client: 5 Ticker: 1 Order id : 5349 Side: BUY Qty: 34 Price: 172 ] .
../trading/strategy/trade_engine.cpp:108 sendClientRequest() Thu Apr  9 18:49:00 2026 Sending: MEClientRequest  [  Type: NEW Client: 5 Ticker: 0 Order id : 5368 Side: BUY Qty: 30 Price: 181 ] .
../trading/strategy/trade_engine.cpp:108 sendClientRequest() Thu Apr  9 18:49:00 2026 Sending: MEClientRequest  [  Type: CANCEL Client: 5 Ticker: 1 Order id : 5144 Side: SELL Qty: 61 Price: 167 ] .
../trading/strategy/trade_engine.cpp:108 sendClientRequest() Thu Apr  9 18:49:01 2026 Sending: MEClientRequest  [  Type: NEW Client: 5 Ticker: 3 Order id : 5369 Side: BUY Qty: 26 Price: 179 ] .
../trading/strategy/trade_engine.cpp:108 sendClientRequest() Thu Apr  9 18:49:01 2026 Sending: MEClientRequest  [  Type: CANCEL Client: 5 Ticker: 1 Order id : 5199 Side: SELL Qty: 55 Price: 175 ] .
../trading/strategy/trade_engine.cpp:108 sendClientRequest() Thu Apr  9 18:49:01 2026 Sending: MEClientRequest  [  Type: NEW Client: 5 Ticker: 3 Order id : 5370 Side: BUY Qty: 67 Price: 181 ] .
../trading/strategy/trade_engine.cpp:108 sendClientRequest() Thu Apr  9 18:49:01 2026 Sending: MEClientRequest  [  Type: CANCEL Client: 5 Ticker: 1 Order id : 5061 Side: BUY Qty: 54 Price: 173 ] .
../trading/strategy/trade_engine.cpp:108 sendClientRequest() Thu Apr  9 18:49:01 2026 Sending: MEClientRequest  [  Type: NEW Client: 5 Ticker: 3 Order id : 5371 Side: SELL Qty: 60 Price: 174 ] .
../trading/strategy/trade_engine.cpp:108 sendClientRequest() Thu Apr  9 18:49:01 2026 Sending: MEClientRequest  [  Type: CANCEL Client: 5 Ticker: 2 Order id : 5225 Side: BUY Qty: 7 Price: 117 ] .
../trading/strategy/trade_engine.cpp:108 sendClientRequest() Thu Apr  9 18:49:01 2026 Sending: MEClientRequest  [  Type: NEW Client: 5 Ticker: 1 Order id : 5372 Side: SELL Qty: 18 Price: 169 ] .
../trading/strategy/trade_engine.cpp:108 sendClientRequest() Thu Apr  9 18:49:01 2026 Sending: MEClientRequest  [  Type: CANCEL Client: 5 Ticker: 3 Order id : 5203 Side: SELL Qty: 20 Price: 182 ] .
../trading/strategy/trade_engine.cpp:108 sendClientRequest() Thu Apr  9 18:49:01 2026 Sending: MEClientRequest  [  Type: NEW Client: 5 Ticker: 3 Order id : 5373 Side: SELL Qty: 59 Price: 181 ] .
../trading/strategy/trade_engine.cpp:108 sendClientRequest() Thu Apr  9 18:49:01 2026 Sending: MEClientRequest  [  Type: CANCEL Client: 5 Ticker: 1 Order id : 5065 Side: SELL Qty: 38 Price: 174 ] .
../trading/strategy/trade_engine.cpp:108 sendClientRequest() Thu Apr  9 18:49:02 2026 Sending: MEClientRequest  [  Type: NEW Client: 5 Ticker: 2 Order id : 5374 Side: SELL Qty: 53 Price: 113 ] .
../trading/strategy/trade_engine.cpp:108 sendClientRequest() Thu Apr  9 18:49:02 2026 Sending: MEClientRequest  [  Type: CANCEL Client: 5 Ticker: 2 Order id : 5041 Side: BUY Qty: 50 Price: 117 ] .
../trading/strategy/trade_engine.cpp:108 sendClientRequest() Thu Apr  9 18:49:02 2026 Sending: MEClientRequest  [  Type: NEW Client: 5 Ticker: 2 Order id : 5375 Side: BUY Qty: 69 Price: 116 ] .
../trading/strategy/trade_engine.cpp:108 sendClientRequest() Thu Apr  9 18:49:02 2026 Sending: MEClientRequest  [  Type: CANCEL Client: 5 Ticker: 3 Order id : 5167 Side: BUY Qty: 29 Price: 180 ] .
../trading/strategy/trade_engine.cpp:108 sendClientRequest() Thu Apr  9 18:49:02 2026 Sending: MEClientRequest  [  Type: NEW Client: 5 Ticker: 1 Order id : 5376 Side: SELL Qty: 83 Price: 172 ] .
../trading/strategy/trade_engine.cpp:108 sendClientRequest() Thu Apr  9 18:49:02 2026 Sending: MEClientRequest  [  Type: CANCEL Client: 5 Ticker: 3 Order id : 5351 Side: SELL Qty: 48 Price: 182 ] .
../trading/strategy/trade_engine.cpp:108 sendClientRequest() Thu Apr  9 18:49:02 2026 Sending: MEClientRequest  [  Type: NEW Client: 5 Ticker: 3 Order id : 5377 Side: SELL Qty: 72 Price: 178 ] .
../trading/strategy/trade_engine.cpp:108 sendClientRequest() Thu Apr  9 18:49:02 2026 Sending: MEClientRequest  [  Type: CANCEL Client: 5 Ticker: 3 Order id : 5359 Side: SELL Qty: 97 Price: 174 ] .
../trading/strategy/trade_engine.cpp:108 sendClientRequest() Thu Apr  9 18:49:02 2026 Sending: MEClientRequest  [  Type: NEW Client: 5 Ticker: 0 Order id : 5378 Side: SELL Qty: 57 Price: 179 ] .
../trading/strategy/trade_engine.cpp:108 sendClientRequest() Thu Apr  9 18:49:02 2026 Sending: MEClientRequest  [  Type: CANCEL Client: 5 Ticker: 1 Order id : 5302 Side: BUY Qty: 34 Price: 175 ] .
../trading/strategy/trade_engine.cpp:108 sendClientRequest() Thu Apr  9 18:49:03 2026 Sending: MEClientRequest  [  Type: NEW Client: 5 Ticker: 3 Order id : 5379 Side: BUY Qty: 2 Price: 176 ] .
../trading/strategy/trade_engine.cpp:108 sendClientRequest() Thu Apr  9 18:49:03 2026 Sending: MEClientRequest  [  Type: CANCEL Client: 5 Ticker: 2 Order id : 5257 Side: BUY Qty: 51 Price: 114 ] .
../trading/strategy/trade_engine.cpp:108 sendClientRequest() Thu Apr  9 18:49:03 2026 Sending: MEClientRequest  [  Type: NEW Client: 5 Ticker: 1 Order id : 5380 Side: SELL Qty: 53 Price: 175 ] .
../trading/strategy/trade_engine.cpp:108 sendClientRequest() Thu Apr  9 18:49:03 2026 Sending: MEClientRequest  [  Type: CANCEL Client: 5 Ticker: 0 Order id : 5238 Side: BUY Qty: 36 Price: 177 ] .
../trading/strategy/trade_engine.cpp:108 sendClientRequest() Thu Apr  9 18:49:03 2026 Sending: MEClientRequest  [  Type: NEW Client: 5 Ticker: 0 Order id : 5381 Side: SELL Qty: 13 Price: 185 ] .
../trading/strategy/trade_engine.cpp:108 sendClientRequest() Thu Apr  9 18:49:03 2026 Sending: MEClientRequest  [  Type: CANCEL Client: 5 Ticker: 0 Order id : 5080 Side: BUY Qty: 41 Price: 183 ] .
../trading/strategy/trade_engine.cpp:108 sendClientRequest() Thu Apr  9 18:49:03 2026 Sending: MEClientRequest  [  Type: NEW Client: 5 Ticker: 2 Order id : 5382 Side: BUY Qty: 34 Price: 112 ] .
../trading/strategy/trade_engine.cpp:108 sendClientRequest() Thu Apr  9 18:49:03 2026 Sending: MEClientRequest  [  Type: CANCEL Client: 5 Ticker: 0 Order id : 5184 Side: BUY Qty: 95 Price: 181 ] .
../trading/strategy/trade_engine.cpp:108 sendClientRequest() Thu Apr  9 18:49:03 2026 Sending: MEClientRequest  [  Type: NEW Client: 5 Ticker: 1 Order id : 5383 Side: SELL Qty: 22 Price: 169 ] .
../trading/strategy/trade_engine.cpp:108 sendClientRequest() Thu Apr  9 18:49:04 2026 Sending: MEClientRequest  [  Type: CANCEL Client: 5 Ticker: 0 Order id : 5201 Side: SELL Qty: 52 Price: 185 ] .
../trading/strategy/trade_engine.cpp:108 sendClientRequest() Thu Apr  9 18:49:04 2026 Sending: MEClientRequest  [  Type: NEW Client: 5 Ticker: 3 Order id : 5384 Side: SELL Qty: 86 Price: 177 ] .
../trading/strategy/trade_engine.cpp:108 sendClientRequest() Thu Apr  9 18:49:04 2026 Sending: MEClientRequest  [  Type: CANCEL Client: 5 Ticker: 0 Order id : 5219 Side: BUY Qty: 57 Price: 178 ] .
../trading/strategy/trade_engine.cpp:108 sendClientRequest() Thu Apr  9 18:49:04 2026 Sending: MEClientRequest  [  Type: NEW Client: 5 Ticker: 1 Order id : 5385 Side: BUY Qty: 9 Price: 172 ] .
../trading/strategy/trade_engine.cpp:108 sendClientRequest() Thu Apr  9 18:49:04 2026 Sending: MEClientRequest  [  Type: CANCEL Client: 5 Ticker: 0 Order id : 5077 Side: SELL Qty: 73 Price: 185 ] .
../trading/strategy/trade_engine.cpp:108 sendClientRequest() Thu Apr  9 18:49:04 2026 Sending: MEClientRequest  [  Type: NEW Client: 5 Ticker: 1 Order id : 5386 Side: SELL Qty: 80 Price: 169 ] .
../trading/strategy/trade_engine.cpp:108 sendClientRequest() Thu Apr  9 18:49:04 2026 Sending: MEClientRequest  [  Type: CANCEL Client: 5 Ticker: 1 Order id : 5178 Side: SELL Qty: 87 Price: 173 ] .
../trading/strategy/trade_engine.cpp:108 sendClientRequest() Thu Apr  9 18:49:04 2026 Sending: MEClientRequest  [  Type: NEW Client: 5 Ticker: 0 Order id : 5387 Side: SELL Qty: 12 Price: 181 ] .
../trading/strategy/trade_engine.cpp:108 sendClientRequest() Thu Apr  9 18:49:04 2026 Sending: MEClientRequest  [  Type: CANCEL Client: 5 Ticker: 3 Order id : 5265 Side: SELL Qty: 15 Price: 176 ] .
../trading/strategy/trade_engine.cpp:108 sendClientRequest() Thu Apr  9 18:49:04 2026 Sending: MEClientRequest  [  Type: NEW Client: 5 Ticker: 0 Order id : 5388 Side: SELL Qty: 80 Price: 178 ] .
../trading/strategy/trade_engine.cpp:108 sendClientRequest() Thu Apr  9 18:49:05 2026 Sending: MEClientRequest  [  Type: CANCEL Client: 5 Ticker: 3 Order id : 5203 Side: SELL Qty: 20 Price: 182 ] .
../trading/strategy/trade_engine.cpp:108 sendClientRequest() Thu Apr  9 18:49:05 2026 Sending: MEClientRequest  [  Type: NEW Client: 5 Ticker: 1 Order id : 5389 Side: BUY Qty: 15 Price: 166 ] .
../trading/strategy/trade_engine.cpp:108 sendClientRequest() Thu Apr  9 18:49:05 2026 Sending: MEClientRequest  [  Type: CANCEL Client: 5 Ticker: 1 Order id : 5162 Side: SELL Qty: 94 Price: 166 ] .
../trading/strategy/trade_engine.cpp:108 sendClientRequest() Thu Apr  9 18:49:05 2026 Sending: MEClientRequest  [  Type: NEW Client: 5 Ticker: 2 Order id : 5390 Side: SELL Qty: 80 Price: 113 ] .
../trading/strategy/trade_engine.cpp:108 sendClientRequest() Thu Apr  9 18:49:05 2026 Sending: MEClientRequest  [  Type: CANCEL Client: 5 Ticker: 0 Order id : 5238 Side: BUY Qty: 36 Price: 177 ] .
../trading/strategy/trade_engine.cpp:108 sendClientRequest() Thu Apr  9 18:49:05 2026 Sending: MEClientRequest  [  Type: NEW Client: 5 Ticker: 2 Order id : 5391 Side: BUY Qty: 91 Price: 112 ] .
../trading/strategy/trade_engine.cpp:108 sendClientRequest() Thu Apr  9 18:49:05 2026 Sending: MEClientRequest  [  Type: CANCEL Client: 5 Ticker: 2 Order id : 5177 Side: SELL Qty: 32 Price: 113 ] .
../trading/strategy/trade_engine.cpp:108 sendClientRequest() Thu Apr  9 18:49:05 2026 Sending: MEClientRequest  [  Type: NEW Client: 5 Ticker: 0 Order id : 5392 Side: SELL Qty: 6 Price: 176 ] .
../trading/strategy/trade_engine.cpp:108 sendClientRequest() Thu Apr  9 18:49:05 2026 Sending: MEClientRequest  [  Type: CANCEL Client: 5 Ticker: 3 Order id : 5190 Side: SELL Qty: 100 Price: 179 ] .
../trading/strategy/trade_engine.cpp:108 sendClientRequest() Thu Apr  9 18:49:05 2026 Sending: MEClientRequest  [  Type: NEW Client: 5 Ticker: 3 Order id : 5393 Side: SELL Qty: 70 Price: 178 ] .
../trading/strategy/trade_engine.cpp:108 sendClientRequest() Thu Apr  9 18:49:06 2026 Sending: MEClientRequest  [  Type: CANCEL Client: 5 Ticker: 3 Order id : 5301 Side: BUY Qty: 3 Price: 174 ] .
../trading/strategy/trade_engine.cpp:108 sendClientRequest() Thu Apr  9 18:49:06 2026 Sending: MEClientRequest  [  Type: NEW Client: 5 Ticker: 1 Order id : 5394 Side: BUY Qty: 39 Price: 172 ] .
../trading/strategy/trade_engine.cpp:108 sendClientRequest() Thu Apr  9 18:49:06 2026 Sending: MEClientRequest  [  Type: CANCEL Client: 5 Ticker: 2 Order id : 5187 Side: SELL Qty: 2 Price: 114 ] .
../trading/strategy/trade_engine.cpp:108 sendClientRequest() Thu Apr  9 18:49:06 2026 Sending: MEClientRequest  [  Type: NEW Client: 5 Ticker: 3 Order id : 5395 Side: SELL Qty: 11 Price: 175 ] .
../trading/strategy/trade_engine.cpp:108 sendClientRequest() Thu Apr  9 18:49:06 2026 Sending: MEClientRequest  [  Type: CANCEL Client: 5 Ticker: 1 Order id : 5097 Side: BUY Qty: 22 Price: 174 ] .
../trading/strategy/trade_engine.cpp:108 sendClientRequest() Thu Apr  9 18:49:06 2026 Sending: MEClientRequest  [  Type: NEW Client: 5 Ticker: 3 Order id : 5396 Side: BUY Qty: 23 Price: 177 ] .
../trading/strategy/trade_engine.cpp:108 sendClientRequest() Thu Apr  9 18:49:06 2026 Sending: MEClientRequest  [  Type: CANCEL Client: 5 Ticker: 2 Order id : 5063 Side: SELL Qty: 81 Price: 116 ] .
../trading/strategy/trade_engine.cpp:108 sendClientRequest() Thu Apr  9 18:49:06 2026 Sending: MEClientRequest  [  Type: NEW Client: 5 Ticker: 0 Order id : 5397 Side: BUY Qty: 38 Price: 181 ] .
../trading/strategy/trade_engine.cpp:108 sendClientRequest() Thu Apr  9 18:49:06 2026 Sending: MEClientRequest  [  Type: CANCEL Client: 5 Ticker: 3 Order id : 5004 Side: BUY Qty: 85 Price: 173 ] .
../trading/strategy/trade_engine.cpp:108 sendClientRequest() Thu Apr  9 18:49:06 2026 Sending: MEClientRequest  [  Type: NEW Client: 5 Ticker: 1 Order id : 5398 Side: BUY Qty: 81 Price: 173 ] .
../trading/strategy/trade_engine.cpp:108 sendClientRequest() Thu Apr  9 18:49:07 2026 Sending: MEClientRequest  [  Type: CANCEL Client: 5 Ticker: 3 Order id : 5377 Side: SELL Qty: 72 Price: 178 ] .
../trading/strategy/trade_engine.cpp:108 sendClientRequest() Thu Apr  9 18:49:07 2026 Sending: MEClientRequest  [  Type: NEW Client: 5 Ticker: 2 Order id : 5399 Side: SELL Qty: 57 Price: 111 ] .
../trading/strategy/trade_engine.cpp:108 sendClientRequest() Thu Apr  9 18:49:07 2026 Sending: MEClientRequest  [  Type: CANCEL Client: 5 Ticker: 1 Order id : 5062 Side: BUY Qty: 73 Price: 171 ] .
../trading/strategy/trade_engine.cpp:108 sendClientRequest() Thu Apr  9 18:49:07 2026 Sending: MEClientRequest  [  Type: NEW Client: 5 Ticker: 2 Order id : 5400 Side: BUY Qty: 3 Price: 118 ] .
../trading/strategy/trade_engine.cpp:108 sendClientRequest() Thu Apr  9 18:49:07 2026 Sending: MEClientRequest  [  Type: CANCEL Client: 5 Ticker: 2 Order id : 5227 Side: BUY Qty: 44 Price: 118 ] .
../trading/strategy/trade_engine.cpp:108 sendClientRequest() Thu Apr  9 18:49:07 2026 Sending: MEClientRequest  [  Type: NEW Client: 5 Ticker: 0 Order id : 5401 Side: BUY Qty: 88 Price: 183 ] .
../trading/strategy/trade_engine.cpp:108 sendClientRequest() Thu Apr  9 18:49:07 2026 Sending: MEClientRequest  [  Type: CANCEL Client: 5 Ticker: 3 Order id : 5027 Side: BUY Qty: 23 Price: 177 ] .
../trading/strategy/trade_engine.cpp:108 sendClientRequest() Thu Apr  9 18:49:07 2026 Sending: MEClientRequest  [  Type: NEW Client: 5 Ticker: 3 Order id : 5402 Side: SELL Qty: 28 Price: 175 ] .
../trading/strategy/trade_engine.cpp:108 sendClientRequest() Thu Apr  9 18:49:07 2026 Sending: MEClientRequest  [  Type: CANCEL Client: 5 Ticker: 0 Order id : 5154 Side: SELL Qty: 42 Price: 183 ] .
../trading/strategy/trade_engine.cpp:108 sendClientRequest() Thu Apr  9 18:49:07 2026 Sending: MEClientRequest  [  Type: NEW Client: 5 Ticker: 2 Order id : 5403 Side: SELL Qty: 10 Price: 116 ] .
../trading/strategy/trade_engine.cpp:108 sendClientRequest() Thu Apr  9 18:49:08 2026 Sending: MEClientRequest  [  Type: CANCEL Client: 5 Ticker: 0 Order id : 5246 Side: BUY Qty: 58 Price: 184 ] .
../trading/strategy/trade_engine.cpp:108 sendClientRequest() Thu Apr  9 18:49:08 2026 Sending: MEClientRequest  [  Type: NEW Client: 5 Ticker: 0 Order id : 5404 Side: BUY Qty: 14 Price: 179 ] .
../trading/strategy/trade_engine.cpp:108 sendClientRequest() Thu Apr  9 18:49:08 2026 Sending: MEClientRequest  [  Type: CANCEL Client: 5 Ticker: 1 Order id : 5321 Side: BUY Qty: 61 Price: 171 ] .
../trading/strategy/trade_engine.cpp:108 sendClientRequest() Thu Apr  9 18:49:08 2026 Sending: MEClientRequest  [  Type: NEW Client: 5 Ticker: 0 Order id : 5405 Side: BUY Qty: 91 Price: 177 ] .
../trading/strategy/trade_engine.cpp:108 sendClientRequest() Thu Apr  9 18:49:08 2026 Sending: MEClientRequest  [  Type: CANCEL Client: 5 Ticker: 2 Order id : 5251 Side: SELL Qty: 47 Price: 112 ] .
../trading/strategy/trade_engine.cpp:108 sendClientRequest() Thu Apr  9 18:49:08 2026 Sending: MEClientRequest  [  Type: NEW Client: 5 Ticker: 3 Order id : 5406 Side: SELL Qty: 24 Price: 182 ] .
../trading/strategy/trade_engine.cpp:108 sendClientRequest() Thu Apr  9 18:49:08 2026 Sending: MEClientRequest  [  Type: CANCEL Client: 5 Ticker: 3 Order id : 5393 Side: SELL Qty: 70 Price: 178 ] .
../trading/strategy/trade_engine.cpp:108 sendClientRequest() Thu Apr  9 18:49:08 2026 Sending: MEClientRequest  [  Type: NEW Client: 5 Ticker: 0 Order id : 5407 Side: SELL Qty: 69 Price: 180 ] .
../trading/strategy/trade_engine.cpp:108 sendClientRequest() Thu Apr  9 18:49:08 2026 Sending: MEClientRequest  [  Type: CANCEL Client: 5 Ticker: 3 Order id : 5253 Side: SELL Qty: 12 Price: 179 ] .
../trading/strategy/trade_engine.cpp:108 sendClientRequest() Thu Apr  9 18:49:08 2026 Sending: MEClientRequest  [  Type: NEW Client: 5 Ticker: 3 Order id : 5408 Side: BUY Qty: 67 Price: 174 ] .
../trading/strategy/trade_engine.cpp:108 sendClientRequest() Thu Apr  9 18:49:09 2026 Sending: MEClientRequest  [  Type: CANCEL Client: 5 Ticker: 2 Order id : 5257 Side: BUY Qty: 51 Price: 114 ] .
../trading/strategy/trade_engine.cpp:108 sendClientRequest() Thu Apr  9 18:49:09 2026 Sending: MEClientRequest  [  Type: NEW Client: 5 Ticker: 2 Order id : 5409 Side: SELL Qty: 81 Price: 120 ] .
../trading/strategy/trade_engine.cpp:108 sendClientRequest() Thu Apr  9 18:49:09 2026 Sending: MEClientRequest  [  Type: CANCEL Client: 5 Ticker: 3 Order id : 5336 Side: SELL Qty: 22 Price: 180 ] .
../trading/strategy/trade_engine.cpp:108 sendClientRequest() Thu Apr  9 18:49:09 2026 Sending: MEClientRequest  [  Type: NEW Client: 5 Ticker: 1 Order id : 5410 Side: BUY Qty: 43 Price: 175 ] .
../trading/strategy/trade_engine.cpp:108 sendClientRequest() Thu Apr  9 18:49:09 2026 Sending: MEClientRequest  [  Type: CANCEL Client: 5 Ticker: 3 Order id : 5284 Side: SELL Qty: 25 Price: 180 ] .
../trading/strategy/trade_engine.cpp:108 sendClientRequest() Thu Apr  9 18:49:09 2026 Sending: MEClientRequest  [  Type: NEW Client: 5 Ticker: 2 Order id : 5411 Side: BUY Qty: 74 Price: 120 ] .
../trading/strategy/trade_engine.cpp:108 sendClientRequest() Thu Apr  9 18:49:09 2026 Sending: MEClientRequest  [  Type: CANCEL Client: 5 Ticker: 3 Order id : 5048 Side: SELL Qty: 8 Price: 182 ] .
../trading/strategy/trade_engine.cpp:108 sendClientRequest() Thu Apr  9 18:49:09 2026 Sending: MEClientRequest  [  Type: NEW Client: 5 Ticker: 3 Order id : 5412 Side: SELL Qty: 91 Price: 175 ] .
../trading/strategy/trade_engine.cpp:108 sendClientRequest() Thu Apr  9 18:49:09 2026 Sending: MEClientRequest  [  Type: CANCEL Client: 5 Ticker: 3 Order id : 5396 Side: BUY Qty: 23 Price: 177 ] .
../trading/strategy/trade_engine.cpp:108 sendClientRequest() Thu Apr  9 18:49:09 2026 Sending: MEClientRequest  [  Type: NEW Client: 5 Ticker: 2 Order id : 5413 Side: BUY Qty: 85 Price: 119 ] .
../trading/strategy/trade_engine.cpp:108 sendClientRequest() Thu Apr  9 18:49:10 2026 Sending: MEClientRequest  [  Type: CANCEL Client: 5 Ticker: 0 Order id : 5165 Side: BUY Qty: 39 Price: 184 ] .
../trading/strategy/trade_engine.cpp:108 sendClientRequest() Thu Apr  9 18:49:10 2026 Sending: MEClientRequest  [  Type: NEW Client: 5 Ticker: 1 Order id : 5414 Side: SELL Qty: 48 Price: 166 ] .
../trading/strategy/trade_engine.cpp:108 sendClientRequest() Thu Apr  9 18:49:10 2026 Sending: MEClientRequest  [  Type: CANCEL Client: 5 Ticker: 3 Order id : 5254 Side: BUY Qty: 51 Price: 173 ] .
../trading/strategy/trade_engine.cpp:108 sendClientRequest() Thu Apr  9 18:49:10 2026 Sending: MEClientRequest  [  Type: NEW Client: 5 Ticker: 0 Order id : 5415 Side: BUY Qty: 11 Price: 181 ] .
../trading/strategy/trade_engine.cpp:108 sendClientRequest() Thu Apr  9 18:49:10 2026 Sending: MEClientRequest  [  Type: CANCEL Client: 5 Ticker: 3 Order id : 5035 Side: SELL Qty: 27 Price: 173 ] .
../trading/strategy/trade_engine.cpp:108 sendClientRequest() Thu Apr  9 18:49:10 2026 Sending: MEClientRequest  [  Type: NEW Client: 5 Ticker: 3 Order id : 5416 Side: SELL Qty: 28 Price: 174 ] .
../trading/strategy/trade_engine.cpp:108 sendClientRequest() Thu Apr  9 18:49:10 2026 Sending: MEClientRequest  [  Type: CANCEL Client: 5 Ticker: 0 Order id : 5030 Side: SELL Qty: 71 Price: 176 ] .
../trading/strategy/trade_engine.cpp:108 sendClientRequest() Thu Apr  9 18:49:10 2026 Sending: MEClientRequest  [  Type: NEW Client: 5 Ticker: 1 Order id : 5417 Side: BUY Qty: 42 Price: 174 ] .
../trading/strategy/trade_engine.cpp:108 sendClientRequest() Thu Apr  9 18:49:10 2026 Sending: MEClientRequest  [  Type: CANCEL Client: 5 Ticker: 1 Order id : 5007 Side: BUY Qty: 39 Price: 169 ] .
../trading/strategy/trade_engine.cpp:108 sendClientRequest() Thu Apr  9 18:49:10 2026 Sending: MEClientRequest  [  Type: NEW Client: 5 Ticker: 0 Order id : 5418 Side: SELL Qty: 34 Price: 180 ] .
../trading/strategy/trade_engine.cpp:108 sendClientRequest() Thu Apr  9 18:49:11 2026 Sending: MEClientRequest  [  Type: CANCEL Client: 5 Ticker: 0 Order id : 5418 Side: SELL Qty: 34 Price: 180 ] .
../trading/strategy/trade_engine.cpp:108 sendClientRequest() Thu Apr  9 18:49:11 2026 Sending: MEClientRequest  [  Type: NEW Client: 5 Ticker: 3 Order id : 5419 Side: SELL Qty: 35 Price: 175 ] .
../trading/strategy/trade_engine.cpp:108 sendClientRequest() Thu Apr  9 18:49:11 2026 Sending: MEClientRequest  [  Type: CANCEL Client: 5 Ticker: 0 Order id : 5093 Side: SELL Qty: 46 Price: 177 ] .
../trading/strategy/trade_engine.cpp:108 sendClientRequest() Thu Apr  9 18:49:11 2026 Sending: MEClientRequest  [  Type: NEW Client: 5 Ticker: 2 Order id : 5420 Side: SELL Qty: 56 Price: 116 ] .
../trading/strategy/trade_engine.cpp:108 sendClientRequest() Thu Apr  9 18:49:11 2026 Sending: MEClientRequest  [  Type: CANCEL Client: 5 Ticker: 1 Order id : 5304 Side: BUY Qty: 15 Price: 167 ] .
../trading/strategy/trade_engine.cpp:108 sendClientRequest() Thu Apr  9 18:49:11 2026 Sending: MEClientRequest  [  Type: NEW Client: 5 Ticker: 3 Order id : 5421 Side: SELL Qty: 21 Price: 176 ] .
../trading/strategy/trade_engine.cpp:108 sendClientRequest() Thu Apr  9 18:49:11 2026 Sending: MEClientRequest  [  Type: CANCEL Client: 5 Ticker: 2 Order id : 5318 Side: BUY Qty: 70 Price: 120 ] .
../trading/strategy/trade_engine.cpp:108 sendClientRequest() Thu Apr  9 18:49:11 2026 Sending: MEClientRequest  [  Type: NEW Client: 5 Ticker: 2 Order id : 5422 Side: BUY Qty: 55 Price: 112 ] .
../trading/strategy/trade_engine.cpp:108 sendClientRequest() Thu Apr  9 18:49:11 2026 Sending: MEClientRequest  [  Type: CANCEL Client: 5 Ticker: 0 Order id : 5273 Side: BUY Qty: 16 Price: 179 ] .
../trading/strategy/trade_engine.cpp:108 sendClientRequest() Thu Apr  9 18:49:11 2026 Sending: MEClientRequest  [  Type: NEW Client: 5 Ticker: 0 Order id : 5423 Side: SELL Qty: 72 Price: 176 ] .
../trading/strategy/trade_engine.cpp:108 sendClientRequest() Thu Apr  9 18:49:12 2026 Sending: MEClientRequest  [  Type: CANCEL Client: 5 Ticker: 0 Order id : 5311 Side: SELL Qty: 50 Price: 181 ] .
../trading/strategy/trade_engine.cpp:108 sendClientRequest() Thu Apr  9 18:49:12 2026 Sending: MEClientRequest  [  Type: NEW Client: 5 Ticker: 0 Order id : 5424 Side: SELL Qty: 33 Price: 182 ] .
../trading/strategy/trade_engine.cpp:108 sendClientRequest() Thu Apr  9 18:49:12 2026 Sending: MEClientRequest  [  Type: CANCEL Client: 5 Ticker: 2 Order id : 5375 Side: BUY Qty: 69 Price: 116 ] .
../trading/strategy/trade_engine.cpp:108 sendClientRequest() Thu Apr  9 18:49:12 2026 Sending: MEClientRequest  [  Type: NEW Client: 5 Ticker: 2 Order id : 5425 Side: BUY Qty: 56 Price: 116 ] .
../trading/strategy/trade_engine.cpp:108 sendClientRequest() Thu Apr  9 18:49:12 2026 Sending: MEClientRequest  [  Type: CANCEL Client: 5 Ticker: 0 Order id : 5085 Side: SELL Qty: 77 Price: 176 ] .
../trading/strategy/trade_engine.cpp:108 sendClientRequest() Thu Apr  9 18:49:12 2026 Sending: MEClientRequest  [  Type: NEW Client: 5 Ticker: 0 Order id : 5426 Side: SELL Qty: 23 Price: 177 ] .
../trading/strategy/trade_engine.cpp:108 sendClientRequest() Thu Apr  9 18:49:12 2026 Sending: MEClientRequest  [  Type: CANCEL Client: 5 Ticker: 3 Order id : 5351 Side: SELL Qty: 48 Price: 182 ] .
../trading/strategy/trade_engine.cpp:108 sendClientRequest() Thu Apr  9 18:49:12 2026 Sending: MEClientRequest  [  Type: NEW Client: 5 Ticker: 3 Order id : 5427 Side: SELL Qty: 60 Price: 180 ] .
../trading/strategy/trade_engine.cpp:108 sendClientRequest() Thu Apr  9 18:49:12 2026 Sending: MEClientRequest  [  Type: CANCEL Client: 5 Ticker: 2 Order id : 5138 Side: SELL Qty: 30 Price: 120 ] .
../trading/strategy/trade_engine.cpp:108 sendClientRequest() Thu Apr  9 18:49:12 2026 Sending: MEClientRequest  [  Type: NEW Client: 5 Ticker: 3 Order id : 5428 Side: SELL Qty: 15 Price: 173 ] .
../trading/strategy/trade_engine.cpp:108 sendClientRequest() Thu Apr  9 18:49:13 2026 Sending: MEClientRequest  [  Type: CANCEL Client: 5 Ticker: 0 Order id : 5358 Side: SELL Qty: 62 Price: 178 ] .
../trading/strategy/trade_engine.cpp:108 sendClientRequest() Thu Apr  9 18:49:13 2026 Sending: MEClientRequest  [  Type: NEW Client: 5 Ticker: 1 Order id : 5429 Side: SELL Qty: 37 Price: 166 ] .
../trading/strategy/trade_engine.cpp:108 sendClientRequest() Thu Apr  9 18:49:13 2026 Sending: MEClientRequest  [  Type: CANCEL Client: 5 Ticker: 3 Order id : 5336 Side: SELL Qty: 22 Price: 180 ] .
../trading/strategy/trade_engine.cpp:108 sendClientRequest() Thu Apr  9 18:49:13 2026 Sending: MEClientRequest  [  Type: NEW Client: 5 Ticker: 2 Order id : 5430 Side: SELL Qty: 95 Price: 117 ] .
../trading/strategy/trade_engine.cpp:108 sendClientRequest() Thu Apr  9 18:49:13 2026 Sending: MEClientRequest  [  Type: CANCEL Client: 5 Ticker: 1 Order id : 5110 Side: BUY Qty: 30 Price: 170 ] .
../trading/strategy/trade_engine.cpp:108 sendClientRequest() Thu Apr  9 18:49:13 2026 Sending: MEClientRequest  [  Type: NEW Client: 5 Ticker: 3 Order id : 5431 Side: SELL Qty: 89 Price: 179 ] .
../trading/strategy/trade_engine.cpp:108 sendClientRequest() Thu Apr  9 18:49:13 2026 Sending: MEClientRequest  [  Type: CANCEL Client: 5 Ticker: 3 Order id : 5091 Side: SELL Qty: 77 Price: 181 ] .
../trading/strategy/trade_engine.cpp:108 sendClientRequest() Thu Apr  9 18:49:13 2026 Sending: MEClientRequest  [  Type: NEW Client: 5 Ticker: 0 Order id : 5432 Side: BUY Qty: 14 Price: 184 ] .
../trading/strategy/trade_engine.cpp:108 sendClientRequest() Thu Apr  9 18:49:13 2026 Sending: MEClientRequest  [  Type: CANCEL Client: 5 Ticker: 3 Order id : 5275 Side: BUY Qty: 7 Price: 173 ] .
../trading/strategy/trade_engine.cpp:108 sendClientRequest() Thu Apr  9 18:49:13 2026 Sending: MEClientRequest  [  Type: NEW Client: 5 Ticker: 1 Order id : 5433 Side: SELL Qty: 19 Price: 172 ] .
../trading/strategy/trade_engine.cpp:108 sendClientRequest() Thu Apr  9 18:49:14 2026 Sending: MEClientRequest  [  Type: CANCEL Client: 5 Ticker: 1 Order id : 5056 Side: BUY Qty: 2 Price: 175 ] .
../trading/strategy/trade_engine.cpp:108 sendClientRequest() Thu Apr  9 18:49:14 2026 Sending: MEClientRequest  [  Type: NEW Client: 5 Ticker: 3 Order id : 5434 Side: BUY Qty: 5 Price: 182 ] .
../trading/strategy/trade_engine.cpp:108 sendClientRequest() Thu Apr  9 18:49:14 2026 Sending: MEClientRequest  [  Type: CANCEL Client: 5 Ticker: 0 Order id : 5270 Side: BUY Qty: 17 Price: 177 ] .
../trading/strategy/trade_engine.cpp:108 sendClientRequest() Thu Apr  9 18:49:14 2026 Sending: MEClientRequest  [  Type: NEW Client: 5 Ticker: 0 Order id : 5435 Side: SELL Qty: 98 Price: 176 ] .
../trading/strategy/trade_engine.cpp:108 sendClientRequest() Thu Apr  9 18:49:14 2026 Sending: MEClientRequest  [  Type: CANCEL Client: 5 Ticker: 1 Order id : 5110 Side: BUY Qty: 30 Price: 170 ] .
../trading/strategy/trade_engine.cpp:108 sendClientRequest() Thu Apr  9 18:49:14 2026 Sending: MEClientRequest  [  Type: NEW Client: 5 Ticker: 0 Order id : 5436 Side: BUY Qty: 36 Price: 178 ] .
../trading/strategy/trade_engine.cpp:108 sendClientRequest() Thu Apr  9 18:49:14 2026 Sending: MEClientRequest  [  Type: CANCEL Client: 5 Ticker: 1 Order id : 5178 Side: SELL Qty: 87 Price: 173 ] .
../trading/strategy/trade_engine.cpp:108 sendClientRequest() Thu Apr  9 18:49:14 2026 Sending: MEClientRequest  [  Type: NEW Client: 5 Ticker: 2 Order id : 5437 Side: BUY Qty: 82 Price: 114 ] .
../trading/strategy/trade_engine.cpp:108 sendClientRequest() Thu Apr  9 18:49:14 2026 Sending: MEClientRequest  [  Type: CANCEL Client: 5 Ticker: 1 Order id : 5047 Side: SELL Qty: 10 Price: 167 ] .
../trading/strategy/trade_engine.cpp:108 sendClientRequest() Thu Apr  9 18:49:14 2026 Sending: MEClientRequest  [  Type: NEW Client: 5 Ticker: 3 Order id : 5438 Side: BUY Qty: 15 Price: 179 ] .
../trading/strategy/trade_engine.cpp:108 sendClientRequest() Thu Apr  9 18:49:15 2026 Sending: MEClientRequest  [  Type: CANCEL Client: 5 Ticker: 1 Order id : 5164 Side: SELL Qty: 50 Price: 166 ] .
../trading/strategy/trade_engine.cpp:108 sendClientRequest() Thu Apr  9 18:49:15 2026 Sending: MEClientRequest  [  Type: NEW Client: 5 Ticker: 1 Order id : 5439 Side: SELL Qty: 98 Price: 167 ] .
../trading/strategy/trade_engine.cpp:108 sendClientRequest() Thu Apr  9 18:49:15 2026 Sending: MEClientRequest  [  Type: CANCEL Client: 5 Ticker: 0 Order id : 5309 Side: BUY Qty: 16 Price: 184 ] .
../trading/strategy/trade_engine.cpp:108 sendClientRequest() Thu Apr  9 18:49:15 2026 Sending: MEClientRequest  [  Type: NEW Client: 5 Ticker: 2 Order id : 5440 Side: BUY Qty: 22 Price: 115 ] .
../trading/strategy/trade_engine.cpp:108 sendClientRequest() Thu Apr  9 18:49:15 2026 Sending: MEClientRequest  [  Type: CANCEL Client: 5 Ticker: 2 Order id : 5187 Side: SELL Qty: 2 Price: 114 ] .
../trading/strategy/trade_engine.cpp:108 sendClientRequest() Thu Apr  9 18:49:15 2026 Sending: MEClientRequest  [  Type: NEW Client: 5 Ticker: 3 Order id : 5441 Side: BUY Qty: 75 Price: 179 ] .
../trading/strategy/trade_engine.cpp:108 sendClientRequest() Thu Apr  9 18:49:15 2026 Sending: MEClientRequest  [  Type: CANCEL Client: 5 Ticker: 2 Order id : 5020 Side: SELL Qty: 38 Price: 113 ] .
../trading/strategy/trade_engine.cpp:108 sendClientRequest() Thu Apr  9 18:49:15 2026 Sending: MEClientRequest  [  Type: NEW Client: 5 Ticker: 0 Order id : 5442 Side: SELL Qty: 30 Price: 180 ] .
../trading/strategy/trade_engine.cpp:108 sendClientRequest() Thu Apr  9 18:49:15 2026 Sending: MEClientRequest  [  Type: CANCEL Client: 5 Ticker: 1 Order id : 5385 Side: BUY Qty: 9 Price: 172 ] .
../trading/strategy/trade_engine.cpp:108 sendClientRequest() Thu Apr  9 18:49:15 2026 Sending: MEClientRequest  [  Type: NEW Client: 5 Ticker: 1 Order id : 5443 Side: BUY Qty: 68 Price: 171 ] .
../trading/strategy/trade_engine.cpp:108 sendClientRequest() Thu Apr  9 18:49:16 2026 Sending: MEClientRequest  [  Type: CANCEL Client: 5 Ticker: 1 Order id : 5098 Side: SELL Qty: 33 Price: 169 ] .
../trading/strategy/trade_engine.cpp:108 sendClientRequest() Thu Apr  9 18:49:16 2026 Sending: MEClientRequest  [  Type: NEW Client: 5 Ticker: 1 Order id : 5444 Side: SELL Qty: 78 Price: 169 ] .
../trading/strategy/trade_engine.cpp:108 sendClientRequest() Thu Apr  9 18:49:16 2026 Sending: MEClientRequest  [  Type: CANCEL Client: 5 Ticker: 2 Order id : 5043 Side: BUY Qty: 92 Price: 114 ] .
../trading/strategy/trade_engine.cpp:108 sendClientRequest() Thu Apr  9 18:49:16 2026 Sending: MEClientRequest  [  Type: NEW Client: 5 Ticker: 0 Order id : 5445 Side: SELL Qty: 91 Price: 185 ] .
../trading/strategy/trade_engine.cpp:108 sendClientRequest() Thu Apr  9 18:49:16 2026 Sending: MEClientRequest  [  Type: CANCEL Client: 5 Ticker: 0 Order id : 5388 Side: SELL Qty: 80 Price: 178 ] .
../trading/strategy/trade_engine.cpp:108 sendClientRequest() Thu Apr  9 18:49:16 2026 Sending: MEClientRequest  [  Type: NEW Client: 5 Ticker: 2 Order id : 5446 Side: SELL Qty: 90 Price: 117 ] .
../trading/strategy/trade_engine.cpp:108 sendClientRequest() Thu Apr  9 18:49:16 2026 Sending: MEClientRequest  [  Type: CANCEL Client: 5 Ticker: 1 Order id : 5417 Side: BUY Qty: 42 Price: 174 ] .
../trading/strategy/trade_engine.cpp:108 sendClientRequest() Thu Apr  9 18:49:16 2026 Sending: MEClientRequest  [  Type: NEW Client: 5 Ticker: 3 Order id : 5447 Side: SELL Qty: 20 Price: 181 ] .
../trading/strategy/trade_engine.cpp:108 sendClientRequest() Thu Apr  9 18:49:16 2026 Sending: MEClientRequest  [  Type: CANCEL Client: 5 Ticker: 0 Order id : 5237 Side: BUY Qty: 97 Price: 180 ] .
../trading/strategy/trade_engine.cpp:108 sendClientRequest() Thu Apr  9 18:49:16 2026 Sending: MEClientRequest  [  Type: NEW Client: 5 Ticker: 0 Order id : 5448 Side: SELL Qty: 67 Price: 182 ] .
../trading/strategy/trade_engine.cpp:108 sendClientRequest() Thu Apr  9 18:49:17 2026 Sending: MEClientRequest  [  Type: CANCEL Client: 5 Ticker: 1 Order id : 5119 Side: SELL Qty: 65 Price: 174 ] .
../trading/strategy/trade_engine.cpp:108 sendClientRequest() Thu Apr  9 18:49:17 2026 Sending: MEClientRequest  [  Type: NEW Client: 5 Ticker: 3 Order id : 5449 Side: BUY Qty: 74 Price: 176 ] .
../trading/strategy/trade_engine.cpp:108 sendClientRequest() Thu Apr  9 18:49:17 2026 Sending: MEClientRequest  [  Type: CANCEL Client: 5 Ticker: 1 Order id : 5295 Side: BUY Qty: 2 Price: 173 ] .
../trading/strategy/trade_engine.cpp:108 sendClientRequest() Thu Apr  9 18:49:17 2026 Sending: MEClientRequest  [  Type: NEW Client: 5 Ticker: 2 Order id : 5450 Side: BUY Qty: 2 Price: 112 ] .
../trading/strategy/trade_engine.cpp:108 sendClientRequest() Thu Apr  9 18:49:17 2026 Sending: MEClientRequest  [  Type: CANCEL Client: 5 Ticker: 1 Order id : 5103 Side: SELL Qty: 46 Price: 170 ] .
../trading/strategy/trade_engine.cpp:108 sendClientRequest() Thu Apr  9 18:49:17 2026 Sending: MEClientRequest  [  Type: NEW Client: 5 Ticker: 0 Order id : 5451 Side: SELL Qty: 79 Price: 177 ] .
../trading/strategy/trade_engine.cpp:108 sendClientRequest() Thu Apr  9 18:49:17 2026 Sending: MEClientRequest  [  Type: CANCEL Client: 5 Ticker: 0 Order id : 5207 Side: SELL Qty: 17 Price: 181 ] .
../trading/strategy/trade_engine.cpp:108 sendClientRequest() Thu Apr  9 18:49:17 2026 Sending: MEClientRequest  [  Type: NEW Client: 5 Ticker: 3 Order id : 5452 Side: BUY Qty: 75 Price: 175 ] .
../trading/strategy/trade_engine.cpp:108 sendClientRequest() Thu Apr  9 18:49:17 2026 Sending: MEClientRequest  [  Type: CANCEL Client: 5 Ticker: 2 Order id : 5104 Side: BUY Qty: 28 Price: 120 ] .
../trading/strategy/trade_engine.cpp:108 sendClientRequest() Thu Apr  9 18:49:17 2026 Sending: MEClientRequest  [  Type: NEW Client: 5 Ticker: 1 Order id : 5453 Side: BUY Qty: 15 Price: 166 ] .
../trading/strategy/trade_engine.cpp:108 sendClientRequest() Thu Apr  9 18:49:18 2026 Sending: MEClientRequest  [  Type: CANCEL Client: 5 Ticker: 3 Order id : 5324 Side: BUY Qty: 28 Price: 176 ] .
../trading/strategy/trade_engine.cpp:108 sendClientRequest() Thu Apr  9 18:49:18 2026 Sending: MEClientRequest  [  Type: NEW Client: 5 Ticker: 2 Order id : 5454 Side: SELL Qty: 61 Price: 116 ] .
../trading/strategy/trade_engine.cpp:108 sendClientRequest() Thu Apr  9 18:49:18 2026 Sending: MEClientRequest  [  Type: CANCEL Client: 5 Ticker: 3 Order id : 5048 Side: SELL Qty: 8 Price: 182 ] .
../trading/strategy/trade_engine.cpp:108 sendClientRequest() Thu Apr  9 18:49:18 2026 Sending: MEClientRequest  [  Type: NEW Client: 5 Ticker: 2 Order id : 5455 Side: SELL Qty: 43 Price: 114 ] .
../trading/strategy/trade_engine.cpp:108 sendClientRequest() Thu Apr  9 18:49:18 2026 Sending: MEClientRequest  [  Type: CANCEL Client: 5 Ticker: 3 Order id : 5180 Side: SELL Qty: 77 Price: 178 ] .
../trading/strategy/trade_engine.cpp:108 sendClientRequest() Thu Apr  9 18:49:18 2026 Sending: MEClientRequest  [  Type: NEW Client: 5 Ticker: 0 Order id : 5456 Side: SELL Qty: 45 Price: 178 ] .
../trading/strategy/trade_engine.cpp:108 sendClientRequest() Thu Apr  9 18:49:18 2026 Sending: MEClientRequest  [  Type: CANCEL Client: 5 Ticker: 2 Order id : 5299 Side: SELL Qty: 68 Price: 118 ] .
../trading/strategy/trade_engine.cpp:108 sendClientRequest() Thu Apr  9 18:49:18 2026 Sending: MEClientRequest  [  Type: NEW Client: 5 Ticker: 1 Order id : 5457 Side: SELL Qty: 88 Price: 167 ] .
../trading/strategy/trade_engine.cpp:108 sendClientRequest() Thu Apr  9 18:49:18 2026 Sending: MEClientRequest  [  Type: CANCEL Client: 5 Ticker: 0 Order id : 5287 Side: BUY Qty: 66 Price: 184 ] .
../trading/strategy/trade_engine.cpp:108 sendClientRequest() Thu Apr  9 18:49:18 2026 Sending: MEClientRequest  [  Type: NEW Client: 5 Ticker: 1 Order id : 5458 Side: BUY Qty: 69 Price: 167 ] .
../trading/strategy/trade_engine.cpp:108 sendClientRequest() Thu Apr  9 18:49:19 2026 Sending: MEClientRequest  [  Type: CANCEL Client: 5 Ticker: 2 Order id : 5133 Side: BUY Qty: 31 Price: 111 ] .
../trading/strategy/trade_engine.cpp:108 sendClientRequest() Thu Apr  9 18:49:19 2026 Sending: MEClientRequest  [  Type: NEW Client: 5 Ticker: 2 Order id : 5459 Side: BUY Qty: 44 Price: 115 ] .
../trading/strategy/trade_engine.cpp:108 sendClientRequest() Thu Apr  9 18:49:19 2026 Sending: MEClientRequest  [  Type: CANCEL Client: 5 Ticker: 0 Order id : 5308 Side: SELL Qty: 77 Price: 179 ] .
../trading/strategy/trade_engine.cpp:108 sendClientRequest() Thu Apr  9 18:49:19 2026 Sending: MEClientRequest  [  Type: NEW Client: 5 Ticker: 0 Order id : 5460 Side: BUY Qty: 37 Price: 180 ] .
../trading/strategy/trade_engine.cpp:108 sendClientRequest() Thu Apr  9 18:49:19 2026 Sending: MEClientRequest  [  Type: CANCEL Client: 5 Ticker: 3 Order id : 5419 Side: SELL Qty: 35 Price: 175 ] .
../trading/strategy/trade_engine.cpp:108 sendClientRequest() Thu Apr  9 18:49:19 2026 Sending: MEClientRequest  [  Type: NEW Client: 5 Ticker: 3 Order id : 5461 Side: BUY Qty: 71 Price: 176 ] .
../trading/strategy/trade_engine.cpp:108 sendClientRequest() Thu Apr  9 18:49:19 2026 Sending: MEClientRequest  [  Type: CANCEL Client: 5 Ticker: 0 Order id : 5435 Side: SELL Qty: 98 Price: 176 ] .
../trading/strategy/trade_engine.cpp:108 sendClientRequest() Thu Apr  9 18:49:19 2026 Sending: MEClientRequest  [  Type: NEW Client: 5 Ticker: 1 Order id : 5462 Side: BUY Qty: 98 Price: 171 ] .
../trading/strategy/trade_engine.cpp:108 sendClientRequest() Thu Apr  9 18:49:19 2026 Sending: MEClientRequest  [  Type: CANCEL Client: 5 Ticker: 2 Order id : 5341 Side: SELL Qty: 64 Price: 115 ] .
../trading/strategy/trade_engine.cpp:108 sendClientRequest() Thu Apr  9 18:49:19 2026 Sending: MEClientRequest  [  Type: NEW Client: 5 Ticker: 3 Order id : 5463 Side: SELL Qty: 69 Price: 173 ] .
../trading/strategy/trade_engine.cpp:108 sendClientRequest() Thu Apr  9 18:49:20 2026 Sending: MEClientRequest  [  Type: CANCEL Client: 5 Ticker: 3 Order id : 5088 Side: BUY Qty: 21 Price: 178 ] .
../trading/strategy/trade_engine.cpp:108 sendClientRequest() Thu Apr  9 18:49:20 2026 Sending: MEClientRequest  [  Type: NEW Client: 5 Ticker: 2 Order id : 5464 Side: BUY Qty: 3 Price: 118 ] .
../trading/strategy/trade_engine.cpp:108 sendClientRequest() Thu Apr  9 18:49:20 2026 Sending: MEClientRequest  [  Type: CANCEL Client: 5 Ticker: 2 Order id : 5226 Side: BUY Qty: 75 Price: 113 ] .
../trading/strategy/trade_engine.cpp:108 sendClientRequest() Thu Apr  9 18:49:20 2026 Sending: MEClientRequest  [  Type: NEW Client: 5 Ticker: 1 Order id : 5465 Side: BUY Qty: 13 Price: 170 ] .
../trading/strategy/trade_engine.cpp:108 sendClientRequest() Thu Apr  9 18:49:20 2026 Sending: MEClientRequest  [  Type: CANCEL Client: 5 Ticker: 3 Order id : 5153 Side: BUY Qty: 16 Price: 181 ] .
../trading/strategy/trade_engine.cpp:108 sendClientRequest() Thu Apr  9 18:49:20 2026 Sending: MEClientRequest  [  Type: NEW Client: 5 Ticker: 3 Order id : 5466 Side: SELL Qty: 79 Price: 174 ] .
../trading/strategy/trade_engine.cpp:108 sendClientRequest() Thu Apr  9 18:49:20 2026 Sending: MEClientRequest  [  Type: CANCEL Client: 5 Ticker: 2 Order id : 5101 Side: BUY Qty: 11 Price: 111 ] .
../trading/strategy/trade_engine.cpp:108 sendClientRequest() Thu Apr  9 18:49:20 2026 Sending: MEClientRequest  [  Type: NEW Client: 5 Ticker: 3 Order id : 5467 Side: SELL Qty: 54 Price: 173 ] .
../trading/strategy/trade_engine.cpp:108 sendClientRequest() Thu Apr  9 18:49:20 2026 Sending: MEClientRequest  [  Type: CANCEL Client: 5 Ticker: 1 Order id : 5071 Side: SELL Qty: 78 Price: 174 ] .
../trading/strategy/trade_engine.cpp:108 sendClientRequest() Thu Apr  9 18:49:20 2026 Sending: MEClientRequest  [  Type: NEW Client: 5 Ticker: 0 Order id : 5468 Side: SELL Qty: 86 Price: 176 ] .
../trading/strategy/trade_engine.cpp:108 sendClientRequest() Thu Apr  9 18:49:21 2026 Sending: MEClientRequest  [  Type: CANCEL Client: 5 Ticker: 3 Order id : 5428 Side: SELL Qty: 15 Price: 173 ] .
../trading/strategy/trade_engine.cpp:108 sendClientRequest() Thu Apr  9 18:49:21 2026 Sending: MEClientRequest  [  Type: NEW Client: 5 Ticker: 2 Order id : 5469 Side: BUY Qty: 71 Price: 118 ] .
../trading/strategy/trade_engine.cpp:108 sendClientRequest() Thu Apr  9 18:49:21 2026 Sending: MEClientRequest  [  Type: CANCEL Client: 5 Ticker: 0 Order id : 5089 Side: BUY Qty: 34 Price: 179 ] .
../trading/strategy/trade_engine.cpp:108 sendClientRequest() Thu Apr  9 18:49:21 2026 Sending: MEClientRequest  [  Type: NEW Client: 5 Ticker: 1 Order id : 5470 Side: SELL Qty: 31 Price: 167 ] .
../trading/strategy/trade_engine.cpp:108 sendClientRequest() Thu Apr  9 18:49:21 2026 Sending: MEClientRequest  [  Type: CANCEL Client: 5 Ticker: 1 Order id : 5247 Side: BUY Qty: 79 Price: 168 ] .
../trading/strategy/trade_engine.cpp:108 sendClientRequest() Thu Apr  9 18:49:21 2026 Sending: MEClientRequest  [  Type: NEW Client: 5 Ticker: 3 Order id : 5471 Side: SELL Qty: 39 Price: 178 ] .
../trading/strategy/trade_engine.cpp:108 sendClientRequest() Thu Apr  9 18:49:21 2026 Sending: MEClientRequest  [  Type: CANCEL Client: 5 Ticker: 1 Order id : 5078 Side: SELL Qty: 81 Price: 169 ] .
../trading/strategy/trade_engine.cpp:108 sendClientRequest() Thu Apr  9 18:49:21 2026 Sending: MEClientRequest  [  Type: NEW Client: 5 Ticker: 0 Order id : 5472 Side: SELL Qty: 15 Price: 185 ] .
../trading/strategy/trade_engine.cpp:108 sendClientRequest() Thu Apr  9 18:49:21 2026 Sending: MEClientRequest  [  Type: CANCEL Client: 5 Ticker: 1 Order id : 5132 Side: SELL Qty: 10 Price: 172 ] .
../trading/strategy/trade_engine.cpp:108 sendClientRequest() Thu Apr  9 18:49:21 2026 Sending: MEClientRequest  [  Type: NEW Client: 5 Ticker: 0 Order id : 5473 Side: BUY Qty: 52 Price: 181 ] .
../trading/strategy/trade_engine.cpp:108 sendClientRequest() Thu Apr  9 18:49:22 2026 Sending: MEClientRequest  [  Type: CANCEL Client: 5 Ticker: 3 Order id : 5042 Side: BUY Qty: 35 Price: 174 ] .
../trading/strategy/trade_engine.cpp:108 sendClientRequest() Thu Apr  9 18:49:22 2026 Sending: MEClientRequest  [  Type: NEW Client: 5 Ticker: 1 Order id : 5474 Side: BUY Qty: 54 Price: 169 ] .
../trading/strategy/trade_engine.cpp:108 sendClientRequest() Thu Apr  9 18:49:22 2026 Sending: MEClientRequest  [  Type: CANCEL Client: 5 Ticker: 2 Order id : 5187 Side: SELL Qty: 2 Price: 114 ] .
../trading/strategy/trade_engine.cpp:108 sendClientRequest() Thu Apr  9 18:49:22 2026 Sending: MEClientRequest  [  Type: NEW Client: 5 Ticker: 3 Order id : 5475 Side: SELL Qty: 98 Price: 177 ] .
../trading/strategy/trade_engine.cpp:108 sendClientRequest() Thu Apr  9 18:49:22 2026 Sending: MEClientRequest  [  Type: CANCEL Client: 5 Ticker: 2 Order id : 5413 Side: BUY Qty: 85 Price: 119 ] .
../trading/strategy/trade_engine.cpp:108 sendClientRequest() Thu Apr  9 18:49:22 2026 Sending: MEClientRequest  [  Type: NEW Client: 5 Ticker: 2 Order id : 5476 Side: BUY Qty: 59 Price: 120 ] .
../trading/strategy/trade_engine.cpp:108 sendClientRequest() Thu Apr  9 18:49:22 2026 Sending: MEClientRequest  [  Type: CANCEL Client: 5 Ticker: 0 Order id : 5335 Side: BUY Qty: 82 Price: 177 ] .
../trading/strategy/trade_engine.cpp:108 sendClientRequest() Thu Apr  9 18:49:22 2026 Sending: MEClientRequest  [  Type: NEW Client: 5 Ticker: 2 Order id : 5477 Side: BUY Qty: 100 Price: 113 ] .
../trading/strategy/trade_engine.cpp:108 sendClientRequest() Thu Apr  9 18:49:22 2026 Sending: MEClientRequest  [  Type: CANCEL Client: 5 Ticker: 0 Order id : 5237 Side: BUY Qty: 97 Price: 180 ] .
../trading/strategy/trade_engine.cpp:108 sendClientRequest() Thu Apr  9 18:49:22 2026 Sending: MEClientRequest  [  Type: NEW Client: 5 Ticker: 0 Order id : 5478 Side: BUY Qty: 24 Price: 183 ] .
../trading/strategy/trade_engine.cpp:108 sendClientRequest() Thu Apr  9 18:49:23 2026 Sending: MEClientRequest  [  Type: CANCEL Client: 5 Ticker: 2 Order id : 5283 Side: BUY Qty: 42 Price: 115 ] .
../trading/strategy/trade_engine.cpp:108 sendClientRequest() Thu Apr  9 18:49:23 2026 Sending: MEClientRequest  [  Type: NEW Client: 5 Ticker: 2 Order id : 5479 Side: SELL Qty: 5 Price: 119 ] .
../trading/strategy/trade_engine.cpp:108 sendClientRequest() Thu Apr  9 18:49:23 2026 Sending: MEClientRequest  [  Type: CANCEL Client: 5 Ticker: 3 Order id : 5395 Side: SELL Qty: 11 Price: 175 ] .
../trading/strategy/trade_engine.cpp:108 sendClientRequest() Thu Apr  9 18:49:23 2026 Sending: MEClientRequest  [  Type: NEW Client: 5 Ticker: 1 Order id : 5480 Side: BUY Qty: 62 Price: 167 ] .
../trading/strategy/trade_engine.cpp:108 sendClientRequest() Thu Apr  9 18:49:23 2026 Sending: MEClientRequest  [  Type: CANCEL Client: 5 Ticker: 2 Order id : 5205 Side: BUY Qty: 18 Price: 113 ] .
../trading/strategy/trade_engine.cpp:108 sendClientRequest() Thu Apr  9 18:49:23 2026 Sending: MEClientRequest  [  Type: NEW Client: 5 Ticker: 1 Order id : 5481 Side: BUY Qty: 53 Price: 168 ] .
../trading/strategy/trade_engine.cpp:108 sendClientRequest() Thu Apr  9 18:49:23 2026 Sending: MEClientRequest  [  Type: CANCEL Client: 5 Ticker: 0 Order id : 5148 Side: SELL Qty: 28 Price: 182 ] .
../trading/strategy/trade_engine.cpp:108 sendClientRequest() Thu Apr  9 18:49:23 2026 Sending: MEClientRequest  [  Type: NEW Client: 5 Ticker: 0 Order id : 5482 Side: BUY Qty: 47 Price: 177 ] .
../trading/strategy/trade_engine.cpp:108 sendClientRequest() Thu Apr  9 18:49:23 2026 Sending: MEClientRequest  [  Type: CANCEL Client: 5 Ticker: 2 Order id : 5114 Side: SELL Qty: 45 Price: 115 ] .
../trading/strategy/trade_engine.cpp:108 sendClientRequest() Thu Apr  9 18:49:23 2026 Sending: MEClientRequest  [  Type: NEW Client: 5 Ticker: 0 Order id : 5483 Side: SELL Qty: 63 Price: 179 ] .
../trading/strategy/trade_engine.cpp:108 sendClientRequest() Thu Apr  9 18:49:24 2026 Sending: MEClientRequest  [  Type: CANCEL Client: 5 Ticker: 2 Order id : 5286 Side: SELL Qty: 80 Price: 112 ] .
../trading/strategy/trade_engine.cpp:108 sendClientRequest() Thu Apr  9 18:49:24 2026 Sending: MEClientRequest  [  Type: NEW Client: 5 Ticker: 2 Order id : 5484 Side: SELL Qty: 92 Price: 117 ] .
../trading/strategy/trade_engine.cpp:108 sendClientRequest() Thu Apr  9 18:49:24 2026 Sending: MEClientRequest  [  Type: CANCEL Client: 5 Ticker: 3 Order id : 5274 Side: BUY Qty: 87 Price: 181 ] .
../trading/strategy/trade_engine.cpp:108 sendClientRequest() Thu Apr  9 18:49:24 2026 Sending: MEClientRequest  [  Type: NEW Client: 5 Ticker: 3 Order id : 5485 Side: SELL Qty: 71 Price: 176 ] .
../trading/strategy/trade_engine.cpp:108 sendClientRequest() Thu Apr  9 18:49:24 2026 Sending: MEClientRequest  [  Type: CANCEL Client: 5 Ticker: 1 Order id : 5087 Side: SELL Qty: 48 Price: 173 ] .
../trading/strategy/trade_engine.cpp:108 sendClientRequest() Thu Apr  9 18:49:24 2026 Sending: MEClientRequest  [  Type: NEW Client: 5 Ticker: 0 Order id : 5486 Side: SELL Qty: 31 Price: 183 ] .
../trading/strategy/trade_engine.cpp:108 sendClientRequest() Thu Apr  9 18:49:24 2026 Sending: MEClientRequest  [  Type: CANCEL Client: 5 Ticker: 0 Order id : 5249 Side: BUY Qty: 58 Price: 183 ] .
../trading/strategy/trade_engine.cpp:108 sendClientRequest() Thu Apr  9 18:49:24 2026 Sending: MEClientRequest  [  Type: NEW Client: 5 Ticker: 0 Order id : 5487 Side: BUY Qty: 74 Price: 179 ] .
../trading/strategy/trade_engine.cpp:108 sendClientRequest() Thu Apr  9 18:49:24 2026 Sending: MEClientRequest  [  Type: CANCEL Client: 5 Ticker: 1 Order id : 5247 Side: BUY Qty: 79 Price: 168 ] .
../trading/strategy/trade_engine.cpp:108 sendClientRequest() Thu Apr  9 18:49:24 2026 Sending: MEClientRequest  [  Type: NEW Client: 5 Ticker: 0 Order id : 5488 Side: BUY Qty: 92 Price: 181 ] .
../trading/strategy/trade_engine.cpp:108 sendClientRequest() Thu Apr  9 18:49:25 2026 Sending: MEClientRequest  [  Type: CANCEL Client: 5 Ticker: 3 Order id : 5356 Side: SELL Qty: 61 Price: 174 ] .
../trading/strategy/trade_engine.cpp:108 sendClientRequest() Thu Apr  9 18:49:25 2026 Sending: MEClientRequest  [  Type: NEW Client: 5 Ticker: 1 Order id : 5489 Side: SELL Qty: 46 Price: 167 ] .
../trading/strategy/trade_engine.cpp:108 sendClientRequest() Thu Apr  9 18:49:25 2026 Sending: MEClientRequest  [  Type: CANCEL Client: 5 Ticker: 3 Order id : 5449 Side: BUY Qty: 74 Price: 176 ] .
../trading/strategy/trade_engine.cpp:108 sendClientRequest() Thu Apr  9 18:49:25 2026 Sending: MEClientRequest  [  Type: NEW Client: 5 Ticker: 3 Order id : 5490 Side: BUY Qty: 87 Price: 179 ] .
../trading/strategy/trade_engine.cpp:108 sendClientRequest() Thu Apr  9 18:49:25 2026 Sending: MEClientRequest  [  Type: CANCEL Client: 5 Ticker: 0 Order id : 5181 Side: SELL Qty: 8 Price: 179 ] .
../trading/strategy/trade_engine.cpp:108 sendClientRequest() Thu Apr  9 18:49:25 2026 Sending: MEClientRequest  [  Type: NEW Client: 5 Ticker: 1 Order id : 5491 Side: SELL Qty: 61 Price: 170 ] .
../trading/strategy/trade_engine.cpp:108 sendClientRequest() Thu Apr  9 18:49:25 2026 Sending: MEClientRequest  [  Type: CANCEL Client: 5 Ticker: 2 Order id : 5063 Side: SELL Qty: 81 Price: 116 ] .
../trading/strategy/trade_engine.cpp:108 sendClientRequest() Thu Apr  9 18:49:25 2026 Sending: MEClientRequest  [  Type: NEW Client: 5 Ticker: 3 Order id : 5492 Side: SELL Qty: 88 Price: 174 ] .
../trading/strategy/trade_engine.cpp:108 sendClientRequest() Thu Apr  9 18:49:25 2026 Sending: MEClientRequest  [  Type: CANCEL Client: 5 Ticker: 2 Order id : 5464 Side: BUY Qty: 3 Price: 118 ] .
../trading/strategy/trade_engine.cpp:108 sendClientRequest() Thu Apr  9 18:49:25 2026 Sending: MEClientRequest  [  Type: NEW Client: 5 Ticker: 3 Order id : 5493 Side: BUY Qty: 83 Price: 177 ] .
../trading/strategy/trade_engine.cpp:108 sendClientRequest() Thu Apr  9 18:49:26 2026 Sending: MEClientRequest  [  Type: CANCEL Client: 5 Ticker: 0 Order id : 5121 Side: SELL Qty: 40 Price: 185 ] .
../trading/strategy/trade_engine.cpp:108 sendClientRequest() Thu Apr  9 18:49:26 2026 Sending: MEClientRequest  [  Type: NEW Client: 5 Ticker: 0 Order id : 5494 Side: SELL Qty: 40 Price: 176 ] .
../trading/strategy/trade_engine.cpp:108 sendClientRequest() Thu Apr  9 18:49:26 2026 Sending: MEClientRequest  [  Type: CANCEL Client: 5 Ticker: 1 Order id : 5068 Side: BUY Qty: 52 Price: 171 ] .
../trading/strategy/trade_engine.cpp:108 sendClientRequest() Thu Apr  9 18:49:26 2026 Sending: MEClientRequest  [  Type: NEW Client: 5 Ticker: 3 Order id : 5495 Side: SELL Qty: 89 Price: 174 ] .
../trading/strategy/trade_engine.cpp:108 sendClientRequest() Thu Apr  9 18:49:26 2026 Sending: MEClientRequest  [  Type: CANCEL Client: 5 Ticker: 3 Order id : 5441 Side: BUY Qty: 75 Price: 179 ] .
../trading/strategy/trade_engine.cpp:108 sendClientRequest() Thu Apr  9 18:49:26 2026 Sending: MEClientRequest  [  Type: NEW Client: 5 Ticker: 2 Order id : 5496 Side: SELL Qty: 63 Price: 112 ] .
../trading/strategy/trade_engine.cpp:108 sendClientRequest() Thu Apr  9 18:49:26 2026 Sending: MEClientRequest  [  Type: CANCEL Client: 5 Ticker: 1 Order id : 5061 Side: BUY Qty: 54 Price: 173 ] .
../trading/strategy/trade_engine.cpp:108 sendClientRequest() Thu Apr  9 18:49:26 2026 Sending: MEClientRequest  [  Type: NEW Client: 5 Ticker: 2 Order id : 5497 Side: BUY Qty: 46 Price: 120 ] .
../trading/strategy/trade_engine.cpp:108 sendClientRequest() Thu Apr  9 18:49:26 2026 Sending: MEClientRequest  [  Type: CANCEL Client: 5 Ticker: 3 Order id : 5369 Side: BUY Qty: 26 Price: 179 ] .
../trading/strategy/trade_engine.cpp:108 sendClientRequest() Thu Apr  9 18:49:26 2026 Sending: MEClientRequest  [  Type: NEW Client: 5 Ticker: 3 Order id : 5498 Side: SELL Qty: 20 Price: 181 ] .
../trading/strategy/trade_engine.cpp:108 sendClientRequest() Thu Apr  9 18:49:27 2026 Sending: MEClientRequest  [  Type: CANCEL Client: 5 Ticker: 2 Order id : 5082 Side: SELL Qty: 60 Price: 115 ] .
../trading/strategy/trade_engine.cpp:108 sendClientRequest() Thu Apr  9 18:49:27 2026 Sending: MEClientRequest  [  Type: NEW Client: 5 Ticker: 2 Order id : 5499 Side: BUY Qty: 2 Price: 118 ] .
../trading/strategy/trade_engine.cpp:108 sendClientRequest() Thu Apr  9 18:49:27 2026 Sending: MEClientRequest  [  Type: CANCEL Client: 5 Ticker: 0 Order id : 5148 Side: SELL Qty: 28 Price: 182 ] .
../trading/strategy/trade_engine.cpp:108 sendClientRequest() Thu Apr  9 18:49:27 2026 Sending: MEClientRequest  [  Type: NEW Client: 5 Ticker: 3 Order id : 5500 Side: SELL Qty: 22 Price: 174 ] .
../trading/strategy/trade_engine.cpp:108 sendClientRequest() Thu Apr  9 18:49:27 2026 Sending: MEClientRequest  [  Type: CANCEL Client: 5 Ticker: 3 Order id : 5088 Side: BUY Qty: 21 Price: 178 ] .
../trading/strategy/trade_engine.cpp:108 sendClientRequest() Thu Apr  9 18:49:27 2026 Sending: MEClientRequest  [  Type: NEW Client: 5 Ticker: 2 Order id : 5501 Side: BUY Qty: 19 Price: 114 ] .
../trading/strategy/trade_engine.cpp:108 sendClientRequest() Thu Apr  9 18:49:27 2026 Sending: MEClientRequest  [  Type: CANCEL Client: 5 Ticker: 0 Order id : 5483 Side: SELL Qty: 63 Price: 179 ] .
../trading/strategy/trade_engine.cpp:108 sendClientRequest() Thu Apr  9 18:49:27 2026 Sending: MEClientRequest  [  Type: NEW Client: 5 Ticker: 2 Order id : 5502 Side: SELL Qty: 14 Price: 120 ] .
../trading/strategy/trade_engine.cpp:108 sendClientRequest() Thu Apr  9 18:49:27 2026 Sending: MEClientRequest  [  Type: CANCEL Client: 5 Ticker: 0 Order id : 5148 Side: SELL Qty: 28 Price: 182 ] .
../trading/strategy/trade_engine.cpp:108 sendClientRequest() Thu Apr  9 18:49:27 2026 Sending: MEClientRequest  [  Type: NEW Client: 5 Ticker: 0 Order id : 5503 Side: BUY Qty: 6 Price: 180 ] .
../trading/strategy/trade_engine.cpp:108 sendClientRequest() Thu Apr  9 18:49:28 2026 Sending: MEClientRequest  [  Type: CANCEL Client: 5 Ticker: 1 Order id : 5107 Side: BUY Qty: 71 Price: 172 ] .
../trading/strategy/trade_engine.cpp:108 sendClientRequest() Thu Apr  9 18:49:28 2026 Sending: MEClientRequest  [  Type: NEW Client: 5 Ticker: 0 Order id : 5504 Side: SELL Qty: 38 Price: 176 ] .
../trading/strategy/trade_engine.cpp:108 sendClientRequest() Thu Apr  9 18:49:28 2026 Sending: MEClientRequest  [  Type: CANCEL Client: 5 Ticker: 0 Order id : 5392 Side: SELL Qty: 6 Price: 176 ] .
../trading/strategy/trade_engine.cpp:108 sendClientRequest() Thu Apr  9 18:49:28 2026 Sending: MEClientRequest  [  Type: NEW Client: 5 Ticker: 0 Order id : 5505 Side: BUY Qty: 33 Price: 176 ] .
../trading/strategy/trade_engine.cpp:108 sendClientRequest() Thu Apr  9 18:49:28 2026 Sending: MEClientRequest  [  Type: CANCEL Client: 5 Ticker: 1 Order id : 5269 Side: SELL Qty: 101 Price: 175 ] .
../trading/strategy/trade_engine.cpp:108 sendClientRequest() Thu Apr  9 18:49:28 2026 Sending: MEClientRequest  [  Type: NEW Client: 5 Ticker: 0 Order id : 5506 Side: SELL Qty: 16 Price: 178 ] .
../trading/strategy/trade_engine.cpp:108 sendClientRequest() Thu Apr  9 18:49:28 2026 Sending: MEClientRequest  [  Type: CANCEL Client: 5 Ticker: 2 Order id : 5276 Side: BUY Qty: 23 Price: 118 ] .
../trading/strategy/trade_engine.cpp:108 sendClientRequest() Thu Apr  9 18:49:28 2026 Sending: MEClientRequest  [  Type: NEW Client: 5 Ticker: 0 Order id : 5507 Side: BUY Qty: 54 Price: 182 ] .
../trading/strategy/trade_engine.cpp:108 sendClientRequest() Thu Apr  9 18:49:28 2026 Sending: MEClientRequest  [  Type: CANCEL Client: 5 Ticker: 3 Order id : 5347 Side: BUY Qty: 23 Price: 182 ] .
../trading/strategy/trade_engine.cpp:108 sendClientRequest() Thu Apr  9 18:49:28 2026 Sending: MEClientRequest  [  Type: NEW Client: 5 Ticker: 1 Order id : 5508 Side: SELL Qty: 73 Price: 175 ] .
../trading/strategy/trade_engine.cpp:108 sendClientRequest() Thu Apr  9 18:49:29 2026 Sending: MEClientRequest  [  Type: CANCEL Client: 5 Ticker: 0 Order id : 5478 Side: BUY Qty: 24 Price: 183 ] .
../trading/strategy/trade_engine.cpp:108 sendClientRequest() Thu Apr  9 18:49:29 2026 Sending: MEClientRequest  [  Type: NEW Client: 5 Ticker: 2 Order id : 5509 Side: BUY Qty: 91 Price: 117 ] .
../trading/strategy/trade_engine.cpp:108 sendClientRequest() Thu Apr  9 18:49:29 2026 Sending: MEClientRequest  [  Type: CANCEL Client: 5 Ticker: 0 Order id : 5345 Side: SELL Qty: 53 Price: 179 ] .
../trading/strategy/trade_engine.cpp:108 sendClientRequest() Thu Apr  9 18:49:29 2026 Sending: MEClientRequest  [  Type: NEW Client: 5 Ticker: 1 Order id : 5510 Side: BUY Qty: 50 Price: 173 ] .
../trading/strategy/trade_engine.cpp:108 sendClientRequest() Thu Apr  9 18:49:29 2026 Sending: MEClientRequest  [  Type: CANCEL Client: 5 Ticker: 0 Order id : 5123 Side: SELL Qty: 9 Price: 180 ] .
../trading/strategy/trade_engine.cpp:108 sendClientRequest() Thu Apr  9 18:49:29 2026 Sending: MEClientRequest  [  Type: NEW Client: 5 Ticker: 2 Order id : 5511 Side: SELL Qty: 64 Price: 120 ] .
../trading/strategy/trade_engine.cpp:108 sendClientRequest() Thu Apr  9 18:49:29 2026 Sending: MEClientRequest  [  Type: CANCEL Client: 5 Ticker: 0 Order id : 5230 Side: BUY Qty: 80 Price: 183 ] .
../trading/strategy/trade_engine.cpp:108 sendClientRequest() Thu Apr  9 18:49:29 2026 Sending: MEClientRequest  [  Type: NEW Client: 5 Ticker: 1 Order id : 5512 Side: SELL Qty: 41 Price: 172 ] .
../trading/strategy/trade_engine.cpp:108 sendClientRequest() Thu Apr  9 18:49:29 2026 Sending: MEClientRequest  [  Type: CANCEL Client: 5 Ticker: 3 Order id : 5006 Side: BUY Qty: 42 Price: 174 ] .
../trading/strategy/trade_engine.cpp:108 sendClientRequest() Thu Apr  9 18:49:29 2026 Sending: MEClientRequest  [  Type: NEW Client: 5 Ticker: 1 Order id : 5513 Side: BUY Qty: 7 Price: 168 ] .
../trading/strategy/trade_engine.cpp:108 sendClientRequest() Thu Apr  9 18:49:30 2026 Sending: MEClientRequest  [  Type: CANCEL Client: 5 Ticker: 0 Order id : 5445 Side: SELL Qty: 91 Price: 185 ] .
../trading/strategy/trade_engine.cpp:108 sendClientRequest() Thu Apr  9 18:49:30 2026 Sending: MEClientRequest  [  Type: NEW Client: 5 Ticker: 0 Order id : 5514 Side: BUY Qty: 42 Price: 177 ] .
../trading/strategy/trade_engine.cpp:108 sendClientRequest() Thu Apr  9 18:49:30 2026 Sending: MEClientRequest  [  Type: CANCEL Client: 5 Ticker: 2 Order id : 5142 Side: SELL Qty: 82 Price: 111 ] .
../trading/strategy/trade_engine.cpp:108 sendClientRequest() Thu Apr  9 18:49:30 2026 Sending: MEClientRequest  [  Type: NEW Client: 5 Ticker: 0 Order id : 5515 Side: BUY Qty: 57 Price: 184 ] .
../trading/strategy/trade_engine.cpp:108 sendClientRequest() Thu Apr  9 18:49:30 2026 Sending: MEClientRequest  [  Type: CANCEL Client: 5 Ticker: 0 Order id : 5033 Side: SELL Qty: 17 Price: 179 ] .
../trading/strategy/trade_engine.cpp:108 sendClientRequest() Thu Apr  9 18:49:30 2026 Sending: MEClientRequest  [  Type: NEW Client: 5 Ticker: 3 Order id : 5516 Side: BUY Qty: 22 Price: 175 ] .
../trading/strategy/trade_engine.cpp:108 sendClientRequest() Thu Apr  9 18:49:30 2026 Sending: MEClientRequest  [  Type: CANCEL Client: 5 Ticker: 1 Order id : 5380 Side: SELL Qty: 53 Price: 175 ] .
../trading/strategy/trade_engine.cpp:108 sendClientRequest() Thu Apr  9 18:49:30 2026 Sending: MEClientRequest  [  Type: NEW Client: 5 Ticker: 1 Order id : 5517 Side: BUY Qty: 59 Price: 169 ] .
../trading/strategy/trade_engine.cpp:108 sendClientRequest() Thu Apr  9 18:49:30 2026 Sending: MEClientRequest  [  Type: CANCEL Client: 5 Ticker: 2 Order id : 5187 Side: SELL Qty: 2 Price: 114 ] .
../trading/strategy/trade_engine.cpp:108 sendClientRequest() Thu Apr  9 18:49:30 2026 Sending: MEClientRequest  [  Type: NEW Client: 5 Ticker: 3 Order id : 5518 Side: SELL Qty: 87 Price: 174 ] .
../trading/strategy/trade_engine.cpp:108 sendClientRequest() Thu Apr  9 18:49:31 2026 Sending: MEClientRequest  [  Type: CANCEL Client: 5 Ticker: 3 Order id : 5342 Side: BUY Qty: 69 Price: 178 ] .
../trading/strategy/trade_engine.cpp:108 sendClientRequest() Thu Apr  9 18:49:31 2026 Sending: MEClientRequest  [  Type: NEW Client: 5 Ticker: 0 Order id : 5519 Side: BUY Qty: 59 Price: 178 ] .
../trading/strategy/trade_engine.cpp:108 sendClientRequest() Thu Apr  9 18:49:31 2026 Sending: MEClientRequest  [  Type: CANCEL Client: 5 Ticker: 0 Order id : 5181 Side: SELL Qty: 8 Price: 179 ] .
../trading/strategy/trade_engine.cpp:108 sendClientRequest() Thu Apr  9 18:49:31 2026 Sending: MEClientRequest  [  Type: NEW Client: 5 Ticker: 2 Order id : 5520 Side: SELL Qty: 66 Price: 118 ] .
../trading/strategy/trade_engine.cpp:108 sendClientRequest() Thu Apr  9 18:49:31 2026 Sending: MEClientRequest  [  Type: CANCEL Client: 5 Ticker: 0 Order id : 5000 Side: BUY Qty: 22 Price: 178 ] .
../trading/strategy/trade_engine.cpp:108 sendClientRequest() Thu Apr  9 18:49:31 2026 Sending: MEClientRequest  [  Type: NEW Client: 5 Ticker: 1 Order id : 5521 Side: BUY Qty: 21 Price: 170 ] .
../trading/strategy/trade_engine.cpp:108 sendClientRequest() Thu Apr  9 18:49:31 2026 Sending: MEClientRequest  [  Type: CANCEL Client: 5 Ticker: 0 Order id : 5080 Side: BUY Qty: 41 Price: 183 ] .
../trading/strategy/trade_engine.cpp:108 sendClientRequest() Thu Apr  9 18:49:31 2026 Sending: MEClientRequest  [  Type: NEW Client: 5 Ticker: 0 Order id : 5522 Side: SELL Qty: 76 Price: 178 ] .
../trading/strategy/trade_engine.cpp:108 sendClientRequest() Thu Apr  9 18:49:31 2026 Sending: MEClientRequest  [  Type: CANCEL Client: 5 Ticker: 3 Order id : 5050 Side: BUY Qty: 54 Price: 179 ] .
../trading/strategy/trade_engine.cpp:108 sendClientRequest() Thu Apr  9 18:49:31 2026 Sending: MEClientRequest  [  Type: NEW Client: 5 Ticker: 2 Order id : 5523 Side: BUY Qty: 82 Price: 114 ] .
../trading/strategy/trade_engine.cpp:108 sendClientRequest() Thu Apr  9 18:49:32 2026 Sending: MEClientRequest  [  Type: CANCEL Client: 5 Ticker: 1 Order id : 5453 Side: BUY Qty: 15 Price: 166 ] .
../trading/strategy/trade_engine.cpp:108 sendClientRequest() Thu Apr  9 18:49:32 2026 Sending: MEClientRequest  [  Type: NEW Client: 5 Ticker: 0 Order id : 5524 Side: BUY Qty: 72 Price: 180 ] .
../trading/strategy/trade_engine.cpp:108 sendClientRequest() Thu Apr  9 18:49:32 2026 Sending: MEClientRequest  [  Type: CANCEL Client: 5 Ticker: 2 Order id : 5271 Side: BUY Qty: 76 Price: 113 ] .
../trading/strategy/trade_engine.cpp:108 sendClientRequest() Thu Apr  9 18:49:32 2026 Sending: MEClientRequest  [  Type: NEW Client: 5 Ticker: 3 Order id : 5525 Side: SELL Qty: 55 Price: 182 ] .
../trading/strategy/trade_engine.cpp:108 sendClientRequest() Thu Apr  9 18:49:32 2026 Sending: MEClientRequest  [  Type: CANCEL Client: 5 Ticker: 0 Order id : 5300 Side: SELL Qty: 92 Price: 181 ] .
../trading/strategy/trade_engine.cpp:108 sendClientRequest() Thu Apr  9 18:49:32 2026 Sending: MEClientRequest  [  Type: NEW Client: 5 Ticker: 2 Order id : 5526 Side: BUY Qty: 30 Price: 111 ] .
../trading/strategy/trade_engine.cpp:108 sendClientRequest() Thu Apr  9 18:49:32 2026 Sending: MEClientRequest  [  Type: CANCEL Client: 5 Ticker: 3 Order id : 5475 Side: SELL Qty: 98 Price: 177 ] .
../trading/strategy/trade_engine.cpp:108 sendClientRequest() Thu Apr  9 18:49:32 2026 Sending: MEClientRequest  [  Type: NEW Client: 5 Ticker: 1 Order id : 5527 Side: SELL Qty: 77 Price: 168 ] .
../trading/strategy/trade_engine.cpp:108 sendClientRequest() Thu Apr  9 18:49:32 2026 Sending: MEClientRequest  [  Type: CANCEL Client: 5 Ticker: 0 Order id : 5361 Side: SELL Qty: 13 Price: 181 ] .
../trading/strategy/trade_engine.cpp:108 sendClientRequest() Thu Apr  9 18:49:32 2026 Sending: MEClientRequest  [  Type: NEW Client: 5 Ticker: 3 Order id : 5528 Side: BUY Qty: 7 Price: 173 ] .
../trading/strategy/trade_engine.cpp:108 sendClientRequest() Thu Apr  9 18:49:33 2026 Sending: MEClientRequest  [  Type: CANCEL Client: 5 Ticker: 0 Order id : 5188 Side: SELL Qty: 44 Price: 180 ] .
../trading/strategy/trade_engine.cpp:108 sendClientRequest() Thu Apr  9 18:49:33 2026 Sending: MEClientRequest  [  Type: NEW Client: 5 Ticker: 0 Order id : 5529 Side: BUY Qty: 47 Price: 179 ] .
../trading/strategy/trade_engine.cpp:108 sendClientRequest() Thu Apr  9 18:49:33 2026 Sending: MEClientRequest  [  Type: CANCEL Client: 5 Ticker: 3 Order id : 5204 Side: BUY Qty: 81 Price: 176 ] .
../trading/strategy/trade_engine.cpp:108 sendClientRequest() Thu Apr  9 18:49:33 2026 Sending: MEClientRequest  [  Type: NEW Client: 5 Ticker: 2 Order id : 5530 Side: SELL Qty: 43 Price: 114 ] .
../trading/strategy/trade_engine.cpp:108 sendClientRequest() Thu Apr  9 18:49:33 2026 Sending: MEClientRequest  [  Type: CANCEL Client: 5 Ticker: 3 Order id : 5350 Side: BUY Qty: 63 Price: 175 ] .
../trading/strategy/trade_engine.cpp:108 sendClientRequest() Thu Apr  9 18:49:33 2026 Sending: MEClientRequest  [  Type: NEW Client: 5 Ticker: 2 Order id : 5531 Side: BUY Qty: 10 Price: 120 ] .
../trading/strategy/trade_engine.cpp:108 sendClientRequest() Thu Apr  9 18:49:33 2026 Sending: MEClientRequest  [  Type: CANCEL Client: 5 Ticker: 0 Order id : 5451 Side: SELL Qty: 79 Price: 177 ] .
../trading/strategy/trade_engine.cpp:108 sendClientRequest() Thu Apr  9 18:49:33 2026 Sending: MEClientRequest  [  Type: NEW Client: 5 Ticker: 2 Order id : 5532 Side: SELL Qty: 3 Price: 114 ] .
../trading/strategy/trade_engine.cpp:108 sendClientRequest() Thu Apr  9 18:49:33 2026 Sending: MEClientRequest  [  Type: CANCEL Client: 5 Ticker: 0 Order id : 5121 Side: SELL Qty: 40 Price: 185 ] .
../trading/strategy/trade_engine.cpp:108 sendClientRequest() Thu Apr  9 18:49:33 2026 Sending: MEClientRequest  [  Type: NEW Client: 5 Ticker: 2 Order id : 5533 Side: BUY Qty: 99 Price: 120 ] .
../trading/strategy/trade_engine.cpp:108 sendClientRequest() Thu Apr  9 18:49:34 2026 Sending: MEClientRequest  [  Type: CANCEL Client: 5 Ticker: 2 Order id : 5409 Side: SELL Qty: 81 Price: 120 ] .
../trading/strategy/trade_engine.cpp:108 sendClientRequest() Thu Apr  9 18:49:34 2026 Sending: MEClientRequest  [  Type: NEW Client: 5 Ticker: 2 Order id : 5534 Side: SELL Qty: 61 Price: 115 ] .
../trading/strategy/trade_engine.cpp:108 sendClientRequest() Thu Apr  9 18:49:34 2026 Sending: MEClientRequest  [  Type: CANCEL Client: 5 Ticker: 0 Order id : 5405 Side: BUY Qty: 91 Price: 177 ] .
../trading/strategy/trade_engine.cpp:108 sendClientRequest() Thu Apr  9 18:49:34 2026 Sending: MEClientRequest  [  Type: NEW Client: 5 Ticker: 3 Order id : 5535 Side: BUY Qty: 91 Price: 181 ] .
../trading/strategy/trade_engine.cpp:108 sendClientRequest() Thu Apr  9 18:49:34 2026 Sending: MEClientRequest  [  Type: CANCEL Client: 5 Ticker: 0 Order id : 5313 Side: SELL Qty: 15 Price: 181 ] .
../trading/strategy/trade_engine.cpp:108 sendClientRequest() Thu Apr  9 18:49:34 2026 Sending: MEClientRequest  [  Type: NEW Client: 5 Ticker: 3 Order id : 5536 Side: SELL Qty: 16 Price: 178 ] .
../trading/strategy/trade_engine.cpp:108 sendClientRequest() Thu Apr  9 18:49:34 2026 Sending: MEClientRequest  [  Type: CANCEL Client: 5 Ticker: 3 Order id : 5074 Side: BUY Qty: 61 Price: 182 ] .
../trading/strategy/trade_engine.cpp:108 sendClientRequest() Thu Apr  9 18:49:34 2026 Sending: MEClientRequest  [  Type: NEW Client: 5 Ticker: 1 Order id : 5537 Side: BUY Qty: 61 Price: 168 ] .
../trading/strategy/trade_engine.cpp:108 sendClientRequest() Thu Apr  9 18:49:34 2026 Sending: MEClientRequest  [  Type: CANCEL Client: 5 Ticker: 1 Order id : 5009 Side: SELL Qty: 17 Price: 169 ] .
../trading/strategy/trade_engine.cpp:108 sendClientRequest() Thu Apr  9 18:49:34 2026 Sending: MEClientRequest  [  Type: NEW Client: 5 Ticker: 3 Order id : 5538 Side: SELL Qty: 25 Price: 178 ] .
../trading/strategy/trade_engine.cpp:108 sendClientRequest() Thu Apr  9 18:49:35 2026 Sending: MEClientRequest  [  Type: CANCEL Client: 5 Ticker: 3 Order id : 5350 Side: BUY Qty: 63 Price: 175 ] .
../trading/strategy/trade_engine.cpp:108 sendClientRequest() Thu Apr  9 18:49:35 2026 Sending: MEClientRequest  [  Type: NEW Client: 5 Ticker: 3 Order id : 5539 Side: SELL Qty: 87 Price: 181 ] .
../trading/strategy/trade_engine.cpp:108 sendClientRequest() Thu Apr  9 18:49:35 2026 Sending: MEClientRequest  [  Type: CANCEL Client: 5 Ticker: 1 Order id : 5247 Side: BUY Qty: 79 Price: 168 ] .
../trading/strategy/trade_engine.cpp:108 sendClientRequest() Thu Apr  9 18:49:35 2026 Sending: MEClientRequest  [  Type: NEW Client: 5 Ticker: 1 Order id : 5540 Side: SELL Qty: 93 Price: 173 ] .
../trading/strategy/trade_engine.cpp:108 sendClientRequest() Thu Apr  9 18:49:35 2026 Sending: MEClientRequest  [  Type: CANCEL Client: 5 Ticker: 1 Order id : 5385 Side: BUY Qty: 9 Price: 172 ] .
../trading/strategy/trade_engine.cpp:108 sendClientRequest() Thu Apr  9 18:49:35 2026 Sending: MEClientRequest  [  Type: NEW Client: 5 Ticker: 1 Order id : 5541 Side: SELL Qty: 97 Price: 174 ] .
../trading/strategy/trade_engine.cpp:108 sendClientRequest() Thu Apr  9 18:49:35 2026 Sending: MEClientRequest  [  Type: CANCEL Client: 5 Ticker: 1 Order id : 5323 Side: BUY Qty: 92 Price: 172 ] .
../trading/strategy/trade_engine.cpp:108 sendClientRequest() Thu Apr  9 18:49:35 2026 Sending: MEClientRequest  [  Type: NEW Client: 5 Ticker: 1 Order id : 5542 Side: BUY Qty: 86 Price: 173 ] .
../trading/strategy/trade_engine.cpp:108 sendClientRequest() Thu Apr  9 18:49:35 2026 Sending: MEClientRequest  [  Type: CANCEL Client: 5 Ticker: 1 Order id : 5182 Side: BUY Qty: 80 Price: 167 ] .
../trading/strategy/trade_engine.cpp:108 sendClientRequest() Thu Apr  9 18:49:35 2026 Sending: MEClientRequest  [  Type: NEW Client: 5 Ticker: 0 Order id : 5543 Side: SELL Qty: 50 Price: 184 ] .
../trading/strategy/trade_engine.cpp:108 sendClientRequest() Thu Apr  9 18:49:36 2026 Sending: MEClientRequest  [  Type: CANCEL Client: 5 Ticker: 2 Order id : 5497 Side: BUY Qty: 46 Price: 120 ] .
../trading/strategy/trade_engine.h:64 stop() Thu Apr  9 18:49:38 2026 POSITIONS
Ticker id: 0 Position: { Position: 0u-pnl: 0r-pnl: 0t-pnl: 0vol: 0v-waps: [0 ]  X 0 ]   } 
Ticker id: 1 Position: { Position: 0u-pnl: 0r-pnl: 0t-pnl: 0vol: 0v-waps: [0 ]  X 0 ]   } 
Ticker id: 2 Position: { Position: 0u-pnl: 0r-pnl: 0t-pnl: 0vol: 0v-waps: [0 ]  X 0 ]   } 
Ticker id: 3 Position: { Position: 0u-pnl: 0r-pnl: 0t-pnl: 0vol: 0v-waps: [0 ]  X 0 ]   } 
Total PnL: 0 Vol: 0

../trading/strategy/market_order_book.cpp:16 ~MarketOrderBook() Thu Apr  9 18:49:41 2026 OrderBook
Ticker:0

                          X


../trading/strategy/market_order_book.cpp:16 ~MarketOrderBook() Thu Apr  9 18:49:41 2026 OrderBook
Ticker:1

                          X


../trading/strategy/market_order_book.cpp:16 ~MarketOrderBook() Thu Apr  9 18:49:41 2026 OrderBook
Ticker:2

                          X


../trading/strategy/market_order_book.cpp:16 ~MarketOrderBook() Thu Apr  9 18:49:41 2026 OrderBook
Ticker:3

                          X


