../low-latency-components/socket_utils.h:127 CreateSocket() Thu Apr  9 18:47:36 2026 cfg: SocketCfg [  ip: 127.0.0.1 iface: lo port: 12345 is_udp: 0 is_listening: 0 needs_SO_timestamp: 1 ]  
../trading/order_gw/order_gateway.cpp:26 run() Thu Apr  9 18:47:36 2026.
../trading/order_gw/order_gateway.cpp:32 run() Thu Apr  9 18:47:47 2026 Sending client id: 5, seq: 1 MEClientRequest  [  Type: NEW Client: 5 Ticker: 0 Order id : 5000 Side: BUY Qty: 22 Price: 178 ] .
../low-latency-components/tcp_socket.h:108 sendAndRecv() Thu Apr  9 18:47:47 2026 send socket:9 len:-1
../trading/order_gw/order_gateway.cpp:32 run() Thu Apr  9 18:47:47 2026 Sending client id: 5, seq: 2 MEClientRequest  [  Type: CANCEL Client: 5 Ticker: 0 Order id : 5000 Side: BUY Qty: 22 Price: 178 ] .
../low-latency-components/tcp_socket.h:108 sendAndRecv() Thu Apr  9 18:47:47 2026 send socket:9 len:-1
../trading/order_gw/order_gateway.cpp:32 run() Thu Apr  9 18:47:47 2026 Sending client id: 5, seq: 3 MEClientRequest  [  Type: NEW Client: 5 Ticker: 1 Order id : 5001 Side: SELL Qty: 50 Price: 172 ] .
../low-latency-components/tcp_socket.h:108 sendAndRecv() Thu Apr  9 18:47:47 2026 send socket:9 len:-1
../trading/order_gw/order_gateway.cpp:32 run() Thu Apr  9 18:47:47 2026 Sending client id: 5, seq: 4 MEClientRequest  [  Type: CANCEL Client: 5 Ticker: 0 Order id : 5000 Side: BUY Qty: 22 Price: 178 ] .
../low-latency-components/tcp_socket.h:108 sendAndRecv() Thu Apr  9 18:47:47 2026 send socket:9 len:-1
../trading/order_gw/order_gateway.cpp:32 run() Thu Apr  9 18:47:47 2026 Sending client id: 5, seq: 5 MEClientRequest  [  Type: NEW Client: 5 Ticker: 2 Order id : 5002 Side: SELL Qty: 22 Price: 111 ] .
../low-latency-components/tcp_socket.h:108 sendAndRecv() Thu Apr  9 18:47:47 2026 send socket:9 len:-1
../trading/order_gw/order_gateway.cpp:32 run() Thu Apr  9 18:47:47 2026 Sending client id: 5, seq: 6 MEClientRequest  [  Type: CANCEL Client: 5 Ticker: 1 Order id : 5001 Side: SELL Qty: 50 Price: 172 ] .
../low-latency-components/tcp_socket.h:108 sendAndRecv() Thu Apr  9 18:47:47 2026 send socket:9 len:-1
../trading/order_gw/order_gateway.cpp:32 run() Thu Apr  9 18:47:47 2026 Sending client id: 5, seq: 7 MEClientRequest  [  Type: NEW Client: 5 Ticker: 2 Order id : 5003 Side: BUY Qty: 7 Price: 115 ] .
../low-latency-components/tcp_socket.h:108 sendAndRecv() Thu Apr  9 18:47:47 2026 send socket:9 len:-1
../trading/order_gw/order_gateway.cpp:32 run() Thu Apr  9 18:47:47 2026 Sending client id: 5, seq: 8 MEClientRequest  [  Type: CANCEL Client: 5 Ticker: 1 Order id : 5001 Side: SELL Qty: 50 Price: 172 ] .
../low-latency-components/tcp_socket.h:108 sendAndRecv() Thu Apr  9 18:47:47 2026 send socket:9 len:-1
../trading/order_gw/order_gateway.cpp:32 run() Thu Apr  9 18:47:47 2026 Sending client id: 5, seq: 9 MEClientRequest  [  Type: NEW Client: 5 Ticker: 3 Order id : 5004 Side: BUY Qty: 85 Price: 173 ] .
../low-latency-components/tcp_socket.h:108 sendAndRecv() Thu Apr  9 18:47:47 2026 send socket:9 len:-1
../trading/order_gw/order_gateway.cpp:32 run() Thu Apr  9 18:47:48 2026 Sending client id: 5, seq: 10 MEClientRequest  [  Type: CANCEL Client: 5 Ticker: 2 Order id : 5002 Side: SELL Qty: 22 Price: 111 ] .
../low-latency-components/tcp_socket.h:108 sendAndRecv() Thu Apr  9 18:47:48 2026 send socket:9 len:-1
../trading/order_gw/order_gateway.cpp:32 run() Thu Apr  9 18:47:48 2026 Sending client id: 5, seq: 11 MEClientRequest  [  Type: NEW Client: 5 Ticker: 3 Order id : 5005 Side: SELL Qty: 29 Price: 179 ] .
../low-latency-components/tcp_socket.h:108 sendAndRecv() Thu Apr  9 18:47:48 2026 send socket:9 len:-1
../trading/order_gw/order_gateway.cpp:32 run() Thu Apr  9 18:47:48 2026 Sending client id: 5, seq: 12 MEClientRequest  [  Type: CANCEL Client: 5 Ticker: 3 Order id : 5004 Side: BUY Qty: 85 Price: 173 ] .
../low-latency-components/tcp_socket.h:108 sendAndRecv() Thu Apr  9 18:47:48 2026 send socket:9 len:-1
../trading/order_gw/order_gateway.cpp:32 run() Thu Apr  9 18:47:48 2026 Sending client id: 5, seq: 13 MEClientRequest  [  Type: NEW Client: 5 Ticker: 3 Order id : 5006 Side: BUY Qty: 42 Price: 174 ] .
../low-latency-components/tcp_socket.h:108 sendAndRecv() Thu Apr  9 18:47:48 2026 send socket:9 len:-1
../trading/order_gw/order_gateway.cpp:32 run() Thu Apr  9 18:47:48 2026 Sending client id: 5, seq: 14 MEClientRequest  [  Type: CANCEL Client: 5 Ticker: 3 Order id : 5006 Side: BUY Qty: 42 Price: 174 ] .
../low-latency-components/tcp_socket.h:108 sendAndRecv() Thu Apr  9 18:47:48 2026 send socket:9 len:-1
../trading/order_gw/order_gateway.cpp:32 run() Thu Apr  9 18:47:48 2026 Sending client id: 5, seq: 15 MEClientRequest  [  Type: NEW Client: 5 Ticker: 1 Order id : 5007 Side: BUY Qty: 39 Price: 169 ] .
../low-latency-components/tcp_socket.h:108 sendAndRecv() Thu Apr  9 18:47:48 2026 send socket:9 len:-1
../trading/order_gw/order_gateway.cpp:32 run() Thu Apr  9 18:47:48 2026 Sending client id: 5, seq: 16 MEClientRequest  [  Type: CANCEL Client: 5 Ticker: 1 Order id : 5001 Side: SELL Qty: 50 Price: 172 ] .
../low-latency-components/tcp_socket.h:108 sendAndRecv() Thu Apr  9 18:47:48 2026 send socket:9 len:-1
../trading/order_gw/order_gateway.cpp:32 run() Thu Apr  9 18:47:48 2026 Sending client id: 5, seq: 17 MEClientRequest  [  Type: NEW Client: 5 Ticker: 3 Order id : 5008 Side: BUY Qty: 39 Price: 176 ] .
../low-latency-components/tcp_socket.h:108 sendAndRecv() Thu Apr  9 18:47:48 2026 send socket:9 len:-1
../trading/order_gw/order_gateway.cpp:32 run() Thu Apr  9 18:47:48 2026 Sending client id: 5, seq: 18 MEClientRequest  [  Type: CANCEL Client: 5 Ticker: 1 Order id : 5001 Side: SELL Qty: 50 Price: 172 ] .
../low-latency-components/tcp_socket.h:108 sendAndRecv() Thu Apr  9 18:47:48 2026 send socket:9 len:-1
../trading/order_gw/order_gateway.cpp:32 run() Thu Apr  9 18:47:48 2026 Sending client id: 5, seq: 19 MEClientRequest  [  Type: NEW Client: 5 Ticker: 1 Order id : 5009 Side: SELL Qty: 17 Price: 169 ] .
../low-latency-components/tcp_socket.h:108 sendAndRecv() Thu Apr  9 18:47:48 2026 send socket:9 len:-1
../trading/order_gw/order_gateway.cpp:32 run() Thu Apr  9 18:47:49 2026 Sending client id: 5, seq: 20 MEClientRequest  [  Type: CANCEL Client: 5 Ticker: 2 Order id : 5003 Side: BUY Qty: 7 Price: 115 ] .
../low-latency-components/tcp_socket.h:108 sendAndRecv() Thu Apr  9 18:47:49 2026 send socket:9 len:-1
../trading/order_gw/order_gateway.cpp:32 run() Thu Apr  9 18:47:49 2026 Sending client id: 5, seq: 21 MEClientRequest  [  Type: NEW Client: 5 Ticker: 0 Order id : 5010 Side: BUY Qty: 87 Price: 179 ] .
../low-latency-components/tcp_socket.h:108 sendAndRecv() Thu Apr  9 18:47:49 2026 send socket:9 len:-1
../trading/order_gw/order_gateway.cpp:32 run() Thu Apr  9 18:47:49 2026 Sending client id: 5, seq: 22 MEClientRequest  [  Type: CANCEL Client: 5 Ticker: 0 Order id : 5010 Side: BUY Qty: 87 Price: 179 ] .
../low-latency-components/tcp_socket.h:108 sendAndRecv() Thu Apr  9 18:47:49 2026 send socket:9 len:-1
../trading/order_gw/order_gateway.cpp:32 run() Thu Apr  9 18:47:49 2026 Sending client id: 5, seq: 23 MEClientRequest  [  Type: NEW Client: 5 Ticker: 1 Order id : 5011 Side: SELL Qty: 75 Price: 168 ] .
../low-latency-components/tcp_socket.h:108 sendAndRecv() Thu Apr  9 18:47:49 2026 send socket:9 len:-1
../trading/order_gw/order_gateway.cpp:32 run() Thu Apr  9 18:47:49 2026 Sending client id: 5, seq: 24 MEClientRequest  [  Type: CANCEL Client: 5 Ticker: 2 Order id : 5003 Side: BUY Qty: 7 Price: 115 ] .
../low-latency-components/tcp_socket.h:108 sendAndRecv() Thu Apr  9 18:47:49 2026 send socket:9 len:-1
../trading/order_gw/order_gateway.cpp:32 run() Thu Apr  9 18:47:49 2026 Sending client id: 5, seq: 25 MEClientRequest  [  Type: NEW Client: 5 Ticker: 1 Order id : 5012 Side: BUY Qty: 90 Price: 174 ] .
../low-latency-components/tcp_socket.h:108 sendAndRecv() Thu Apr  9 18:47:49 2026 send socket:9 len:-1
../trading/order_gw/order_gateway.cpp:32 run() Thu Apr  9 18:47:49 2026 Sending client id: 5, seq: 26 MEClientRequest  [  Type: CANCEL Client: 5 Ticker: 1 Order id : 5001 Side: SELL Qty: 50 Price: 172 ] .
../low-latency-components/tcp_socket.h:108 sendAndRecv() Thu Apr  9 18:47:49 2026 send socket:9 len:-1
../trading/order_gw/order_gateway.cpp:32 run() Thu Apr  9 18:47:49 2026 Sending client id: 5, seq: 27 MEClientRequest  [  Type: NEW Client: 5 Ticker: 2 Order id : 5013 Side: BUY Qty: 46 Price: 111 ] .
../low-latency-components/tcp_socket.h:108 sendAndRecv() Thu Apr  9 18:47:49 2026 send socket:9 len:-1
../trading/order_gw/order_gateway.cpp:32 run() Thu Apr  9 18:47:49 2026 Sending client id: 5, seq: 28 MEClientRequest  [  Type: CANCEL Client: 5 Ticker: 2 Order id : 5013 Side: BUY Qty: 46 Price: 111 ] .
../low-latency-components/tcp_socket.h:108 sendAndRecv() Thu Apr  9 18:47:49 2026 send socket:9 len:-1
../trading/order_gw/order_gateway.cpp:32 run() Thu Apr  9 18:47:49 2026 Sending client id: 5, seq: 29 MEClientRequest  [  Type: NEW Client: 5 Ticker: 1 Order id : 5014 Side: SELL Qty: 80 Price: 170 ] .
../low-latency-components/tcp_socket.h:108 sendAndRecv() Thu Apr  9 18:47:49 2026 send socket:9 len:-1
../trading/order_gw/order_gateway.cpp:32 run() Thu Apr  9 18:47:50 2026 Sending client id: 5, seq: 30 MEClientRequest  [  Type: CANCEL Client: 5 Ticker: 2 Order id : 5013 Side: BUY Qty: 46 Price: 111 ] .
../low-latency-components/tcp_socket.h:108 sendAndRecv() Thu Apr  9 18:47:50 2026 send socket:9 len:-1
../trading/order_gw/order_gateway.cpp:32 run() Thu Apr  9 18:47:50 2026 Sending client id: 5, seq: 31 MEClientRequest  [  Type: NEW Client: 5 Ticker: 3 Order id : 5015 Side: SELL Qty: 29 Price: 176 ] .
../low-latency-components/tcp_socket.h:108 sendAndRecv() Thu Apr  9 18:47:50 2026 send socket:9 len:-1
../trading/order_gw/order_gateway.cpp:32 run() Thu Apr  9 18:47:50 2026 Sending client id: 5, seq: 32 MEClientRequest  [  Type: CANCEL Client: 5 Ticker: 3 Order id : 5006 Side: BUY Qty: 42 Price: 174 ] .
../low-latency-components/tcp_socket.h:108 sendAndRecv() Thu Apr  9 18:47:50 2026 send socket:9 len:-1
../trading/order_gw/order_gateway.cpp:32 run() Thu Apr  9 18:47:50 2026 Sending client id: 5, seq: 33 MEClientRequest  [  Type: NEW Client: 5 Ticker: 0 Order id : 5016 Side: BUY Qty: 93 Price: 180 ] .
../low-latency-components/tcp_socket.h:108 sendAndRecv() Thu Apr  9 18:47:50 2026 send socket:9 len:-1
../trading/order_gw/order_gateway.cpp:32 run() Thu Apr  9 18:47:50 2026 Sending client id: 5, seq: 34 MEClientRequest  [  Type: CANCEL Client: 5 Ticker: 0 Order id : 5000 Side: BUY Qty: 22 Price: 178 ] .
../low-latency-components/tcp_socket.h:108 sendAndRecv() Thu Apr  9 18:47:50 2026 send socket:9 len:-1
../trading/order_gw/order_gateway.cpp:32 run() Thu Apr  9 18:47:50 2026 Sending client id: 5, seq: 35 MEClientRequest  [  Type: NEW Client: 5 Ticker: 2 Order id : 5017 Side: BUY Qty: 54 Price: 119 ] .
../low-latency-components/tcp_socket.h:108 sendAndRecv() Thu Apr  9 18:47:50 2026 send socket:9 len:-1
../trading/order_gw/order_gateway.cpp:32 run() Thu Apr  9 18:47:50 2026 Sending client id: 5, seq: 36 MEClientRequest  [  Type: CANCEL Client: 5 Ticker: 0 Order id : 5000 Side: BUY Qty: 22 Price: 178 ] .
../low-latency-components/tcp_socket.h:108 sendAndRecv() Thu Apr  9 18:47:50 2026 send socket:9 len:-1
../trading/order_gw/order_gateway.cpp:32 run() Thu Apr  9 18:47:50 2026 Sending client id: 5, seq: 37 MEClientRequest  [  Type: NEW Client: 5 Ticker: 3 Order id : 5018 Side: BUY Qty: 16 Price: 179 ] .
../low-latency-components/tcp_socket.h:108 sendAndRecv() Thu Apr  9 18:47:50 2026 send socket:9 len:-1
../trading/order_gw/order_gateway.cpp:32 run() Thu Apr  9 18:47:50 2026 Sending client id: 5, seq: 38 MEClientRequest  [  Type: CANCEL Client: 5 Ticker: 1 Order id : 5012 Side: BUY Qty: 90 Price: 174 ] .
../low-latency-components/tcp_socket.h:108 sendAndRecv() Thu Apr  9 18:47:50 2026 send socket:9 len:-1
../trading/order_gw/order_gateway.cpp:32 run() Thu Apr  9 18:47:50 2026 Sending client id: 5, seq: 39 MEClientRequest  [  Type: NEW Client: 5 Ticker: 2 Order id : 5019 Side: SELL Qty: 93 Price: 111 ] .
../low-latency-components/tcp_socket.h:108 sendAndRecv() Thu Apr  9 18:47:50 2026 send socket:9 len:-1
../trading/order_gw/order_gateway.cpp:32 run() Thu Apr  9 18:47:51 2026 Sending client id: 5, seq: 40 MEClientRequest  [  Type: CANCEL Client: 5 Ticker: 1 Order id : 5009 Side: SELL Qty: 17 Price: 169 ] .
../low-latency-components/tcp_socket.h:108 sendAndRecv() Thu Apr  9 18:47:51 2026 send socket:9 len:-1
../trading/order_gw/order_gateway.cpp:32 run() Thu Apr  9 18:47:51 2026 Sending client id: 5, seq: 41 MEClientRequest  [  Type: NEW Client: 5 Ticker: 2 Order id : 5020 Side: SELL Qty: 38 Price: 113 ] .
../low-latency-components/tcp_socket.h:108 sendAndRecv() Thu Apr  9 18:47:51 2026 send socket:9 len:-1
../trading/order_gw/order_gateway.cpp:32 run() Thu Apr  9 18:47:51 2026 Sending client id: 5, seq: 42 MEClientRequest  [  Type: CANCEL Client: 5 Ticker: 2 Order id : 5003 Side: BUY Qty: 7 Price: 115 ] .
../low-latency-components/tcp_socket.h:108 sendAndRecv() Thu Apr  9 18:47:51 2026 send socket:9 len:-1
../trading/order_gw/order_gateway.cpp:32 run() Thu Apr  9 18:47:51 2026 Sending client id: 5, seq: 43 MEClientRequest  [  Type: NEW Client: 5 Ticker: 1 Order id : 5021 Side: SELL Qty: 80 Price: 169 ] .
../low-latency-components/tcp_socket.h:108 sendAndRecv() Thu Apr  9 18:47:51 2026 send socket:9 len:-1
../trading/order_gw/order_gateway.cpp:32 run() Thu Apr  9 18:47:51 2026 Sending client id: 5, seq: 44 MEClientRequest  [  Type: CANCEL Client: 5 Ticker: 1 Order id : 5007 Side: BUY Qty: 39 Price: 169 ] .
../low-latency-components/tcp_socket.h:108 sendAndRecv() Thu Apr  9 18:47:51 2026 send socket:9 len:-1
../trading/order_gw/order_gateway.cpp:32 run() Thu Apr  9 18:47:51 2026 Sending client id: 5, seq: 45 MEClientRequest  [  Type: NEW Client: 5 Ticker: 0 Order id : 5022 Side: BUY Qty: 34 Price: 176 ] .
../low-latency-components/tcp_socket.h:108 sendAndRecv() Thu Apr  9 18:47:51 2026 send socket:9 len:-1
../trading/order_gw/order_gateway.cpp:32 run() Thu Apr  9 18:47:51 2026 Sending client id: 5, seq: 46 MEClientRequest  [  Type: CANCEL Client: 5 Ticker: 3 Order id : 5018 Side: BUY Qty: 16 Price: 179 ] .
../low-latency-components/tcp_socket.h:108 sendAndRecv() Thu Apr  9 18:47:51 2026 send socket:9 len:-1
../trading/order_gw/order_gateway.cpp:32 run() Thu Apr  9 18:47:51 2026 Sending client id: 5, seq: 47 MEClientRequest  [  Type: NEW Client: 5 Ticker: 2 Order id : 5023 Side: SELL Qty: 69 Price: 117 ] .
../low-latency-components/tcp_socket.h:108 sendAndRecv() Thu Apr  9 18:47:51 2026 send socket:9 len:-1
../trading/order_gw/order_gateway.cpp:32 run() Thu Apr  9 18:47:51 2026 Sending client id: 5, seq: 48 MEClientRequest  [  Type: CANCEL Client: 5 Ticker: 3 Order id : 5005 Side: SELL Qty: 29 Price: 179 ] .
../low-latency-components/tcp_socket.h:108 sendAndRecv() Thu Apr  9 18:47:51 2026 send socket:9 len:-1
../trading/order_gw/order_gateway.cpp:32 run() Thu Apr  9 18:47:51 2026 Sending client id: 5, seq: 49 MEClientRequest  [  Type: NEW Client: 5 Ticker: 2 Order id : 5024 Side: SELL Qty: 100 Price: 117 ] .
../low-latency-components/tcp_socket.h:108 sendAndRecv() Thu Apr  9 18:47:51 2026 send socket:9 len:-1
../trading/order_gw/order_gateway.cpp:32 run() Thu Apr  9 18:47:52 2026 Sending client id: 5, seq: 50 MEClientRequest  [  Type: CANCEL Client: 5 Ticker: 2 Order id : 5020 Side: SELL Qty: 38 Price: 113 ] .
../low-latency-components/tcp_socket.h:108 sendAndRecv() Thu Apr  9 18:47:52 2026 send socket:9 len:-1
../trading/order_gw/order_gateway.cpp:32 run() Thu Apr  9 18:47:52 2026 Sending client id: 5, seq: 51 MEClientRequest  [  Type: NEW Client: 5 Ticker: 3 Order id : 5025 Side: BUY Qty: 69 Price: 179 ] .
../low-latency-components/tcp_socket.h:108 sendAndRecv() Thu Apr  9 18:47:52 2026 send socket:9 len:-1
../trading/order_gw/order_gateway.cpp:32 run() Thu Apr  9 18:47:52 2026 Sending client id: 5, seq: 52 MEClientRequest  [  Type: CANCEL Client: 5 Ticker: 2 Order id : 5017 Side: BUY Qty: 54 Price: 119 ] .
../low-latency-components/tcp_socket.h:108 sendAndRecv() Thu Apr  9 18:47:52 2026 send socket:9 len:-1
../trading/order_gw/order_gateway.cpp:32 run() Thu Apr  9 18:47:52 2026 Sending client id: 5, seq: 53 MEClientRequest  [  Type: NEW Client: 5 Ticker: 1 Order id : 5026 Side: BUY Qty: 3 Price: 167 ] .
../low-latency-components/tcp_socket.h:108 sendAndRecv() Thu Apr  9 18:47:52 2026 send socket:9 len:-1
../trading/order_gw/order_gateway.cpp:32 run() Thu Apr  9 18:47:52 2026 Sending client id: 5, seq: 54 MEClientRequest  [  Type: CANCEL Client: 5 Ticker: 3 Order id : 5005 Side: SELL Qty: 29 Price: 179 ] .
../low-latency-components/tcp_socket.h:108 sendAndRecv() Thu Apr  9 18:47:52 2026 send socket:9 len:-1
../trading/order_gw/order_gateway.cpp:32 run() Thu Apr  9 18:47:52 2026 Sending client id: 5, seq: 55 MEClientRequest  [  Type: NEW Client: 5 Ticker: 3 Order id : 5027 Side: BUY Qty: 23 Price: 177 ] .
../low-latency-components/tcp_socket.h:108 sendAndRecv() Thu Apr  9 18:47:52 2026 send socket:9 len:-1
../trading/order_gw/order_gateway.cpp:32 run() Thu Apr  9 18:47:52 2026 Sending client id: 5, seq: 56 MEClientRequest  [  Type: CANCEL Client: 5 Ticker: 1 Order id : 5011 Side: SELL Qty: 75 Price: 168 ] .
../low-latency-components/tcp_socket.h:108 sendAndRecv() Thu Apr  9 18:47:52 2026 send socket:9 len:-1
../trading/order_gw/order_gateway.cpp:32 run() Thu Apr  9 18:47:52 2026 Sending client id: 5, seq: 57 MEClientRequest  [  Type: NEW Client: 5 Ticker: 3 Order id : 5028 Side: BUY Qty: 37 Price: 180 ] .
../low-latency-components/tcp_socket.h:108 sendAndRecv() Thu Apr  9 18:47:52 2026 send socket:9 len:-1
../trading/order_gw/order_gateway.cpp:32 run() Thu Apr  9 18:47:52 2026 Sending client id: 5, seq: 58 MEClientRequest  [  Type: CANCEL Client: 5 Ticker: 0 Order id : 5010 Side: BUY Qty: 87 Price: 179 ] .
../low-latency-components/tcp_socket.h:108 sendAndRecv() Thu Apr  9 18:47:52 2026 send socket:9 len:-1
../trading/order_gw/order_gateway.cpp:32 run() Thu Apr  9 18:47:52 2026 Sending client id: 5, seq: 59 MEClientRequest  [  Type: NEW Client: 5 Ticker: 1 Order id : 5029 Side: SELL Qty: 45 Price: 173 ] .
../low-latency-components/tcp_socket.h:108 sendAndRecv() Thu Apr  9 18:47:52 2026 send socket:9 len:-1
../trading/order_gw/order_gateway.cpp:32 run() Thu Apr  9 18:47:53 2026 Sending client id: 5, seq: 60 MEClientRequest  [  Type: CANCEL Client: 5 Ticker: 2 Order id : 5023 Side: SELL Qty: 69 Price: 117 ] .
../low-latency-components/tcp_socket.h:108 sendAndRecv() Thu Apr  9 18:47:53 2026 send socket:9 len:-1
../trading/order_gw/order_gateway.cpp:32 run() Thu Apr  9 18:47:53 2026 Sending client id: 5, seq: 61 MEClientRequest  [  Type: NEW Client: 5 Ticker: 0 Order id : 5030 Side: SELL Qty: 71 Price: 176 ] .
../low-latency-components/tcp_socket.h:108 sendAndRecv() Thu Apr  9 18:47:53 2026 send socket:9 len:-1
../trading/order_gw/order_gateway.cpp:32 run() Thu Apr  9 18:47:53 2026 Sending client id: 5, seq: 62 MEClientRequest  [  Type: CANCEL Client: 5 Ticker: 0 Order id : 5000 Side: BUY Qty: 22 Price: 178 ] .
../low-latency-components/tcp_socket.h:108 sendAndRecv() Thu Apr  9 18:47:53 2026 send socket:9 len:-1
../trading/order_gw/order_gateway.cpp:32 run() Thu Apr  9 18:47:53 2026 Sending client id: 5, seq: 63 MEClientRequest  [  Type: NEW Client: 5 Ticker: 3 Order id : 5031 Side: SELL Qty: 79 Price: 181 ] .
../low-latency-components/tcp_socket.h:108 sendAndRecv() Thu Apr  9 18:47:53 2026 send socket:9 len:-1
../trading/order_gw/order_gateway.cpp:32 run() Thu Apr  9 18:47:53 2026 Sending client id: 5, seq: 64 MEClientRequest  [  Type: CANCEL Client: 5 Ticker: 1 Order id : 5001 Side: SELL Qty: 50 Price: 172 ] .
../low-latency-components/tcp_socket.h:108 sendAndRecv() Thu Apr  9 18:47:53 2026 send socket:9 len:-1
../trading/order_gw/order_gateway.cpp:32 run() Thu Apr  9 18:47:53 2026 Sending client id: 5, seq: 65 MEClientRequest  [  Type: NEW Client: 5 Ticker: 2 Order id : 5032 Side: BUY Qty: 8 Price: 114 ] .
../low-latency-components/tcp_socket.h:108 sendAndRecv() Thu Apr  9 18:47:53 2026 send socket:9 len:-1
../trading/order_gw/order_gateway.cpp:32 run() Thu Apr  9 18:47:53 2026 Sending client id: 5, seq: 66 MEClientRequest  [  Type: CANCEL Client: 5 Ticker: 2 Order id : 5017 Side: BUY Qty: 54 Price: 119 ] .
../low-latency-components/tcp_socket.h:108 sendAndRecv() Thu Apr  9 18:47:53 2026 send socket:9 len:-1
../trading/order_gw/order_gateway.cpp:32 run() Thu Apr  9 18:47:53 2026 Sending client id: 5, seq: 67 MEClientRequest  [  Type: NEW Client: 5 Ticker: 0 Order id : 5033 Side: SELL Qty: 17 Price: 179 ] .
../low-latency-components/tcp_socket.h:108 sendAndRecv() Thu Apr  9 18:47:53 2026 send socket:9 len:-1
../trading/order_gw/order_gateway.cpp:32 run() Thu Apr  9 18:47:53 2026 Sending client id: 5, seq: 68 MEClientRequest  [  Type: CANCEL Client: 5 Ticker: 3 Order id : 5028 Side: BUY Qty: 37 Price: 180 ] .
../low-latency-components/tcp_socket.h:108 sendAndRecv() Thu Apr  9 18:47:53 2026 send socket:9 len:-1
../trading/order_gw/order_gateway.cpp:32 run() Thu Apr  9 18:47:53 2026 Sending client id: 5, seq: 69 MEClientRequest  [  Type: NEW Client: 5 Ticker: 2 Order id : 5034 Side: BUY Qty: 36 Price: 112 ] .
../low-latency-components/tcp_socket.h:108 sendAndRecv() Thu Apr  9 18:47:53 2026 send socket:9 len:-1
../trading/order_gw/order_gateway.cpp:32 run() Thu Apr  9 18:47:54 2026 Sending client id: 5, seq: 70 MEClientRequest  [  Type: CANCEL Client: 5 Ticker: 1 Order id : 5026 Side: BUY Qty: 3 Price: 167 ] .
../low-latency-components/tcp_socket.h:108 sendAndRecv() Thu Apr  9 18:47:54 2026 send socket:9 len:-1
../trading/order_gw/order_gateway.cpp:32 run() Thu Apr  9 18:47:54 2026 Sending client id: 5, seq: 71 MEClientRequest  [  Type: NEW Client: 5 Ticker: 3 Order id : 5035 Side: SELL Qty: 27 Price: 173 ] .
../low-latency-components/tcp_socket.h:108 sendAndRecv() Thu Apr  9 18:47:54 2026 send socket:9 len:-1
../trading/order_gw/order_gateway.cpp:32 run() Thu Apr  9 18:47:54 2026 Sending client id: 5, seq: 72 MEClientRequest  [  Type: CANCEL Client: 5 Ticker: 2 Order id : 5023 Side: SELL Qty: 69 Price: 117 ] .
../low-latency-components/tcp_socket.h:108 sendAndRecv() Thu Apr  9 18:47:54 2026 send socket:9 len:-1
../trading/order_gw/order_gateway.cpp:32 run() Thu Apr  9 18:47:54 2026 Sending client id: 5, seq: 73 MEClientRequest  [  Type: NEW Client: 5 Ticker: 0 Order id : 5036 Side: SELL Qty: 19 Price: 176 ] .
../low-latency-components/tcp_socket.h:108 sendAndRecv() Thu Apr  9 18:47:54 2026 send socket:9 len:-1
../trading/order_gw/order_gateway.cpp:32 run() Thu Apr  9 18:47:54 2026 Sending client id: 5, seq: 74 MEClientRequest  [  Type: CANCEL Client: 5 Ticker: 3 Order id : 5025 Side: BUY Qty: 69 Price: 179 ] .
../low-latency-components/tcp_socket.h:108 sendAndRecv() Thu Apr  9 18:47:54 2026 send socket:9 len:-1
../trading/order_gw/order_gateway.cpp:32 run() Thu Apr  9 18:47:54 2026 Sending client id: 5, seq: 75 MEClientRequest  [  Type: NEW Client: 5 Ticker: 0 Order id : 5037 Side: SELL Qty: 97 Price: 183 ] .
../low-latency-components/tcp_socket.h:108 sendAndRecv() Thu Apr  9 18:47:54 2026 send socket:9 len:-1
../trading/order_gw/order_gateway.cpp:32 run() Thu Apr  9 18:47:54 2026 Sending client id: 5, seq: 76 MEClientRequest  [  Type: CANCEL Client: 5 Ticker: 2 Order id : 5017 Side: BUY Qty: 54 Price: 119 ] .
../low-latency-components/tcp_socket.h:108 sendAndRecv() Thu Apr  9 18:47:54 2026 send socket:9 len:-1
../trading/order_gw/order_gateway.cpp:32 run() Thu Apr  9 18:47:54 2026 Sending client id: 5, seq: 77 MEClientRequest  [  Type: NEW Client: 5 Ticker: 0 Order id : 5038 Side: SELL Qty: 57 Price: 182 ] .
../low-latency-components/tcp_socket.h:108 sendAndRecv() Thu Apr  9 18:47:54 2026 send socket:9 len:-1
../trading/order_gw/order_gateway.cpp:32 run() Thu Apr  9 18:47:54 2026 Sending client id: 5, seq: 78 MEClientRequest  [  Type: CANCEL Client: 5 Ticker: 0 Order id : 5016 Side: BUY Qty: 93 Price: 180 ] .
../low-latency-components/tcp_socket.h:108 sendAndRecv() Thu Apr  9 18:47:54 2026 send socket:9 len:-1
../trading/order_gw/order_gateway.cpp:32 run() Thu Apr  9 18:47:54 2026 Sending client id: 5, seq: 79 MEClientRequest  [  Type: NEW Client: 5 Ticker: 3 Order id : 5039 Side: SELL Qty: 13 Price: 178 ] .
../low-latency-components/tcp_socket.h:108 sendAndRecv() Thu Apr  9 18:47:54 2026 send socket:9 len:-1
../trading/order_gw/order_gateway.cpp:32 run() Thu Apr  9 18:47:55 2026 Sending client id: 5, seq: 80 MEClientRequest  [  Type: CANCEL Client: 5 Ticker: 3 Order id : 5005 Side: SELL Qty: 29 Price: 179 ] .
../low-latency-components/tcp_socket.h:108 sendAndRecv() Thu Apr  9 18:47:55 2026 send socket:9 len:-1
../trading/order_gw/order_gateway.cpp:32 run() Thu Apr  9 18:47:55 2026 Sending client id: 5, seq: 81 MEClientRequest  [  Type: NEW Client: 5 Ticker: 3 Order id : 5040 Side: BUY Qty: 20 Price: 173 ] .
../low-latency-components/tcp_socket.h:108 sendAndRecv() Thu Apr  9 18:47:55 2026 send socket:9 len:-1
../trading/order_gw/order_gateway.cpp:32 run() Thu Apr  9 18:47:55 2026 Sending client id: 5, seq: 82 MEClientRequest  [  Type: CANCEL Client: 5 Ticker: 3 Order id : 5040 Side: BUY Qty: 20 Price: 173 ] .
../low-latency-components/tcp_socket.h:108 sendAndRecv() Thu Apr  9 18:47:55 2026 send socket:9 len:-1
../trading/order_gw/order_gateway.cpp:32 run() Thu Apr  9 18:47:55 2026 Sending client id: 5, seq: 83 MEClientRequest  [  Type: NEW Client: 5 Ticker: 2 Order id : 5041 Side: BUY Qty: 50 Price: 117 ] .
../low-latency-components/tcp_socket.h:108 sendAndRecv() Thu Apr  9 18:47:55 2026 send socket:9 len:-1
../trading/order_gw/order_gateway.cpp:32 run() Thu Apr  9 18:47:55 2026 Sending client id: 5, seq: 84 MEClientRequest  [  Type: CANCEL Client: 5 Ticker: 2 Order id : 5002 Side: SELL Qty: 22 Price: 111 ] .
../low-latency-components/tcp_socket.h:108 sendAndRecv() Thu Apr  9 18:47:55 2026 send socket:9 len:-1
../trading/order_gw/order_gateway.cpp:32 run() Thu Apr  9 18:47:55 2026 Sending client id: 5, seq: 85 MEClientRequest  [  Type: NEW Client: 5 Ticker: 3 Order id : 5042 Side: BUY Qty: 35 Price: 174 ] .
../low-latency-components/tcp_socket.h:108 sendAndRecv() Thu Apr  9 18:47:55 2026 send socket:9 len:-1
../trading/order_gw/order_gateway.cpp:32 run() Thu Apr  9 18:47:55 2026 Sending client id: 5, seq: 86 MEClientRequest  [  Type: CANCEL Client: 5 Ticker: 2 Order id : 5024 Side: SELL Qty: 100 Price: 117 ] .
../low-latency-components/tcp_socket.h:108 sendAndRecv() Thu Apr  9 18:47:55 2026 send socket:9 len:-1
../trading/order_gw/order_gateway.cpp:32 run() Thu Apr  9 18:47:55 2026 Sending client id: 5, seq: 87 MEClientRequest  [  Type: NEW Client: 5 Ticker: 2 Order id : 5043 Side: BUY Qty: 92 Price: 114 ] .
../low-latency-components/tcp_socket.h:108 sendAndRecv() Thu Apr  9 18:47:55 2026 send socket:9 len:-1
../trading/order_gw/order_gateway.cpp:32 run() Thu Apr  9 18:47:55 2026 Sending client id: 5, seq: 88 MEClientRequest  [  Type: CANCEL Client: 5 Ticker: 2 Order id : 5019 Side: SELL Qty: 93 Price: 111 ] .
../low-latency-components/tcp_socket.h:108 sendAndRecv() Thu Apr  9 18:47:55 2026 send socket:9 len:-1
../trading/order_gw/order_gateway.cpp:32 run() Thu Apr  9 18:47:55 2026 Sending client id: 5, seq: 89 MEClientRequest  [  Type: NEW Client: 5 Ticker: 2 Order id : 5044 Side: BUY Qty: 82 Price: 118 ] .
../low-latency-components/tcp_socket.h:108 sendAndRecv() Thu Apr  9 18:47:55 2026 send socket:9 len:-1
../trading/order_gw/order_gateway.cpp:32 run() Thu Apr  9 18:47:56 2026 Sending client id: 5, seq: 90 MEClientRequest  [  Type: CANCEL Client: 5 Ticker: 3 Order id : 5025 Side: BUY Qty: 69 Price: 179 ] .
../low-latency-components/tcp_socket.h:108 sendAndRecv() Thu Apr  9 18:47:56 2026 send socket:9 len:-1
../trading/order_gw/order_gateway.cpp:32 run() Thu Apr  9 18:47:56 2026 Sending client id: 5, seq: 91 MEClientRequest  [  Type: NEW Client: 5 Ticker: 0 Order id : 5045 Side: BUY Qty: 32 Price: 180 ] .
../low-latency-components/tcp_socket.h:108 sendAndRecv() Thu Apr  9 18:47:56 2026 send socket:9 len:-1
../trading/order_gw/order_gateway.cpp:32 run() Thu Apr  9 18:47:56 2026 Sending client id: 5, seq: 92 MEClientRequest  [  Type: CANCEL Client: 5 Ticker: 1 Order id : 5029 Side: SELL Qty: 45 Price: 173 ] .
../low-latency-components/tcp_socket.h:108 sendAndRecv() Thu Apr  9 18:47:56 2026 send socket:9 len:-1
../trading/order_gw/order_gateway.cpp:32 run() Thu Apr  9 18:47:56 2026 Sending client id: 5, seq: 93 MEClientRequest  [  Type: NEW Client: 5 Ticker: 3 Order id : 5046 Side: BUY Qty: 29 Price: 181 ] .
../low-latency-components/tcp_socket.h:108 sendAndRecv() Thu Apr  9 18:47:56 2026 send socket:9 len:-1
../trading/order_gw/order_gateway.cpp:32 run() Thu Apr  9 18:47:56 2026 Sending client id: 5, seq: 94 MEClientRequest  [  Type: CANCEL Client: 5 Ticker: 3 Order id : 5025 Side: BUY Qty: 69 Price: 179 ] .
../low-latency-components/tcp_socket.h:108 sendAndRecv() Thu Apr  9 18:47:56 2026 send socket:9 len:-1
../trading/order_gw/order_gateway.cpp:32 run() Thu Apr  9 18:47:56 2026 Sending client id: 5, seq: 95 MEClientRequest  [  Type: NEW Client: 5 Ticker: 1 Order id : 5047 Side: SELL Qty: 10 Price: 167 ] .
../low-latency-components/tcp_socket.h:108 sendAndRecv() Thu Apr  9 18:47:56 2026 send socket:9 len:-1
../trading/order_gw/order_gateway.cpp:32 run() Thu Apr  9 18:47:56 2026 Sending client id: 5, seq: 96 MEClientRequest  [  Type: CANCEL Client: 5 Ticker: 0 Order id : 5022 Side: BUY Qty: 34 Price: 176 ] .
../low-latency-components/tcp_socket.h:108 sendAndRecv() Thu Apr  9 18:47:56 2026 send socket:9 len:-1
../trading/order_gw/order_gateway.cpp:32 run() Thu Apr  9 18:47:56 2026 Sending client id: 5, seq: 97 MEClientRequest  [  Type: NEW Client: 5 Ticker: 3 Order id : 5048 Side: SELL Qty: 8 Price: 182 ] .
../low-latency-components/tcp_socket.h:108 sendAndRecv() Thu Apr  9 18:47:56 2026 send socket:9 len:-1
../trading/order_gw/order_gateway.cpp:32 run() Thu Apr  9 18:47:56 2026 Sending client id: 5, seq: 98 MEClientRequest  [  Type: CANCEL Client: 5 Ticker: 1 Order id : 5014 Side: SELL Qty: 80 Price: 170 ] .
../low-latency-components/tcp_socket.h:108 sendAndRecv() Thu Apr  9 18:47:56 2026 send socket:9 len:-1
../trading/order_gw/order_gateway.cpp:32 run() Thu Apr  9 18:47:56 2026 Sending client id: 5, seq: 99 MEClientRequest  [  Type: NEW Client: 5 Ticker: 3 Order id : 5049 Side: SELL Qty: 82 Price: 181 ] .
../low-latency-components/tcp_socket.h:108 sendAndRecv() Thu Apr  9 18:47:56 2026 send socket:9 len:-1
../trading/order_gw/order_gateway.cpp:32 run() Thu Apr  9 18:47:57 2026 Sending client id: 5, seq: 100 MEClientRequest  [  Type: CANCEL Client: 5 Ticker: 3 Order id : 5035 Side: SELL Qty: 27 Price: 173 ] .
../low-latency-components/tcp_socket.h:108 sendAndRecv() Thu Apr  9 18:47:57 2026 send socket:9 len:-1
../trading/order_gw/order_gateway.cpp:32 run() Thu Apr  9 18:47:57 2026 Sending client id: 5, seq: 101 MEClientRequest  [  Type: NEW Client: 5 Ticker: 3 Order id : 5050 Side: BUY Qty: 54 Price: 179 ] .
../low-latency-components/tcp_socket.h:108 sendAndRecv() Thu Apr  9 18:47:57 2026 send socket:9 len:-1
../trading/order_gw/order_gateway.cpp:32 run() Thu Apr  9 18:47:57 2026 Sending client id: 5, seq: 102 MEClientRequest  [  Type: CANCEL Client: 5 Ticker: 0 Order id : 5038 Side: SELL Qty: 57 Price: 182 ] .
../low-latency-components/tcp_socket.h:108 sendAndRecv() Thu Apr  9 18:47:57 2026 send socket:9 len:-1
../trading/order_gw/order_gateway.cpp:32 run() Thu Apr  9 18:47:57 2026 Sending client id: 5, seq: 103 MEClientRequest  [  Type: NEW Client: 5 Ticker: 3 Order id : 5051 Side: SELL Qty: 83 Price: 176 ] .
../low-latency-components/tcp_socket.h:108 sendAndRecv() Thu Apr  9 18:47:57 2026 send socket:9 len:-1
../trading/order_gw/order_gateway.cpp:32 run() Thu Apr  9 18:47:57 2026 Sending client id: 5, seq: 104 MEClientRequest  [  Type: CANCEL Client: 5 Ticker: 0 Order id : 5022 Side: BUY Qty: 34 Price: 176 ] .
../low-latency-components/tcp_socket.h:108 sendAndRecv() Thu Apr  9 18:47:57 2026 send socket:9 len:-1
../trading/order_gw/order_gateway.cpp:32 run() Thu Apr  9 18:47:57 2026 Sending client id: 5, seq: 105 MEClientRequest  [  Type: NEW Client: 5 Ticker: 0 Order id : 5052 Side: SELL Qty: 75 Price: 185 ] .
../low-latency-components/tcp_socket.h:108 sendAndRecv() Thu Apr  9 18:47:57 2026 send socket:9 len:-1
../trading/order_gw/order_gateway.cpp:32 run() Thu Apr  9 18:47:57 2026 Sending client id: 5, seq: 106 MEClientRequest  [  Type: CANCEL Client: 5 Ticker: 0 Order id : 5010 Side: BUY Qty: 87 Price: 179 ] .
../low-latency-components/tcp_socket.h:108 sendAndRecv() Thu Apr  9 18:47:57 2026 send socket:9 len:-1
../trading/order_gw/order_gateway.cpp:32 run() Thu Apr  9 18:47:57 2026 Sending client id: 5, seq: 107 MEClientRequest  [  Type: NEW Client: 5 Ticker: 1 Order id : 5053 Side: BUY Qty: 40 Price: 169 ] .
../low-latency-components/tcp_socket.h:108 sendAndRecv() Thu Apr  9 18:47:57 2026 send socket:9 len:-1
../trading/order_gw/order_gateway.cpp:32 run() Thu Apr  9 18:47:57 2026 Sending client id: 5, seq: 108 MEClientRequest  [  Type: CANCEL Client: 5 Ticker: 0 Order id : 5045 Side: BUY Qty: 32 Price: 180 ] .
../low-latency-components/tcp_socket.h:108 sendAndRecv() Thu Apr  9 18:47:57 2026 send socket:9 len:-1
../trading/order_gw/order_gateway.cpp:32 run() Thu Apr  9 18:47:57 2026 Sending client id: 5, seq: 109 MEClientRequest  [  Type: NEW Client: 5 Ticker: 1 Order id : 5054 Side: BUY Qty: 91 Price: 174 ] .
../low-latency-components/tcp_socket.h:108 sendAndRecv() Thu Apr  9 18:47:57 2026 send socket:9 len:-1
../trading/order_gw/order_gateway.cpp:32 run() Thu Apr  9 18:47:58 2026 Sending client id: 5, seq: 110 MEClientRequest  [  Type: CANCEL Client: 5 Ticker: 1 Order id : 5011 Side: SELL Qty: 75 Price: 168 ] .
../low-latency-components/tcp_socket.h:108 sendAndRecv() Thu Apr  9 18:47:58 2026 send socket:9 len:-1
../trading/order_gw/order_gateway.cpp:32 run() Thu Apr  9 18:47:58 2026 Sending client id: 5, seq: 111 MEClientRequest  [  Type: NEW Client: 5 Ticker: 3 Order id : 5055 Side: BUY Qty: 48 Price: 173 ] .
../low-latency-components/tcp_socket.h:108 sendAndRecv() Thu Apr  9 18:47:58 2026 send socket:9 len:-1
../trading/order_gw/order_gateway.cpp:32 run() Thu Apr  9 18:47:58 2026 Sending client id: 5, seq: 112 MEClientRequest  [  Type: CANCEL Client: 5 Ticker: 0 Order id : 5036 Side: SELL Qty: 19 Price: 176 ] .
../low-latency-components/tcp_socket.h:108 sendAndRecv() Thu Apr  9 18:47:58 2026 send socket:9 len:-1
../trading/order_gw/order_gateway.cpp:32 run() Thu Apr  9 18:47:58 2026 Sending client id: 5, seq: 113 MEClientRequest  [  Type: NEW Client: 5 Ticker: 1 Order id : 5056 Side: BUY Qty: 2 Price: 175 ] .
../low-latency-components/tcp_socket.h:108 sendAndRecv() Thu Apr  9 18:47:58 2026 send socket:9 len:-1
../trading/order_gw/order_gateway.cpp:32 run() Thu Apr  9 18:47:58 2026 Sending client id: 5, seq: 114 MEClientRequest  [  Type: CANCEL Client: 5 Ticker: 2 Order id : 5032 Side: BUY Qty: 8 Price: 114 ] .
../low-latency-components/tcp_socket.h:108 sendAndRecv() Thu Apr  9 18:47:58 2026 send socket:9 len:-1
../trading/order_gw/order_gateway.cpp:32 run() Thu Apr  9 18:47:58 2026 Sending client id: 5, seq: 115 MEClientRequest  [  Type: NEW Client: 5 Ticker: 1 Order id : 5057 Side: BUY Qty: 52 Price: 173 ] .
../low-latency-components/tcp_socket.h:108 sendAndRecv() Thu Apr  9 18:47:58 2026 send socket:9 len:-1
../trading/order_gw/order_gateway.cpp:32 run() Thu Apr  9 18:47:58 2026 Sending client id: 5, seq: 116 MEClientRequest  [  Type: CANCEL Client: 5 Ticker: 3 Order id : 5039 Side: SELL Qty: 13 Price: 178 ] .
../low-latency-components/tcp_socket.h:108 sendAndRecv() Thu Apr  9 18:47:58 2026 send socket:9 len:-1
../trading/order_gw/order_gateway.cpp:32 run() Thu Apr  9 18:47:58 2026 Sending client id: 5, seq: 117 MEClientRequest  [  Type: NEW Client: 5 Ticker: 0 Order id : 5058 Side: BUY Qty: 50 Price: 185 ] .
../low-latency-components/tcp_socket.h:108 sendAndRecv() Thu Apr  9 18:47:58 2026 send socket:9 len:-1
../trading/order_gw/order_gateway.cpp:32 run() Thu Apr  9 18:47:58 2026 Sending client id: 5, seq: 118 MEClientRequest  [  Type: CANCEL Client: 5 Ticker: 0 Order id : 5036 Side: SELL Qty: 19 Price: 176 ] .
../low-latency-components/tcp_socket.h:108 sendAndRecv() Thu Apr  9 18:47:58 2026 send socket:9 len:-1
../trading/order_gw/order_gateway.cpp:32 run() Thu Apr  9 18:47:58 2026 Sending client id: 5, seq: 119 MEClientRequest  [  Type: NEW Client: 5 Ticker: 3 Order id : 5059 Side: SELL Qty: 95 Price: 181 ] .
../low-latency-components/tcp_socket.h:108 sendAndRecv() Thu Apr  9 18:47:58 2026 send socket:9 len:-1
../trading/order_gw/order_gateway.cpp:32 run() Thu Apr  9 18:47:59 2026 Sending client id: 5, seq: 120 MEClientRequest  [  Type: CANCEL Client: 5 Ticker: 2 Order id : 5044 Side: BUY Qty: 82 Price: 118 ] .
../low-latency-components/tcp_socket.h:108 sendAndRecv() Thu Apr  9 18:47:59 2026 send socket:9 len:-1
../trading/order_gw/order_gateway.cpp:32 run() Thu Apr  9 18:47:59 2026 Sending client id: 5, seq: 121 MEClientRequest  [  Type: NEW Client: 5 Ticker: 0 Order id : 5060 Side: BUY Qty: 66 Price: 185 ] .
../low-latency-components/tcp_socket.h:108 sendAndRecv() Thu Apr  9 18:47:59 2026 send socket:9 len:-1
../trading/order_gw/order_gateway.cpp:32 run() Thu Apr  9 18:47:59 2026 Sending client id: 5, seq: 122 MEClientRequest  [  Type: CANCEL Client: 5 Ticker: 2 Order id : 5024 Side: SELL Qty: 100 Price: 117 ] .
../low-latency-components/tcp_socket.h:108 sendAndRecv() Thu Apr  9 18:47:59 2026 send socket:9 len:-1
../trading/order_gw/order_gateway.cpp:32 run() Thu Apr  9 18:47:59 2026 Sending client id: 5, seq: 123 MEClientRequest  [  Type: NEW Client: 5 Ticker: 1 Order id : 5061 Side: BUY Qty: 54 Price: 173 ] .
../low-latency-components/tcp_socket.h:108 sendAndRecv() Thu Apr  9 18:47:59 2026 send socket:9 len:-1
../trading/order_gw/order_gateway.cpp:32 run() Thu Apr  9 18:47:59 2026 Sending client id: 5, seq: 124 MEClientRequest  [  Type: CANCEL Client: 5 Ticker: 0 Order id : 5060 Side: BUY Qty: 66 Price: 185 ] .
../low-latency-components/tcp_socket.h:108 sendAndRecv() Thu Apr  9 18:47:59 2026 send socket:9 len:-1
../trading/order_gw/order_gateway.cpp:32 run() Thu Apr  9 18:47:59 2026 Sending client id: 5, seq: 125 MEClientRequest  [  Type: NEW Client: 5 Ticker: 1 Order id : 5062 Side: BUY Qty: 73 Price: 171 ] .
../low-latency-components/tcp_socket.h:108 sendAndRecv() Thu Apr  9 18:47:59 2026 send socket:9 len:-1
../trading/order_gw/order_gateway.cpp:32 run() Thu Apr  9 18:47:59 2026 Sending client id: 5, seq: 126 MEClientRequest  [  Type: CANCEL Client: 5 Ticker: 3 Order id : 5040 Side: BUY Qty: 20 Price: 173 ] .
../low-latency-components/tcp_socket.h:108 sendAndRecv() Thu Apr  9 18:47:59 2026 send socket:9 len:-1
../trading/order_gw/order_gateway.cpp:32 run() Thu Apr  9 18:47:59 2026 Sending client id: 5, seq: 127 MEClientRequest  [  Type: NEW Client: 5 Ticker: 2 Order id : 5063 Side: SELL Qty: 81 Price: 116 ] .
../low-latency-components/tcp_socket.h:108 sendAndRecv() Thu Apr  9 18:47:59 2026 send socket:9 len:-1
../trading/order_gw/order_gateway.cpp:32 run() Thu Apr  9 18:47:59 2026 Sending client id: 5, seq: 128 MEClientRequest  [  Type: CANCEL Client: 5 Ticker: 3 Order id : 5018 Side: BUY Qty: 16 Price: 179 ] .
../low-latency-components/tcp_socket.h:108 sendAndRecv() Thu Apr  9 18:47:59 2026 send socket:9 len:-1
../trading/order_gw/order_gateway.cpp:32 run() Thu Apr  9 18:47:59 2026 Sending client id: 5, seq: 129 MEClientRequest  [  Type: NEW Client: 5 Ticker: 2 Order id : 5064 Side: BUY Qty: 87 Price: 117 ] .
../low-latency-components/tcp_socket.h:108 sendAndRecv() Thu Apr  9 18:47:59 2026 send socket:9 len:-1
../trading/order_gw/order_gateway.cpp:32 run() Thu Apr  9 18:48:00 2026 Sending client id: 5, seq: 130 MEClientRequest  [  Type: CANCEL Client: 5 Ticker: 3 Order id : 5048 Side: SELL Qty: 8 Price: 182 ] .
../low-latency-components/tcp_socket.h:108 sendAndRecv() Thu Apr  9 18:48:00 2026 send socket:9 len:-1
../trading/order_gw/order_gateway.cpp:32 run() Thu Apr  9 18:48:00 2026 Sending client id: 5, seq: 131 MEClientRequest  [  Type: NEW Client: 5 Ticker: 1 Order id : 5065 Side: SELL Qty: 38 Price: 174 ] .
../low-latency-components/tcp_socket.h:108 sendAndRecv() Thu Apr  9 18:48:00 2026 send socket:9 len:-1
../trading/order_gw/order_gateway.cpp:32 run() Thu Apr  9 18:48:00 2026 Sending client id: 5, seq: 132 MEClientRequest  [  Type: CANCEL Client: 5 Ticker: 2 Order id : 5024 Side: SELL Qty: 100 Price: 117 ] .
../low-latency-components/tcp_socket.h:108 sendAndRecv() Thu Apr  9 18:48:00 2026 send socket:9 len:-1
../trading/order_gw/order_gateway.cpp:32 run() Thu Apr  9 18:48:00 2026 Sending client id: 5, seq: 133 MEClientRequest  [  Type: NEW Client: 5 Ticker: 0 Order id : 5066 Side: BUY Qty: 5 Price: 178 ] .
../low-latency-components/tcp_socket.h:108 sendAndRecv() Thu Apr  9 18:48:00 2026 send socket:9 len:-1
../trading/order_gw/order_gateway.cpp:32 run() Thu Apr  9 18:48:00 2026 Sending client id: 5, seq: 134 MEClientRequest  [  Type: CANCEL Client: 5 Ticker: 2 Order id : 5034 Side: BUY Qty: 36 Price: 112 ] .
../low-latency-components/tcp_socket.h:108 sendAndRecv() Thu Apr  9 18:48:00 2026 send socket:9 len:-1
../trading/order_gw/order_gateway.cpp:32 run() Thu Apr  9 18:48:00 2026 Sending client id: 5, seq: 135 MEClientRequest  [  Type: NEW Client: 5 Ticker: 1 Order id : 5067 Side: SELL Qty: 75 Price: 168 ] .
../low-latency-components/tcp_socket.h:108 sendAndRecv() Thu Apr  9 18:48:00 2026 send socket:9 len:-1
../trading/order_gw/order_gateway.cpp:32 run() Thu Apr  9 18:48:00 2026 Sending client id: 5, seq: 136 MEClientRequest  [  Type: CANCEL Client: 5 Ticker: 2 Order id : 5013 Side: BUY Qty: 46 Price: 111 ] .
../low-latency-components/tcp_socket.h:108 sendAndRecv() Thu Apr  9 18:48:00 2026 send socket:9 len:-1
../trading/order_gw/order_gateway.cpp:32 run() Thu Apr  9 18:48:00 2026 Sending client id: 5, seq: 137 MEClientRequest  [  Type: NEW Client: 5 Ticker: 1 Order id : 5068 Side: BUY Qty: 52 Price: 171 ] .
../low-latency-components/tcp_socket.h:108 sendAndRecv() Thu Apr  9 18:48:00 2026 send socket:9 len:-1
../trading/order_gw/order_gateway.cpp:32 run() Thu Apr  9 18:48:00 2026 Sending client id: 5, seq: 138 MEClientRequest  [  Type: CANCEL Client: 5 Ticker: 1 Order id : 5012 Side: BUY Qty: 90 Price: 174 ] .
../low-latency-components/tcp_socket.h:108 sendAndRecv() Thu Apr  9 18:48:00 2026 send socket:9 len:-1
../trading/order_gw/order_gateway.cpp:32 run() Thu Apr  9 18:48:00 2026 Sending client id: 5, seq: 139 MEClientRequest  [  Type: NEW Client: 5 Ticker: 1 Order id : 5069 Side: SELL Qty: 81 Price: 173 ] .
../low-latency-components/tcp_socket.h:108 sendAndRecv() Thu Apr  9 18:48:00 2026 send socket:9 len:-1
../trading/order_gw/order_gateway.cpp:32 run() Thu Apr  9 18:48:01 2026 Sending client id: 5, seq: 140 MEClientRequest  [  Type: CANCEL Client: 5 Ticker: 3 Order id : 5027 Side: BUY Qty: 23 Price: 177 ] .
../low-latency-components/tcp_socket.h:108 sendAndRecv() Thu Apr  9 18:48:01 2026 send socket:9 len:-1
../trading/order_gw/order_gateway.cpp:32 run() Thu Apr  9 18:48:01 2026 Sending client id: 5, seq: 141 MEClientRequest  [  Type: NEW Client: 5 Ticker: 1 Order id : 5070 Side: BUY Qty: 57 Price: 173 ] .
../low-latency-components/tcp_socket.h:108 sendAndRecv() Thu Apr  9 18:48:01 2026 send socket:9 len:-1
../trading/order_gw/order_gateway.cpp:32 run() Thu Apr  9 18:48:01 2026 Sending client id: 5, seq: 142 MEClientRequest  [  Type: CANCEL Client: 5 Ticker: 3 Order id : 5035 Side: SELL Qty: 27 Price: 173 ] .
../low-latency-components/tcp_socket.h:108 sendAndRecv() Thu Apr  9 18:48:01 2026 send socket:9 len:-1
../trading/order_gw/order_gateway.cpp:32 run() Thu Apr  9 18:48:01 2026 Sending client id: 5, seq: 143 MEClientRequest  [  Type: NEW Client: 5 Ticker: 1 Order id : 5071 Side: SELL Qty: 78 Price: 174 ] .
../low-latency-components/tcp_socket.h:108 sendAndRecv() Thu Apr  9 18:48:01 2026 send socket:9 len:-1
../trading/order_gw/order_gateway.cpp:32 run() Thu Apr  9 18:48:01 2026 Sending client id: 5, seq: 144 MEClientRequest  [  Type: CANCEL Client: 5 Ticker: 3 Order id : 5050 Side: BUY Qty: 54 Price: 179 ] .
../low-latency-components/tcp_socket.h:108 sendAndRecv() Thu Apr  9 18:48:01 2026 send socket:9 len:-1
../trading/order_gw/order_gateway.cpp:32 run() Thu Apr  9 18:48:01 2026 Sending client id: 5, seq: 145 MEClientRequest  [  Type: NEW Client: 5 Ticker: 1 Order id : 5072 Side: SELL Qty: 34 Price: 172 ] .
../low-latency-components/tcp_socket.h:108 sendAndRecv() Thu Apr  9 18:48:01 2026 send socket:9 len:-1
../trading/order_gw/order_gateway.cpp:32 run() Thu Apr  9 18:48:01 2026 Sending client id: 5, seq: 146 MEClientRequest  [  Type: CANCEL Client: 5 Ticker: 1 Order id : 5056 Side: BUY Qty: 2 Price: 175 ] .
../low-latency-components/tcp_socket.h:108 sendAndRecv() Thu Apr  9 18:48:01 2026 send socket:9 len:-1
../trading/order_gw/order_gateway.cpp:32 run() Thu Apr  9 18:48:01 2026 Sending client id: 5, seq: 147 MEClientRequest  [  Type: NEW Client: 5 Ticker: 0 Order id : 5073 Side: BUY Qty: 63 Price: 180 ] .
../low-latency-components/tcp_socket.h:108 sendAndRecv() Thu Apr  9 18:48:01 2026 send socket:9 len:-1
../trading/order_gw/order_gateway.cpp:32 run() Thu Apr  9 18:48:01 2026 Sending client id: 5, seq: 148 MEClientRequest  [  Type: CANCEL Client: 5 Ticker: 2 Order id : 5034 Side: BUY Qty: 36 Price: 112 ] .
../low-latency-components/tcp_socket.h:108 sendAndRecv() Thu Apr  9 18:48:01 2026 send socket:9 len:-1
../trading/order_gw/order_gateway.cpp:32 run() Thu Apr  9 18:48:01 2026 Sending client id: 5, seq: 149 MEClientRequest  [  Type: NEW Client: 5 Ticker: 3 Order id : 5074 Side: BUY Qty: 61 Price: 182 ] .
../low-latency-components/tcp_socket.h:108 sendAndRecv() Thu Apr  9 18:48:01 2026 send socket:9 len:-1
../trading/order_gw/order_gateway.cpp:32 run() Thu Apr  9 18:48:02 2026 Sending client id: 5, seq: 150 MEClientRequest  [  Type: CANCEL Client: 5 Ticker: 2 Order id : 5043 Side: BUY Qty: 92 Price: 114 ] .
../low-latency-components/tcp_socket.h:108 sendAndRecv() Thu Apr  9 18:48:02 2026 send socket:9 len:-1
../trading/order_gw/order_gateway.cpp:32 run() Thu Apr  9 18:48:02 2026 Sending client id: 5, seq: 151 MEClientRequest  [  Type: NEW Client: 5 Ticker: 3 Order id : 5075 Side: BUY Qty: 49 Price: 175 ] .
../low-latency-components/tcp_socket.h:108 sendAndRecv() Thu Apr  9 18:48:02 2026 send socket:9 len:-1
../trading/order_gw/order_gateway.cpp:32 run() Thu Apr  9 18:48:02 2026 Sending client id: 5, seq: 152 MEClientRequest  [  Type: CANCEL Client: 5 Ticker: 1 Order id : 5071 Side: SELL Qty: 78 Price: 174 ] .
../low-latency-components/tcp_socket.h:108 sendAndRecv() Thu Apr  9 18:48:02 2026 send socket:9 len:-1
../trading/order_gw/order_gateway.cpp:32 run() Thu Apr  9 18:48:02 2026 Sending client id: 5, seq: 153 MEClientRequest  [  Type: NEW Client: 5 Ticker: 2 Order id : 5076 Side: BUY Qty: 8 Price: 119 ] .
../low-latency-components/tcp_socket.h:108 sendAndRecv() Thu Apr  9 18:48:02 2026 send socket:9 len:-1
../trading/order_gw/order_gateway.cpp:32 run() Thu Apr  9 18:48:02 2026 Sending client id: 5, seq: 154 MEClientRequest  [  Type: CANCEL Client: 5 Ticker: 1 Order id : 5056 Side: BUY Qty: 2 Price: 175 ] .
../low-latency-components/tcp_socket.h:108 sendAndRecv() Thu Apr  9 18:48:02 2026 send socket:9 len:-1
../trading/order_gw/order_gateway.cpp:32 run() Thu Apr  9 18:48:02 2026 Sending client id: 5, seq: 155 MEClientRequest  [  Type: NEW Client: 5 Ticker: 0 Order id : 5077 Side: SELL Qty: 73 Price: 185 ] .
../low-latency-components/tcp_socket.h:108 sendAndRecv() Thu Apr  9 18:48:02 2026 send socket:9 len:-1
../trading/order_gw/order_gateway.cpp:32 run() Thu Apr  9 18:48:02 2026 Sending client id: 5, seq: 156 MEClientRequest  [  Type: CANCEL Client: 5 Ticker: 0 Order id : 5045 Side: BUY Qty: 32 Price: 180 ] .
../low-latency-components/tcp_socket.h:108 sendAndRecv() Thu Apr  9 18:48:02 2026 send socket:9 len:-1
../trading/order_gw/order_gateway.cpp:32 run() Thu Apr  9 18:48:02 2026 Sending client id: 5, seq: 157 MEClientRequest  [  Type: NEW Client: 5 Ticker: 1 Order id : 5078 Side: SELL Qty: 81 Price: 169 ] .
../low-latency-components/tcp_socket.h:108 sendAndRecv() Thu Apr  9 18:48:02 2026 send socket:9 len:-1
../trading/order_gw/order_gateway.cpp:32 run() Thu Apr  9 18:48:02 2026 Sending client id: 5, seq: 158 MEClientRequest  [  Type: CANCEL Client: 5 Ticker: 3 Order id : 5075 Side: BUY Qty: 49 Price: 175 ] .
../low-latency-components/tcp_socket.h:108 sendAndRecv() Thu Apr  9 18:48:02 2026 send socket:9 len:-1
../trading/order_gw/order_gateway.cpp:32 run() Thu Apr  9 18:48:02 2026 Sending client id: 5, seq: 159 MEClientRequest  [  Type: NEW Client: 5 Ticker: 3 Order id : 5079 Side: SELL Qty: 78 Price: 177 ] .
../low-latency-components/tcp_socket.h:108 sendAndRecv() Thu Apr  9 18:48:02 2026 send socket:9 len:-1
../trading/order_gw/order_gateway.cpp:32 run() Thu Apr  9 18:48:03 2026 Sending client id: 5, seq: 160 MEClientRequest  [  Type: CANCEL Client: 5 Ticker: 0 Order id : 5060 Side: BUY Qty: 66 Price: 185 ] .
../low-latency-components/tcp_socket.h:108 sendAndRecv() Thu Apr  9 18:48:03 2026 send socket:9 len:-1
../trading/order_gw/order_gateway.cpp:32 run() Thu Apr  9 18:48:03 2026 Sending client id: 5, seq: 161 MEClientRequest  [  Type: NEW Client: 5 Ticker: 0 Order id : 5080 Side: BUY Qty: 41 Price: 183 ] .
../low-latency-components/tcp_socket.h:108 sendAndRecv() Thu Apr  9 18:48:03 2026 send socket:9 len:-1
../trading/order_gw/order_gateway.cpp:32 run() Thu Apr  9 18:48:03 2026 Sending client id: 5, seq: 162 MEClientRequest  [  Type: CANCEL Client: 5 Ticker: 1 Order id : 5007 Side: BUY Qty: 39 Price: 169 ] .
../low-latency-components/tcp_socket.h:108 sendAndRecv() Thu Apr  9 18:48:03 2026 send socket:9 len:-1
../trading/order_gw/order_gateway.cpp:32 run() Thu Apr  9 18:48:03 2026 Sending client id: 5, seq: 163 MEClientRequest  [  Type: NEW Client: 5 Ticker: 3 Order id : 5081 Side: SELL Qty: 101 Price: 177 ] .
../low-latency-components/tcp_socket.h:108 sendAndRecv() Thu Apr  9 18:48:03 2026 send socket:9 len:-1
../trading/order_gw/order_gateway.cpp:32 run() Thu Apr  9 18:48:03 2026 Sending client id: 5, seq: 164 MEClientRequest  [  Type: CANCEL Client: 5 Ticker: 3 Order id : 5079 Side: SELL Qty: 78 Price: 177 ] .
../low-latency-components/tcp_socket.h:108 sendAndRecv() Thu Apr  9 18:48:03 2026 send socket:9 len:-1
../trading/order_gw/order_gateway.cpp:32 run() Thu Apr  9 18:48:03 2026 Sending client id: 5, seq: 165 MEClientRequest  [  Type: NEW Client: 5 Ticker: 2 Order id : 5082 Side: SELL Qty: 60 Price: 115 ] .
../low-latency-components/tcp_socket.h:108 sendAndRecv() Thu Apr  9 18:48:03 2026 send socket:9 len:-1
../trading/order_gw/order_gateway.cpp:32 run() Thu Apr  9 18:48:03 2026 Sending client id: 5, seq: 166 MEClientRequest  [  Type: CANCEL Client: 5 Ticker: 1 Order id : 5062 Side: BUY Qty: 73 Price: 171 ] .
../low-latency-components/tcp_socket.h:108 sendAndRecv() Thu Apr  9 18:48:03 2026 send socket:9 len:-1
../trading/order_gw/order_gateway.cpp:32 run() Thu Apr  9 18:48:03 2026 Sending client id: 5, seq: 167 MEClientRequest  [  Type: NEW Client: 5 Ticker: 1 Order id : 5083 Side: BUY Qty: 38 Price: 166 ] .
../low-latency-components/tcp_socket.h:108 sendAndRecv() Thu Apr  9 18:48:03 2026 send socket:9 len:-1
../trading/order_gw/order_gateway.cpp:32 run() Thu Apr  9 18:48:03 2026 Sending client id: 5, seq: 168 MEClientRequest  [  Type: CANCEL Client: 5 Ticker: 1 Order id : 5069 Side: SELL Qty: 81 Price: 173 ] .
../low-latency-components/tcp_socket.h:108 sendAndRecv() Thu Apr  9 18:48:03 2026 send socket:9 len:-1
../trading/order_gw/order_gateway.cpp:32 run() Thu Apr  9 18:48:03 2026 Sending client id: 5, seq: 169 MEClientRequest  [  Type: NEW Client: 5 Ticker: 1 Order id : 5084 Side: BUY Qty: 60 Price: 168 ] .
../low-latency-components/tcp_socket.h:108 sendAndRecv() Thu Apr  9 18:48:03 2026 send socket:9 len:-1
../trading/order_gw/order_gateway.cpp:32 run() Thu Apr  9 18:48:04 2026 Sending client id: 5, seq: 170 MEClientRequest  [  Type: CANCEL Client: 5 Ticker: 1 Order id : 5068 Side: BUY Qty: 52 Price: 171 ] .
../low-latency-components/tcp_socket.h:108 sendAndRecv() Thu Apr  9 18:48:04 2026 send socket:9 len:-1
../trading/order_gw/order_gateway.cpp:32 run() Thu Apr  9 18:48:04 2026 Sending client id: 5, seq: 171 MEClientRequest  [  Type: NEW Client: 5 Ticker: 0 Order id : 5085 Side: SELL Qty: 77 Price: 176 ] .
../low-latency-components/tcp_socket.h:108 sendAndRecv() Thu Apr  9 18:48:04 2026 send socket:9 len:-1
../trading/order_gw/order_gateway.cpp:32 run() Thu Apr  9 18:48:04 2026 Sending client id: 5, seq: 172 MEClientRequest  [  Type: CANCEL Client: 5 Ticker: 3 Order id : 5028 Side: BUY Qty: 37 Price: 180 ] .
../low-latency-components/tcp_socket.h:108 sendAndRecv() Thu Apr  9 18:48:04 2026 send socket:9 len:-1
../trading/order_gw/order_gateway.cpp:32 run() Thu Apr  9 18:48:04 2026 Sending client id: 5, seq: 173 MEClientRequest  [  Type: NEW Client: 5 Ticker: 3 Order id : 5086 Side: SELL Qty: 50 Price: 173 ] .
../low-latency-components/tcp_socket.h:108 sendAndRecv() Thu Apr  9 18:48:04 2026 send socket:9 len:-1
../trading/order_gw/order_gateway.cpp:32 run() Thu Apr  9 18:48:04 2026 Sending client id: 5, seq: 174 MEClientRequest  [  Type: CANCEL Client: 5 Ticker: 3 Order id : 5046 Side: BUY Qty: 29 Price: 181 ] .
../low-latency-components/tcp_socket.h:108 sendAndRecv() Thu Apr  9 18:48:04 2026 send socket:9 len:-1
../trading/order_gw/order_gateway.cpp:32 run() Thu Apr  9 18:48:04 2026 Sending client id: 5, seq: 175 MEClientRequest  [  Type: NEW Client: 5 Ticker: 1 Order id : 5087 Side: SELL Qty: 48 Price: 173 ] .
../low-latency-components/tcp_socket.h:108 sendAndRecv() Thu Apr  9 18:48:04 2026 send socket:9 len:-1
../trading/order_gw/order_gateway.cpp:32 run() Thu Apr  9 18:48:04 2026 Sending client id: 5, seq: 176 MEClientRequest  [  Type: CANCEL Client: 5 Ticker: 2 Order id : 5023 Side: SELL Qty: 69 Price: 117 ] .
../low-latency-components/tcp_socket.h:108 sendAndRecv() Thu Apr  9 18:48:04 2026 send socket:9 len:-1
../trading/order_gw/order_gateway.cpp:32 run() Thu Apr  9 18:48:04 2026 Sending client id: 5, seq: 177 MEClientRequest  [  Type: NEW Client: 5 Ticker: 3 Order id : 5088 Side: BUY Qty: 21 Price: 178 ] .
../low-latency-components/tcp_socket.h:108 sendAndRecv() Thu Apr  9 18:48:04 2026 send socket:9 len:-1
../trading/order_gw/order_gateway.cpp:32 run() Thu Apr  9 18:48:04 2026 Sending client id: 5, seq: 178 MEClientRequest  [  Type: CANCEL Client: 5 Ticker: 3 Order id : 5039 Side: SELL Qty: 13 Price: 178 ] .
../low-latency-components/tcp_socket.h:108 sendAndRecv() Thu Apr  9 18:48:04 2026 send socket:9 len:-1
../trading/order_gw/order_gateway.cpp:32 run() Thu Apr  9 18:48:04 2026 Sending client id: 5, seq: 179 MEClientRequest  [  Type: NEW Client: 5 Ticker: 0 Order id : 5089 Side: BUY Qty: 34 Price: 179 ] .
../low-latency-components/tcp_socket.h:108 sendAndRecv() Thu Apr  9 18:48:04 2026 send socket:9 len:-1
../trading/order_gw/order_gateway.cpp:32 run() Thu Apr  9 18:48:05 2026 Sending client id: 5, seq: 180 MEClientRequest  [  Type: CANCEL Client: 5 Ticker: 1 Order id : 5084 Side: BUY Qty: 60 Price: 168 ] .
../low-latency-components/tcp_socket.h:108 sendAndRecv() Thu Apr  9 18:48:05 2026 send socket:9 len:-1
../trading/order_gw/order_gateway.cpp:32 run() Thu Apr  9 18:48:05 2026 Sending client id: 5, seq: 181 MEClientRequest  [  Type: NEW Client: 5 Ticker: 1 Order id : 5090 Side: BUY Qty: 40 Price: 168 ] .
../low-latency-components/tcp_socket.h:108 sendAndRecv() Thu Apr  9 18:48:05 2026 send socket:9 len:-1
../trading/order_gw/order_gateway.cpp:32 run() Thu Apr  9 18:48:05 2026 Sending client id: 5, seq: 182 MEClientRequest  [  Type: CANCEL Client: 5 Ticker: 3 Order id : 5048 Side: SELL Qty: 8 Price: 182 ] .
../low-latency-components/tcp_socket.h:108 sendAndRecv() Thu Apr  9 18:48:05 2026 send socket:9 len:-1
../trading/order_gw/order_gateway.cpp:32 run() Thu Apr  9 18:48:05 2026 Sending client id: 5, seq: 183 MEClientRequest  [  Type: NEW Client: 5 Ticker: 3 Order id : 5091 Side: SELL Qty: 77 Price: 181 ] .
../low-latency-components/tcp_socket.h:108 sendAndRecv() Thu Apr  9 18:48:05 2026 send socket:9 len:-1
../trading/order_gw/order_gateway.cpp:32 run() Thu Apr  9 18:48:05 2026 Sending client id: 5, seq: 184 MEClientRequest  [  Type: CANCEL Client: 5 Ticker: 2 Order id : 5044 Side: BUY Qty: 82 Price: 118 ] .
../low-latency-components/tcp_socket.h:108 sendAndRecv() Thu Apr  9 18:48:05 2026 send socket:9 len:-1
../trading/order_gw/order_gateway.cpp:32 run() Thu Apr  9 18:48:05 2026 Sending client id: 5, seq: 185 MEClientRequest  [  Type: NEW Client: 5 Ticker: 0 Order id : 5092 Side: SELL Qty: 23 Price: 185 ] .
../low-latency-components/tcp_socket.h:108 sendAndRecv() Thu Apr  9 18:48:05 2026 send socket:9 len:-1
../trading/order_gw/order_gateway.cpp:32 run() Thu Apr  9 18:48:05 2026 Sending client id: 5, seq: 186 MEClientRequest  [  Type: CANCEL Client: 5 Ticker: 3 Order id : 5048 Side: SELL Qty: 8 Price: 182 ] .
../low-latency-components/tcp_socket.h:108 sendAndRecv() Thu Apr  9 18:48:05 2026 send socket:9 len:-1
../trading/order_gw/order_gateway.cpp:32 run() Thu Apr  9 18:48:05 2026 Sending client id: 5, seq: 187 MEClientRequest  [  Type: NEW Client: 5 Ticker: 0 Order id : 5093 Side: SELL Qty: 46 Price: 177 ] .
../low-latency-components/tcp_socket.h:108 sendAndRecv() Thu Apr  9 18:48:05 2026 send socket:9 len:-1
../trading/order_gw/order_gateway.cpp:32 run() Thu Apr  9 18:48:05 2026 Sending client id: 5, seq: 188 MEClientRequest  [  Type: CANCEL Client: 5 Ticker: 0 Order id : 5077 Side: SELL Qty: 73 Price: 185 ] .
../low-latency-components/tcp_socket.h:108 sendAndRecv() Thu Apr  9 18:48:05 2026 send socket:9 len:-1
../trading/order_gw/order_gateway.cpp:32 run() Thu Apr  9 18:48:05 2026 Sending client id: 5, seq: 189 MEClientRequest  [  Type: NEW Client: 5 Ticker: 3 Order id : 5094 Side: SELL Qty: 54 Price: 179 ] .
../low-latency-components/tcp_socket.h:108 sendAndRecv() Thu Apr  9 18:48:05 2026 send socket:9 len:-1
../trading/order_gw/order_gateway.cpp:32 run() Thu Apr  9 18:48:06 2026 Sending client id: 5, seq: 190 MEClientRequest  [  Type: CANCEL Client: 5 Ticker: 2 Order id : 5064 Side: BUY Qty: 87 Price: 117 ] .
../low-latency-components/tcp_socket.h:108 sendAndRecv() Thu Apr  9 18:48:06 2026 send socket:9 len:-1
../trading/order_gw/order_gateway.cpp:32 run() Thu Apr  9 18:48:06 2026 Sending client id: 5, seq: 191 MEClientRequest  [  Type: NEW Client: 5 Ticker: 0 Order id : 5095 Side: SELL Qty: 84 Price: 182 ] .
../low-latency-components/tcp_socket.h:108 sendAndRecv() Thu Apr  9 18:48:06 2026 send socket:9 len:-1
../trading/order_gw/order_gateway.cpp:32 run() Thu Apr  9 18:48:06 2026 Sending client id: 5, seq: 192 MEClientRequest  [  Type: CANCEL Client: 5 Ticker: 1 Order id : 5083 Side: BUY Qty: 38 Price: 166 ] .
../low-latency-components/tcp_socket.h:108 sendAndRecv() Thu Apr  9 18:48:06 2026 send socket:9 len:-1
../trading/order_gw/order_gateway.cpp:32 run() Thu Apr  9 18:48:06 2026 Sending client id: 5, seq: 193 MEClientRequest  [  Type: NEW Client: 5 Ticker: 2 Order id : 5096 Side: BUY Qty: 16 Price: 116 ] .
../low-latency-components/tcp_socket.h:108 sendAndRecv() Thu Apr  9 18:48:06 2026 send socket:9 len:-1
../trading/order_gw/order_gateway.cpp:32 run() Thu Apr  9 18:48:06 2026 Sending client id: 5, seq: 194 MEClientRequest  [  Type: CANCEL Client: 5 Ticker: 3 Order id : 5048 Side: SELL Qty: 8 Price: 182 ] .
../low-latency-components/tcp_socket.h:108 sendAndRecv() Thu Apr  9 18:48:06 2026 send socket:9 len:-1
../trading/order_gw/order_gateway.cpp:32 run() Thu Apr  9 18:48:06 2026 Sending client id: 5, seq: 195 MEClientRequest  [  Type: NEW Client: 5 Ticker: 1 Order id : 5097 Side: BUY Qty: 22 Price: 174 ] .
../low-latency-components/tcp_socket.h:108 sendAndRecv() Thu Apr  9 18:48:06 2026 send socket:9 len:-1
../trading/order_gw/order_gateway.cpp:32 run() Thu Apr  9 18:48:06 2026 Sending client id: 5, seq: 196 MEClientRequest  [  Type: CANCEL Client: 5 Ticker: 0 Order id : 5060 Side: BUY Qty: 66 Price: 185 ] .
../low-latency-components/tcp_socket.h:108 sendAndRecv() Thu Apr  9 18:48:06 2026 send socket:9 len:-1
../trading/order_gw/order_gateway.cpp:32 run() Thu Apr  9 18:48:06 2026 Sending client id: 5, seq: 197 MEClientRequest  [  Type: NEW Client: 5 Ticker: 1 Order id : 5098 Side: SELL Qty: 33 Price: 169 ] .
../low-latency-components/tcp_socket.h:108 sendAndRecv() Thu Apr  9 18:48:06 2026 send socket:9 len:-1
../trading/order_gw/order_gateway.cpp:32 run() Thu Apr  9 18:48:06 2026 Sending client id: 5, seq: 198 MEClientRequest  [  Type: CANCEL Client: 5 Ticker: 3 Order id : 5040 Side: BUY Qty: 20 Price: 173 ] .
../low-latency-components/tcp_socket.h:108 sendAndRecv() Thu Apr  9 18:48:06 2026 send socket:9 len:-1
../trading/order_gw/order_gateway.cpp:32 run() Thu Apr  9 18:48:06 2026 Sending client id: 5, seq: 199 MEClientRequest  [  Type: NEW Client: 5 Ticker: 2 Order id : 5099 Side: SELL Qty: 44 Price: 117 ] .
../low-latency-components/tcp_socket.h:108 sendAndRecv() Thu Apr  9 18:48:06 2026 send socket:9 len:-1
../trading/order_gw/order_gateway.cpp:32 run() Thu Apr  9 18:48:07 2026 Sending client id: 5, seq: 200 MEClientRequest  [  Type: CANCEL Client: 5 Ticker: 1 Order id : 5057 Side: BUY Qty: 52 Price: 173 ] .
../low-latency-components/tcp_socket.h:108 sendAndRecv() Thu Apr  9 18:48:07 2026 send socket:9 len:-1
../trading/order_gw/order_gateway.cpp:32 run() Thu Apr  9 18:48:07 2026 Sending client id: 5, seq: 201 MEClientRequest  [  Type: NEW Client: 5 Ticker: 3 Order id : 5100 Side: SELL Qty: 45 Price: 176 ] .
../low-latency-components/tcp_socket.h:108 sendAndRecv() Thu Apr  9 18:48:07 2026 send socket:9 len:-1
../trading/order_gw/order_gateway.cpp:32 run() Thu Apr  9 18:48:07 2026 Sending client id: 5, seq: 202 MEClientRequest  [  Type: CANCEL Client: 5 Ticker: 1 Order id : 5053 Side: BUY Qty: 40 Price: 169 ] .
../low-latency-components/tcp_socket.h:108 sendAndRecv() Thu Apr  9 18:48:07 2026 send socket:9 len:-1
../trading/order_gw/order_gateway.cpp:32 run() Thu Apr  9 18:48:07 2026 Sending client id: 5, seq: 203 MEClientRequest  [  Type: NEW Client: 5 Ticker: 2 Order id : 5101 Side: BUY Qty: 11 Price: 111 ] .
../low-latency-components/tcp_socket.h:108 sendAndRecv() Thu Apr  9 18:48:07 2026 send socket:9 len:-1
../trading/order_gw/order_gateway.cpp:32 run() Thu Apr  9 18:48:07 2026 Sending client id: 5, seq: 204 MEClientRequest  [  Type: CANCEL Client: 5 Ticker: 2 Order id : 5024 Side: SELL Qty: 100 Price: 117 ] .
../low-latency-components/tcp_socket.h:108 sendAndRecv() Thu Apr  9 18:48:07 2026 send socket:9 len:-1
../trading/order_gw/order_gateway.cpp:32 run() Thu Apr  9 18:48:07 2026 Sending client id: 5, seq: 205 MEClientRequest  [  Type: NEW Client: 5 Ticker: 1 Order id : 5102 Side: BUY Qty: 55 Price: 173 ] .
../low-latency-components/tcp_socket.h:108 sendAndRecv() Thu Apr  9 18:48:07 2026 send socket:9 len:-1
../trading/order_gw/order_gateway.cpp:32 run() Thu Apr  9 18:48:07 2026 Sending client id: 5, seq: 206 MEClientRequest  [  Type: CANCEL Client: 5 Ticker: 2 Order id : 5043 Side: BUY Qty: 92 Price: 114 ] .
../low-latency-components/tcp_socket.h:108 sendAndRecv() Thu Apr  9 18:48:07 2026 send socket:9 len:-1
../trading/order_gw/order_gateway.cpp:32 run() Thu Apr  9 18:48:07 2026 Sending client id: 5, seq: 207 MEClientRequest  [  Type: NEW Client: 5 Ticker: 1 Order id : 5103 Side: SELL Qty: 46 Price: 170 ] .
../low-latency-components/tcp_socket.h:108 sendAndRecv() Thu Apr  9 18:48:07 2026 send socket:9 len:-1
../trading/order_gw/order_gateway.cpp:32 run() Thu Apr  9 18:48:07 2026 Sending client id: 5, seq: 208 MEClientRequest  [  Type: CANCEL Client: 5 Ticker: 0 Order id : 5085 Side: SELL Qty: 77 Price: 176 ] .
../low-latency-components/tcp_socket.h:108 sendAndRecv() Thu Apr  9 18:48:07 2026 send socket:9 len:-1
../trading/order_gw/order_gateway.cpp:32 run() Thu Apr  9 18:48:07 2026 Sending client id: 5, seq: 209 MEClientRequest  [  Type: NEW Client: 5 Ticker: 2 Order id : 5104 Side: BUY Qty: 28 Price: 120 ] .
../low-latency-components/tcp_socket.h:108 sendAndRecv() Thu Apr  9 18:48:07 2026 send socket:9 len:-1
../trading/order_gw/order_gateway.cpp:32 run() Thu Apr  9 18:48:08 2026 Sending client id: 5, seq: 210 MEClientRequest  [  Type: CANCEL Client: 5 Ticker: 0 Order id : 5033 Side: SELL Qty: 17 Price: 179 ] .
../low-latency-components/tcp_socket.h:108 sendAndRecv() Thu Apr  9 18:48:08 2026 send socket:9 len:-1
../trading/order_gw/order_gateway.cpp:32 run() Thu Apr  9 18:48:08 2026 Sending client id: 5, seq: 211 MEClientRequest  [  Type: NEW Client: 5 Ticker: 3 Order id : 5105 Side: BUY Qty: 81 Price: 182 ] .
../low-latency-components/tcp_socket.h:108 sendAndRecv() Thu Apr  9 18:48:08 2026 send socket:9 len:-1
../trading/order_gw/order_gateway.cpp:32 run() Thu Apr  9 18:48:08 2026 Sending client id: 5, seq: 212 MEClientRequest  [  Type: CANCEL Client: 5 Ticker: 2 Order id : 5063 Side: SELL Qty: 81 Price: 116 ] .
../low-latency-components/tcp_socket.h:108 sendAndRecv() Thu Apr  9 18:48:08 2026 send socket:9 len:-1
../trading/order_gw/order_gateway.cpp:32 run() Thu Apr  9 18:48:08 2026 Sending client id: 5, seq: 213 MEClientRequest  [  Type: NEW Client: 5 Ticker: 0 Order id : 5106 Side: BUY Qty: 28 Price: 179 ] .
../low-latency-components/tcp_socket.h:108 sendAndRecv() Thu Apr  9 18:48:08 2026 send socket:9 len:-1
../trading/order_gw/order_gateway.cpp:32 run() Thu Apr  9 18:48:08 2026 Sending client id: 5, seq: 214 MEClientRequest  [  Type: CANCEL Client: 5 Ticker: 2 Order id : 5013 Side: BUY Qty: 46 Price: 111 ] .
../low-latency-components/tcp_socket.h:108 sendAndRecv() Thu Apr  9 18:48:08 2026 send socket:9 len:-1
../trading/order_gw/order_gateway.cpp:32 run() Thu Apr  9 18:48:08 2026 Sending client id: 5, seq: 215 MEClientRequest  [  Type: NEW Client: 5 Ticker: 1 Order id : 5107 Side: BUY Qty: 71 Price: 172 ] .
../low-latency-components/tcp_socket.h:108 sendAndRecv() Thu Apr  9 18:48:08 2026 send socket:9 len:-1
../trading/order_gw/order_gateway.cpp:32 run() Thu Apr  9 18:48:08 2026 Sending client id: 5, seq: 216 MEClientRequest  [  Type: CANCEL Client: 5 Ticker: 0 Order id : 5095 Side: SELL Qty: 84 Price: 182 ] .
../low-latency-components/tcp_socket.h:108 sendAndRecv() Thu Apr  9 18:48:08 2026 send socket:9 len:-1
../trading/order_gw/order_gateway.cpp:32 run() Thu Apr  9 18:48:08 2026 Sending client id: 5, seq: 217 MEClientRequest  [  Type: NEW Client: 5 Ticker: 1 Order id : 5108 Side: SELL Qty: 44 Price: 174 ] .
../low-latency-components/tcp_socket.h:108 sendAndRecv() Thu Apr  9 18:48:08 2026 send socket:9 len:-1
../trading/order_gw/order_gateway.cpp:32 run() Thu Apr  9 18:48:08 2026 Sending client id: 5, seq: 218 MEClientRequest  [  Type: CANCEL Client: 5 Ticker: 3 Order id : 5100 Side: SELL Qty: 45 Price: 176 ] .
../low-latency-components/tcp_socket.h:108 sendAndRecv() Thu Apr  9 18:48:08 2026 send socket:9 len:-1
../trading/order_gw/order_gateway.cpp:32 run() Thu Apr  9 18:48:08 2026 Sending client id: 5, seq: 219 MEClientRequest  [  Type: NEW Client: 5 Ticker: 3 Order id : 5109 Side: BUY Qty: 81 Price: 182 ] .
../low-latency-components/tcp_socket.h:108 sendAndRecv() Thu Apr  9 18:48:08 2026 send socket:9 len:-1
../trading/order_gw/order_gateway.cpp:32 run() Thu Apr  9 18:48:09 2026 Sending client id: 5, seq: 220 MEClientRequest  [  Type: CANCEL Client: 5 Ticker: 1 Order id : 5057 Side: BUY Qty: 52 Price: 173 ] .
../low-latency-components/tcp_socket.h:108 sendAndRecv() Thu Apr  9 18:48:09 2026 send socket:9 len:-1
../trading/order_gw/order_gateway.cpp:32 run() Thu Apr  9 18:48:09 2026 Sending client id: 5, seq: 221 MEClientRequest  [  Type: NEW Client: 5 Ticker: 1 Order id : 5110 Side: BUY Qty: 30 Price: 170 ] .
../low-latency-components/tcp_socket.h:108 sendAndRecv() Thu Apr  9 18:48:09 2026 send socket:9 len:-1
../trading/order_gw/order_gateway.cpp:32 run() Thu Apr  9 18:48:09 2026 Sending client id: 5, seq: 222 MEClientRequest  [  Type: CANCEL Client: 5 Ticker: 1 Order id : 5083 Side: BUY Qty: 38 Price: 166 ] .
../low-latency-components/tcp_socket.h:108 sendAndRecv() Thu Apr  9 18:48:09 2026 send socket:9 len:-1
../trading/order_gw/order_gateway.cpp:32 run() Thu Apr  9 18:48:09 2026 Sending client id: 5, seq: 223 MEClientRequest  [  Type: NEW Client: 5 Ticker: 1 Order id : 5111 Side: BUY Qty: 77 Price: 173 ] .
../low-latency-components/tcp_socket.h:108 sendAndRecv() Thu Apr  9 18:48:09 2026 send socket:9 len:-1
../trading/order_gw/order_gateway.cpp:32 run() Thu Apr  9 18:48:09 2026 Sending client id: 5, seq: 224 MEClientRequest  [  Type: CANCEL Client: 5 Ticker: 2 Order id : 5076 Side: BUY Qty: 8 Price: 119 ] .
../low-latency-components/tcp_socket.h:108 sendAndRecv() Thu Apr  9 18:48:09 2026 send socket:9 len:-1
../trading/order_gw/order_gateway.cpp:32 run() Thu Apr  9 18:48:09 2026 Sending client id: 5, seq: 225 MEClientRequest  [  Type: NEW Client: 5 Ticker: 0 Order id : 5112 Side: BUY Qty: 35 Price: 177 ] .
../low-latency-components/tcp_socket.h:108 sendAndRecv() Thu Apr  9 18:48:09 2026 send socket:9 len:-1
../trading/order_gw/order_gateway.cpp:32 run() Thu Apr  9 18:48:09 2026 Sending client id: 5, seq: 226 MEClientRequest  [  Type: CANCEL Client: 5 Ticker: 0 Order id : 5030 Side: SELL Qty: 71 Price: 176 ] .
../low-latency-components/tcp_socket.h:108 sendAndRecv() Thu Apr  9 18:48:09 2026 send socket:9 len:-1
../trading/order_gw/order_gateway.cpp:32 run() Thu Apr  9 18:48:09 2026 Sending client id: 5, seq: 227 MEClientRequest  [  Type: NEW Client: 5 Ticker: 2 Order id : 5113 Side: BUY Qty: 13 Price: 115 ] .
../low-latency-components/tcp_socket.h:108 sendAndRecv() Thu Apr  9 18:48:09 2026 send socket:9 len:-1
../trading/order_gw/order_gateway.cpp:32 run() Thu Apr  9 18:48:09 2026 Sending client id: 5, seq: 228 MEClientRequest  [  Type: CANCEL Client: 5 Ticker: 3 Order id : 5015 Side: SELL Qty: 29 Price: 176 ] .
../low-latency-components/tcp_socket.h:108 sendAndRecv() Thu Apr  9 18:48:09 2026 send socket:9 len:-1
../trading/order_gw/order_gateway.cpp:32 run() Thu Apr  9 18:48:09 2026 Sending client id: 5, seq: 229 MEClientRequest  [  Type: NEW Client: 5 Ticker: 2 Order id : 5114 Side: SELL Qty: 45 Price: 115 ] .
../low-latency-components/tcp_socket.h:108 sendAndRecv() Thu Apr  9 18:48:09 2026 send socket:9 len:-1
../trading/order_gw/order_gateway.cpp:32 run() Thu Apr  9 18:48:10 2026 Sending client id: 5, seq: 230 MEClientRequest  [  Type: CANCEL Client: 5 Ticker: 1 Order id : 5103 Side: SELL Qty: 46 Price: 170 ] .
../low-latency-components/tcp_socket.h:108 sendAndRecv() Thu Apr  9 18:48:10 2026 send socket:9 len:-1
../trading/order_gw/order_gateway.cpp:32 run() Thu Apr  9 18:48:10 2026 Sending client id: 5, seq: 231 MEClientRequest  [  Type: NEW Client: 5 Ticker: 2 Order id : 5115 Side: SELL Qty: 72 Price: 114 ] .
../low-latency-components/tcp_socket.h:108 sendAndRecv() Thu Apr  9 18:48:10 2026 send socket:9 len:-1
../trading/order_gw/order_gateway.cpp:32 run() Thu Apr  9 18:48:10 2026 Sending client id: 5, seq: 232 MEClientRequest  [  Type: CANCEL Client: 5 Ticker: 1 Order id : 5103 Side: SELL Qty: 46 Price: 170 ] .
../low-latency-components/tcp_socket.h:108 sendAndRecv() Thu Apr  9 18:48:10 2026 send socket:9 len:-1
../trading/order_gw/order_gateway.cpp:32 run() Thu Apr  9 18:48:10 2026 Sending client id: 5, seq: 233 MEClientRequest  [  Type: NEW Client: 5 Ticker: 3 Order id : 5116 Side: SELL Qty: 87 Price: 182 ] .
../low-latency-components/tcp_socket.h:108 sendAndRecv() Thu Apr  9 18:48:10 2026 send socket:9 len:-1
../trading/order_gw/order_gateway.cpp:32 run() Thu Apr  9 18:48:10 2026 Sending client id: 5, seq: 234 MEClientRequest  [  Type: CANCEL Client: 5 Ticker: 0 Order id : 5033 Side: SELL Qty: 17 Price: 179 ] .
../low-latency-components/tcp_socket.h:108 sendAndRecv() Thu Apr  9 18:48:10 2026 send socket:9 len:-1
../trading/order_gw/order_gateway.cpp:32 run() Thu Apr  9 18:48:10 2026 Sending client id: 5, seq: 235 MEClientRequest  [  Type: NEW Client: 5 Ticker: 0 Order id : 5117 Side: BUY Qty: 79 Price: 177 ] .
../low-latency-components/tcp_socket.h:108 sendAndRecv() Thu Apr  9 18:48:10 2026 send socket:9 len:-1
../trading/order_gw/order_gateway.cpp:32 run() Thu Apr  9 18:48:10 2026 Sending client id: 5, seq: 236 MEClientRequest  [  Type: CANCEL Client: 5 Ticker: 1 Order id : 5110 Side: BUY Qty: 30 Price: 170 ] .
../low-latency-components/tcp_socket.h:108 sendAndRecv() Thu Apr  9 18:48:10 2026 send socket:9 len:-1
../trading/order_gw/order_gateway.cpp:32 run() Thu Apr  9 18:48:10 2026 Sending client id: 5, seq: 237 MEClientRequest  [  Type: NEW Client: 5 Ticker: 2 Order id : 5118 Side: BUY Qty: 18 Price: 115 ] .
../low-latency-components/tcp_socket.h:108 sendAndRecv() Thu Apr  9 18:48:10 2026 send socket:9 len:-1
../trading/order_gw/order_gateway.cpp:32 run() Thu Apr  9 18:48:10 2026 Sending client id: 5, seq: 238 MEClientRequest  [  Type: CANCEL Client: 5 Ticker: 2 Order id : 5032 Side: BUY Qty: 8 Price: 114 ] .
../low-latency-components/tcp_socket.h:108 sendAndRecv() Thu Apr  9 18:48:10 2026 send socket:9 len:-1
../trading/order_gw/order_gateway.cpp:32 run() Thu Apr  9 18:48:10 2026 Sending client id: 5, seq: 239 MEClientRequest  [  Type: NEW Client: 5 Ticker: 1 Order id : 5119 Side: SELL Qty: 65 Price: 174 ] .
../low-latency-components/tcp_socket.h:108 sendAndRecv() Thu Apr  9 18:48:10 2026 send socket:9 len:-1
../trading/order_gw/order_gateway.cpp:32 run() Thu Apr  9 18:48:11 2026 Sending client id: 5, seq: 240 MEClientRequest  [  Type: CANCEL Client: 5 Ticker: 1 Order id : 5021 Side: SELL Qty: 80 Price: 169 ] .
../low-latency-components/tcp_socket.h:108 sendAndRecv() Thu Apr  9 18:48:11 2026 send socket:9 len:-1
../trading/order_gw/order_gateway.cpp:32 run() Thu Apr  9 18:48:11 2026 Sending client id: 5, seq: 241 MEClientRequest  [  Type: NEW Client: 5 Ticker: 3 Order id : 5120 Side: SELL Qty: 40 Price: 175 ] .
../low-latency-components/tcp_socket.h:108 sendAndRecv() Thu Apr  9 18:48:11 2026 send socket:9 len:-1
../trading/order_gw/order_gateway.cpp:32 run() Thu Apr  9 18:48:11 2026 Sending client id: 5, seq: 242 MEClientRequest  [  Type: CANCEL Client: 5 Ticker: 0 Order id : 5060 Side: BUY Qty: 66 Price: 185 ] .
../low-latency-components/tcp_socket.h:108 sendAndRecv() Thu Apr  9 18:48:11 2026 send socket:9 len:-1
../trading/order_gw/order_gateway.cpp:32 run() Thu Apr  9 18:48:11 2026 Sending client id: 5, seq: 243 MEClientRequest  [  Type: NEW Client: 5 Ticker: 0 Order id : 5121 Side: SELL Qty: 40 Price: 185 ] .
../low-latency-components/tcp_socket.h:108 sendAndRecv() Thu Apr  9 18:48:11 2026 send socket:9 len:-1
../trading/order_gw/order_gateway.cpp:32 run() Thu Apr  9 18:48:11 2026 Sending client id: 5, seq: 244 MEClientRequest  [  Type: CANCEL Client: 5 Ticker: 0 Order id : 5033 Side: SELL Qty: 17 Price: 179 ] .
../low-latency-components/tcp_socket.h:108 sendAndRecv() Thu Apr  9 18:48:11 2026 send socket:9 len:-1
../trading/order_gw/order_gateway.cpp:32 run() Thu Apr  9 18:48:11 2026 Sending client id: 5, seq: 245 MEClientRequest  [  Type: NEW Client: 5 Ticker: 1 Order id : 5122 Side: SELL Qty: 60 Price: 172 ] .
../low-latency-components/tcp_socket.h:108 sendAndRecv() Thu Apr  9 18:48:11 2026 send socket:9 len:-1
../trading/order_gw/order_gateway.cpp:32 run() Thu Apr  9 18:48:11 2026 Sending client id: 5, seq: 246 MEClientRequest  [  Type: CANCEL Client: 5 Ticker: 1 Order id : 5078 Side: SELL Qty: 81 Price: 169 ] .
../low-latency-components/tcp_socket.h:108 sendAndRecv() Thu Apr  9 18:48:11 2026 send socket:9 len:-1
../trading/order_gw/order_gateway.cpp:32 run() Thu Apr  9 18:48:11 2026 Sending client id: 5, seq: 247 MEClientRequest  [  Type: NEW Client: 5 Ticker: 0 Order id : 5123 Side: SELL Qty: 9 Price: 180 ] .
../low-latency-components/tcp_socket.h:108 sendAndRecv() Thu Apr  9 18:48:11 2026 send socket:9 len:-1
../trading/order_gw/order_gateway.cpp:32 run() Thu Apr  9 18:48:11 2026 Sending client id: 5, seq: 248 MEClientRequest  [  Type: CANCEL Client: 5 Ticker: 3 Order id : 5046 Side: BUY Qty: 29 Price: 181 ] .
../low-latency-components/tcp_socket.h:108 sendAndRecv() Thu Apr  9 18:48:11 2026 send socket:9 len:-1
../trading/order_gw/order_gateway.cpp:32 run() Thu Apr  9 18:48:11 2026 Sending client id: 5, seq: 249 MEClientRequest  [  Type: NEW Client: 5 Ticker: 2 Order id : 5124 Side: SELL Qty: 36 Price: 119 ] .
../low-latency-components/tcp_socket.h:108 sendAndRecv() Thu Apr  9 18:48:11 2026 send socket:9 len:-1
../trading/order_gw/order_gateway.cpp:32 run() Thu Apr  9 18:48:12 2026 Sending client id: 5, seq: 250 MEClientRequest  [  Type: CANCEL Client: 5 Ticker: 0 Order id : 5106 Side: BUY Qty: 28 Price: 179 ] .
../low-latency-components/tcp_socket.h:108 sendAndRecv() Thu Apr  9 18:48:12 2026 send socket:9 len:-1
../trading/order_gw/order_gateway.cpp:32 run() Thu Apr  9 18:48:12 2026 Sending client id: 5, seq: 251 MEClientRequest  [  Type: NEW Client: 5 Ticker: 1 Order id : 5125 Side: SELL Qty: 31 Price: 167 ] .
../low-latency-components/tcp_socket.h:108 sendAndRecv() Thu Apr  9 18:48:12 2026 send socket:9 len:-1
../trading/order_gw/order_gateway.cpp:32 run() Thu Apr  9 18:48:12 2026 Sending client id: 5, seq: 252 MEClientRequest  [  Type: CANCEL Client: 5 Ticker: 2 Order id : 5019 Side: SELL Qty: 93 Price: 111 ] .
../low-latency-components/tcp_socket.h:108 sendAndRecv() Thu Apr  9 18:48:12 2026 send socket:9 len:-1
../trading/order_gw/order_gateway.cpp:32 run() Thu Apr  9 18:48:12 2026 Sending client id: 5, seq: 253 MEClientRequest  [  Type: NEW Client: 5 Ticker: 3 Order id : 5126 Side: BUY Qty: 91 Price: 182 ] .
../low-latency-components/tcp_socket.h:108 sendAndRecv() Thu Apr  9 18:48:12 2026 send socket:9 len:-1
../trading/order_gw/order_gateway.cpp:32 run() Thu Apr  9 18:48:12 2026 Sending client id: 5, seq: 254 MEClientRequest  [  Type: CANCEL Client: 5 Ticker: 3 Order id : 5004 Side: BUY Qty: 85 Price: 173 ] .
../low-latency-components/tcp_socket.h:108 sendAndRecv() Thu Apr  9 18:48:12 2026 send socket:9 len:-1
../trading/order_gw/order_gateway.cpp:32 run() Thu Apr  9 18:48:12 2026 Sending client id: 5, seq: 255 MEClientRequest  [  Type: NEW Client: 5 Ticker: 3 Order id : 5127 Side: BUY Qty: 45 Price: 182 ] .
../low-latency-components/tcp_socket.h:108 sendAndRecv() Thu Apr  9 18:48:12 2026 send socket:9 len:-1
../trading/order_gw/order_gateway.cpp:32 run() Thu Apr  9 18:48:12 2026 Sending client id: 5, seq: 256 MEClientRequest  [  Type: CANCEL Client: 5 Ticker: 3 Order id : 5040 Side: BUY Qty: 20 Price: 173 ] .
../low-latency-components/tcp_socket.h:108 sendAndRecv() Thu Apr  9 18:48:12 2026 send socket:9 len:-1
../trading/order_gw/order_gateway.cpp:32 run() Thu Apr  9 18:48:12 2026 Sending client id: 5, seq: 257 MEClientRequest  [  Type: NEW Client: 5 Ticker: 2 Order id : 5128 Side: SELL Qty: 48 Price: 115 ] .
../low-latency-components/tcp_socket.h:108 sendAndRecv() Thu Apr  9 18:48:12 2026 send socket:9 len:-1
../trading/order_gw/order_gateway.cpp:32 run() Thu Apr  9 18:48:12 2026 Sending client id: 5, seq: 258 MEClientRequest  [  Type: CANCEL Client: 5 Ticker: 1 Order id : 5009 Side: SELL Qty: 17 Price: 169 ] .
../low-latency-components/tcp_socket.h:108 sendAndRecv() Thu Apr  9 18:48:12 2026 send socket:9 len:-1
../trading/order_gw/order_gateway.cpp:32 run() Thu Apr  9 18:48:12 2026 Sending client id: 5, seq: 259 MEClientRequest  [  Type: NEW Client: 5 Ticker: 0 Order id : 5129 Side: BUY Qty: 97 Price: 178 ] .
../low-latency-components/tcp_socket.h:108 sendAndRecv() Thu Apr  9 18:48:12 2026 send socket:9 len:-1
../trading/order_gw/order_gateway.cpp:32 run() Thu Apr  9 18:48:13 2026 Sending client id: 5, seq: 260 MEClientRequest  [  Type: CANCEL Client: 5 Ticker: 1 Order id : 5090 Side: BUY Qty: 40 Price: 168 ] .
../low-latency-components/tcp_socket.h:108 sendAndRecv() Thu Apr  9 18:48:13 2026 send socket:9 len:-1
../trading/order_gw/order_gateway.cpp:32 run() Thu Apr  9 18:48:13 2026 Sending client id: 5, seq: 261 MEClientRequest  [  Type: NEW Client: 5 Ticker: 1 Order id : 5130 Side: BUY Qty: 32 Price: 169 ] .
../low-latency-components/tcp_socket.h:108 sendAndRecv() Thu Apr  9 18:48:13 2026 send socket:9 len:-1
../trading/order_gw/order_gateway.cpp:32 run() Thu Apr  9 18:48:13 2026 Sending client id: 5, seq: 262 MEClientRequest  [  Type: CANCEL Client: 5 Ticker: 3 Order id : 5028 Side: BUY Qty: 37 Price: 180 ] .
../low-latency-components/tcp_socket.h:108 sendAndRecv() Thu Apr  9 18:48:13 2026 send socket:9 len:-1
../trading/order_gw/order_gateway.cpp:32 run() Thu Apr  9 18:48:13 2026 Sending client id: 5, seq: 263 MEClientRequest  [  Type: NEW Client: 5 Ticker: 2 Order id : 5131 Side: BUY Qty: 68 Price: 119 ] .
../low-latency-components/tcp_socket.h:108 sendAndRecv() Thu Apr  9 18:48:13 2026 send socket:9 len:-1
../trading/order_gw/order_gateway.cpp:32 run() Thu Apr  9 18:48:13 2026 Sending client id: 5, seq: 264 MEClientRequest  [  Type: CANCEL Client: 5 Ticker: 2 Order id : 5020 Side: SELL Qty: 38 Price: 113 ] .
../low-latency-components/tcp_socket.h:108 sendAndRecv() Thu Apr  9 18:48:13 2026 send socket:9 len:-1
../trading/order_gw/order_gateway.cpp:32 run() Thu Apr  9 18:48:13 2026 Sending client id: 5, seq: 265 MEClientRequest  [  Type: NEW Client: 5 Ticker: 1 Order id : 5132 Side: SELL Qty: 10 Price: 172 ] .
../low-latency-components/tcp_socket.h:108 sendAndRecv() Thu Apr  9 18:48:13 2026 send socket:9 len:-1
../trading/order_gw/order_gateway.cpp:32 run() Thu Apr  9 18:48:13 2026 Sending client id: 5, seq: 266 MEClientRequest  [  Type: CANCEL Client: 5 Ticker: 3 Order id : 5040 Side: BUY Qty: 20 Price: 173 ] .
../low-latency-components/tcp_socket.h:108 sendAndRecv() Thu Apr  9 18:48:13 2026 send socket:9 len:-1
../trading/order_gw/order_gateway.cpp:32 run() Thu Apr  9 18:48:13 2026 Sending client id: 5, seq: 267 MEClientRequest  [  Type: NEW Client: 5 Ticker: 2 Order id : 5133 Side: BUY Qty: 31 Price: 111 ] .
../low-latency-components/tcp_socket.h:108 sendAndRecv() Thu Apr  9 18:48:13 2026 send socket:9 len:-1
../trading/order_gw/order_gateway.cpp:32 run() Thu Apr  9 18:48:13 2026 Sending client id: 5, seq: 268 MEClientRequest  [  Type: CANCEL Client: 5 Ticker: 3 Order id : 5091 Side: SELL Qty: 77 Price: 181 ] .
../low-latency-components/tcp_socket.h:108 sendAndRecv() Thu Apr  9 18:48:13 2026 send socket:9 len:-1
../trading/order_gw/order_gateway.cpp:32 run() Thu Apr  9 18:48:13 2026 Sending client id: 5, seq: 269 MEClientRequest  [  Type: NEW Client: 5 Ticker: 1 Order id : 5134 Side: BUY Qty: 12 Price: 171 ] .
../low-latency-components/tcp_socket.h:108 sendAndRecv() Thu Apr  9 18:48:13 2026 send socket:9 len:-1
../trading/order_gw/order_gateway.cpp:32 run() Thu Apr  9 18:48:14 2026 Sending client id: 5, seq: 270 MEClientRequest  [  Type: CANCEL Client: 5 Ticker: 0 Order id : 5092 Side: SELL Qty: 23 Price: 185 ] .
../low-latency-components/tcp_socket.h:108 sendAndRecv() Thu Apr  9 18:48:14 2026 send socket:9 len:-1
../trading/order_gw/order_gateway.cpp:32 run() Thu Apr  9 18:48:14 2026 Sending client id: 5, seq: 271 MEClientRequest  [  Type: NEW Client: 5 Ticker: 2 Order id : 5135 Side: BUY Qty: 101 Price: 118 ] .
../low-latency-components/tcp_socket.h:108 sendAndRecv() Thu Apr  9 18:48:14 2026 send socket:9 len:-1
../trading/order_gw/order_gateway.cpp:32 run() Thu Apr  9 18:48:14 2026 Sending client id: 5, seq: 272 MEClientRequest  [  Type: CANCEL Client: 5 Ticker: 2 Order id : 5082 Side: SELL Qty: 60 Price: 115 ] .
../low-latency-components/tcp_socket.h:108 sendAndRecv() Thu Apr  9 18:48:14 2026 send socket:9 len:-1
../trading/order_gw/order_gateway.cpp:32 run() Thu Apr  9 18:48:14 2026 Sending client id: 5, seq: 273 MEClientRequest  [  Type: NEW Client: 5 Ticker: 2 Order id : 5136 Side: SELL Qty: 34 Price: 115 ] .
../low-latency-components/tcp_socket.h:108 sendAndRecv() Thu Apr  9 18:48:14 2026 send socket:9 len:-1
../trading/order_gw/order_gateway.cpp:32 run() Thu Apr  9 18:48:14 2026 Sending client id: 5, seq: 274 MEClientRequest  [  Type: CANCEL Client: 5 Ticker: 1 Order id : 5125 Side: SELL Qty: 31 Price: 167 ] .
../low-latency-components/tcp_socket.h:108 sendAndRecv() Thu Apr  9 18:48:14 2026 send socket:9 len:-1
../trading/order_gw/order_gateway.cpp:32 run() Thu Apr  9 18:48:14 2026 Sending client id: 5, seq: 275 MEClientRequest  [  Type: NEW Client: 5 Ticker: 3 Order id : 5137 Side: SELL Qty: 47 Price: 179 ] .
../low-latency-components/tcp_socket.h:108 sendAndRecv() Thu Apr  9 18:48:14 2026 send socket:9 len:-1
../trading/order_gw/order_gateway.cpp:32 run() Thu Apr  9 18:48:14 2026 Sending client id: 5, seq: 276 MEClientRequest  [  Type: CANCEL Client: 5 Ticker: 0 Order id : 5106 Side: BUY Qty: 28 Price: 179 ] .
../low-latency-components/tcp_socket.h:108 sendAndRecv() Thu Apr  9 18:48:14 2026 send socket:9 len:-1
../trading/order_gw/order_gateway.cpp:32 run() Thu Apr  9 18:48:14 2026 Sending client id: 5, seq: 277 MEClientRequest  [  Type: NEW Client: 5 Ticker: 2 Order id : 5138 Side: SELL Qty: 30 Price: 120 ] .
../low-latency-components/tcp_socket.h:108 sendAndRecv() Thu Apr  9 18:48:14 2026 send socket:9 len:-1
../trading/order_gw/order_gateway.cpp:32 run() Thu Apr  9 18:48:14 2026 Sending client id: 5, seq: 278 MEClientRequest  [  Type: CANCEL Client: 5 Ticker: 1 Order id : 5134 Side: BUY Qty: 12 Price: 171 ] .
../low-latency-components/tcp_socket.h:108 sendAndRecv() Thu Apr  9 18:48:14 2026 send socket:9 len:-1
../trading/order_gw/order_gateway.cpp:32 run() Thu Apr  9 18:48:14 2026 Sending client id: 5, seq: 279 MEClientRequest  [  Type: NEW Client: 5 Ticker: 0 Order id : 5139 Side: BUY Qty: 70 Price: 182 ] .
../low-latency-components/tcp_socket.h:108 sendAndRecv() Thu Apr  9 18:48:14 2026 send socket:9 len:-1
../trading/order_gw/order_gateway.cpp:32 run() Thu Apr  9 18:48:15 2026 Sending client id: 5, seq: 280 MEClientRequest  [  Type: CANCEL Client: 5 Ticker: 0 Order id : 5129 Side: BUY Qty: 97 Price: 178 ] .
../low-latency-components/tcp_socket.h:108 sendAndRecv() Thu Apr  9 18:48:15 2026 send socket:9 len:-1
../trading/order_gw/order_gateway.cpp:32 run() Thu Apr  9 18:48:15 2026 Sending client id: 5, seq: 281 MEClientRequest  [  Type: NEW Client: 5 Ticker: 3 Order id : 5140 Side: BUY Qty: 38 Price: 181 ] .
../low-latency-components/tcp_socket.h:108 sendAndRecv() Thu Apr  9 18:48:15 2026 send socket:9 len:-1
../trading/order_gw/order_gateway.cpp:32 run() Thu Apr  9 18:48:15 2026 Sending client id: 5, seq: 282 MEClientRequest  [  Type: CANCEL Client: 5 Ticker: 1 Order id : 5065 Side: SELL Qty: 38 Price: 174 ] .
../low-latency-components/tcp_socket.h:108 sendAndRecv() Thu Apr  9 18:48:15 2026 send socket:9 len:-1
../trading/order_gw/order_gateway.cpp:32 run() Thu Apr  9 18:48:15 2026 Sending client id: 5, seq: 283 MEClientRequest  [  Type: NEW Client: 5 Ticker: 3 Order id : 5141 Side: SELL Qty: 42 Price: 181 ] .
../low-latency-components/tcp_socket.h:108 sendAndRecv() Thu Apr  9 18:48:15 2026 send socket:9 len:-1
../trading/order_gw/order_gateway.cpp:32 run() Thu Apr  9 18:48:15 2026 Sending client id: 5, seq: 284 MEClientRequest  [  Type: CANCEL Client: 5 Ticker: 1 Order id : 5087 Side: SELL Qty: 48 Price: 173 ] .
../low-latency-components/tcp_socket.h:108 sendAndRecv() Thu Apr  9 18:48:15 2026 send socket:9 len:-1
../trading/order_gw/order_gateway.cpp:32 run() Thu Apr  9 18:48:15 2026 Sending client id: 5, seq: 285 MEClientRequest  [  Type: NEW Client: 5 Ticker: 2 Order id : 5142 Side: SELL Qty: 82 Price: 111 ] .
../low-latency-components/tcp_socket.h:108 sendAndRecv() Thu Apr  9 18:48:15 2026 send socket:9 len:-1
../trading/order_gw/order_gateway.cpp:32 run() Thu Apr  9 18:48:15 2026 Sending client id: 5, seq: 286 MEClientRequest  [  Type: CANCEL Client: 5 Ticker: 0 Order id : 5010 Side: BUY Qty: 87 Price: 179 ] .
../low-latency-components/tcp_socket.h:108 sendAndRecv() Thu Apr  9 18:48:15 2026 send socket:9 len:-1
../trading/order_gw/order_gateway.cpp:32 run() Thu Apr  9 18:48:15 2026 Sending client id: 5, seq: 287 MEClientRequest  [  Type: NEW Client: 5 Ticker: 1 Order id : 5143 Side: BUY Qty: 33 Price: 168 ] .
../low-latency-components/tcp_socket.h:108 sendAndRecv() Thu Apr  9 18:48:15 2026 send socket:9 len:-1
../trading/order_gw/order_gateway.cpp:32 run() Thu Apr  9 18:48:15 2026 Sending client id: 5, seq: 288 MEClientRequest  [  Type: CANCEL Client: 5 Ticker: 2 Order id : 5024 Side: SELL Qty: 100 Price: 117 ] .
../low-latency-components/tcp_socket.h:108 sendAndRecv() Thu Apr  9 18:48:15 2026 send socket:9 len:-1
../trading/order_gw/order_gateway.cpp:32 run() Thu Apr  9 18:48:15 2026 Sending client id: 5, seq: 289 MEClientRequest  [  Type: NEW Client: 5 Ticker: 1 Order id : 5144 Side: SELL Qty: 61 Price: 167 ] .
../low-latency-components/tcp_socket.h:108 sendAndRecv() Thu Apr  9 18:48:15 2026 send socket:9 len:-1
../trading/order_gw/order_gateway.cpp:32 run() Thu Apr  9 18:48:16 2026 Sending client id: 5, seq: 290 MEClientRequest  [  Type: CANCEL Client: 5 Ticker: 3 Order id : 5042 Side: BUY Qty: 35 Price: 174 ] .
../low-latency-components/tcp_socket.h:108 sendAndRecv() Thu Apr  9 18:48:16 2026 send socket:9 len:-1
../trading/order_gw/order_gateway.cpp:32 run() Thu Apr  9 18:48:16 2026 Sending client id: 5, seq: 291 MEClientRequest  [  Type: NEW Client: 5 Ticker: 1 Order id : 5145 Side: BUY Qty: 5 Price: 166 ] .
../low-latency-components/tcp_socket.h:108 sendAndRecv() Thu Apr  9 18:48:16 2026 send socket:9 len:-1
../trading/order_gw/order_gateway.cpp:32 run() Thu Apr  9 18:48:16 2026 Sending client id: 5, seq: 292 MEClientRequest  [  Type: CANCEL Client: 5 Ticker: 3 Order id : 5127 Side: BUY Qty: 45 Price: 182 ] .
../low-latency-components/tcp_socket.h:108 sendAndRecv() Thu Apr  9 18:48:16 2026 send socket:9 len:-1
../trading/order_gw/order_gateway.cpp:32 run() Thu Apr  9 18:48:16 2026 Sending client id: 5, seq: 293 MEClientRequest  [  Type: NEW Client: 5 Ticker: 0 Order id : 5146 Side: SELL Qty: 51 Price: 177 ] .
../low-latency-components/tcp_socket.h:108 sendAndRecv() Thu Apr  9 18:48:16 2026 send socket:9 len:-1
../trading/order_gw/order_gateway.cpp:32 run() Thu Apr  9 18:48:16 2026 Sending client id: 5, seq: 294 MEClientRequest  [  Type: CANCEL Client: 5 Ticker: 2 Order id : 5034 Side: BUY Qty: 36 Price: 112 ] .
../low-latency-components/tcp_socket.h:108 sendAndRecv() Thu Apr  9 18:48:16 2026 send socket:9 len:-1
../trading/order_gw/order_gateway.cpp:32 run() Thu Apr  9 18:48:16 2026 Sending client id: 5, seq: 295 MEClientRequest  [  Type: NEW Client: 5 Ticker: 2 Order id : 5147 Side: SELL Qty: 48 Price: 118 ] .
../low-latency-components/tcp_socket.h:108 sendAndRecv() Thu Apr  9 18:48:16 2026 send socket:9 len:-1
../trading/order_gw/order_gateway.cpp:32 run() Thu Apr  9 18:48:16 2026 Sending client id: 5, seq: 296 MEClientRequest  [  Type: CANCEL Client: 5 Ticker: 3 Order id : 5109 Side: BUY Qty: 81 Price: 182 ] .
../low-latency-components/tcp_socket.h:108 sendAndRecv() Thu Apr  9 18:48:16 2026 send socket:9 len:-1
../trading/order_gw/order_gateway.cpp:32 run() Thu Apr  9 18:48:16 2026 Sending client id: 5, seq: 297 MEClientRequest  [  Type: NEW Client: 5 Ticker: 0 Order id : 5148 Side: SELL Qty: 28 Price: 182 ] .
../low-latency-components/tcp_socket.h:108 sendAndRecv() Thu Apr  9 18:48:16 2026 send socket:9 len:-1
../trading/order_gw/order_gateway.cpp:32 run() Thu Apr  9 18:48:16 2026 Sending client id: 5, seq: 298 MEClientRequest  [  Type: CANCEL Client: 5 Ticker: 1 Order id : 5122 Side: SELL Qty: 60 Price: 172 ] .
../low-latency-components/tcp_socket.h:108 sendAndRecv() Thu Apr  9 18:48:16 2026 send socket:9 len:-1
../trading/order_gw/order_gateway.cpp:32 run() Thu Apr  9 18:48:16 2026 Sending client id: 5, seq: 299 MEClientRequest  [  Type: NEW Client: 5 Ticker: 3 Order id : 5149 Side: SELL Qty: 95 Price: 174 ] .
../low-latency-components/tcp_socket.h:108 sendAndRecv() Thu Apr  9 18:48:16 2026 send socket:9 len:-1
../trading/order_gw/order_gateway.cpp:32 run() Thu Apr  9 18:48:17 2026 Sending client id: 5, seq: 300 MEClientRequest  [  Type: CANCEL Client: 5 Ticker: 0 Order id : 5036 Side: SELL Qty: 19 Price: 176 ] .
../low-latency-components/tcp_socket.h:108 sendAndRecv() Thu Apr  9 18:48:17 2026 send socket:9 len:-1
../trading/order_gw/order_gateway.cpp:32 run() Thu Apr  9 18:48:17 2026 Sending client id: 5, seq: 301 MEClientRequest  [  Type: NEW Client: 5 Ticker: 1 Order id : 5150 Side: SELL Qty: 99 Price: 172 ] .
../low-latency-components/tcp_socket.h:108 sendAndRecv() Thu Apr  9 18:48:17 2026 send socket:9 len:-1
../trading/order_gw/order_gateway.cpp:32 run() Thu Apr  9 18:48:17 2026 Sending client id: 5, seq: 302 MEClientRequest  [  Type: CANCEL Client: 5 Ticker: 2 Order id : 5013 Side: BUY Qty: 46 Price: 111 ] .
../low-latency-components/tcp_socket.h:108 sendAndRecv() Thu Apr  9 18:48:17 2026 send socket:9 len:-1
../trading/order_gw/order_gateway.cpp:32 run() Thu Apr  9 18:48:17 2026 Sending client id: 5, seq: 303 MEClientRequest  [  Type: NEW Client: 5 Ticker: 0 Order id : 5151 Side: BUY Qty: 22 Price: 176 ] .
../low-latency-components/tcp_socket.h:108 sendAndRecv() Thu Apr  9 18:48:17 2026 send socket:9 len:-1
../trading/order_gw/order_gateway.cpp:32 run() Thu Apr  9 18:48:17 2026 Sending client id: 5, seq: 304 MEClientRequest  [  Type: CANCEL Client: 5 Ticker: 1 Order id : 5067 Side: SELL Qty: 75 Price: 168 ] .
../low-latency-components/tcp_socket.h:108 sendAndRecv() Thu Apr  9 18:48:17 2026 send socket:9 len:-1
../trading/order_gw/order_gateway.cpp:32 run() Thu Apr  9 18:48:17 2026 Sending client id: 5, seq: 305 MEClientRequest  [  Type: NEW Client: 5 Ticker: 3 Order id : 5152 Side: SELL Qty: 30 Price: 176 ] .
../low-latency-components/tcp_socket.h:108 sendAndRecv() Thu Apr  9 18:48:17 2026 send socket:9 len:-1
../trading/order_gw/order_gateway.cpp:32 run() Thu Apr  9 18:48:17 2026 Sending client id: 5, seq: 306 MEClientRequest  [  Type: CANCEL Client: 5 Ticker: 3 Order id : 5031 Side: SELL Qty: 79 Price: 181 ] .
../low-latency-components/tcp_socket.h:108 sendAndRecv() Thu Apr  9 18:48:17 2026 send socket:9 len:-1
../trading/order_gw/order_gateway.cpp:32 run() Thu Apr  9 18:48:17 2026 Sending client id: 5, seq: 307 MEClientRequest  [  Type: NEW Client: 5 Ticker: 3 Order id : 5153 Side: BUY Qty: 16 Price: 181 ] .
../low-latency-components/tcp_socket.h:108 sendAndRecv() Thu Apr  9 18:48:17 2026 send socket:9 len:-1
../trading/order_gw/order_gateway.cpp:32 run() Thu Apr  9 18:48:17 2026 Sending client id: 5, seq: 308 MEClientRequest  [  Type: CANCEL Client: 5 Ticker: 0 Order id : 5092 Side: SELL Qty: 23 Price: 185 ] .
../low-latency-components/tcp_socket.h:108 sendAndRecv() Thu Apr  9 18:48:17 2026 send socket:9 len:-1
../trading/order_gw/order_gateway.cpp:32 run() Thu Apr  9 18:48:17 2026 Sending client id: 5, seq: 309 MEClientRequest  [  Type: NEW Client: 5 Ticker: 0 Order id : 5154 Side: SELL Qty: 42 Price: 183 ] .
../low-latency-components/tcp_socket.h:108 sendAndRecv() Thu Apr  9 18:48:17 2026 send socket:9 len:-1
../trading/order_gw/order_gateway.cpp:32 run() Thu Apr  9 18:48:18 2026 Sending client id: 5, seq: 310 MEClientRequest  [  Type: CANCEL Client: 5 Ticker: 2 Order id : 5104 Side: BUY Qty: 28 Price: 120 ] .
../low-latency-components/tcp_socket.h:108 sendAndRecv() Thu Apr  9 18:48:18 2026 send socket:9 len:-1
../trading/order_gw/order_gateway.cpp:32 run() Thu Apr  9 18:48:18 2026 Sending client id: 5, seq: 311 MEClientRequest  [  Type: NEW Client: 5 Ticker: 3 Order id : 5155 Side: SELL Qty: 5 Price: 182 ] .
../low-latency-components/tcp_socket.h:108 sendAndRecv() Thu Apr  9 18:48:18 2026 send socket:9 len:-1
../trading/order_gw/order_gateway.cpp:32 run() Thu Apr  9 18:48:18 2026 Sending client id: 5, seq: 312 MEClientRequest  [  Type: CANCEL Client: 5 Ticker: 3 Order id : 5079 Side: SELL Qty: 78 Price: 177 ] .
../low-latency-components/tcp_socket.h:108 sendAndRecv() Thu Apr  9 18:48:18 2026 send socket:9 len:-1
../trading/order_gw/order_gateway.cpp:32 run() Thu Apr  9 18:48:18 2026 Sending client id: 5, seq: 313 MEClientRequest  [  Type: NEW Client: 5 Ticker: 3 Order id : 5156 Side: BUY Qty: 93 Price: 182 ] .
../low-latency-components/tcp_socket.h:108 sendAndRecv() Thu Apr  9 18:48:18 2026 send socket:9 len:-1
../trading/order_gw/order_gateway.cpp:32 run() Thu Apr  9 18:48:18 2026 Sending client id: 5, seq: 314 MEClientRequest  [  Type: CANCEL Client: 5 Ticker: 0 Order id : 5033 Side: SELL Qty: 17 Price: 179 ] .
../low-latency-components/tcp_socket.h:108 sendAndRecv() Thu Apr  9 18:48:18 2026 send socket:9 len:-1
../trading/order_gw/order_gateway.cpp:32 run() Thu Apr  9 18:48:18 2026 Sending client id: 5, seq: 315 MEClientRequest  [  Type: NEW Client: 5 Ticker: 1 Order id : 5157 Side: BUY Qty: 58 Price: 171 ] .
../low-latency-components/tcp_socket.h:108 sendAndRecv() Thu Apr  9 18:48:18 2026 send socket:9 len:-1
../trading/order_gw/order_gateway.cpp:32 run() Thu Apr  9 18:48:18 2026 Sending client id: 5, seq: 316 MEClientRequest  [  Type: CANCEL Client: 5 Ticker: 1 Order id : 5065 Side: SELL Qty: 38 Price: 174 ] .
../low-latency-components/tcp_socket.h:108 sendAndRecv() Thu Apr  9 18:48:18 2026 send socket:9 len:-1
../trading/order_gw/order_gateway.cpp:32 run() Thu Apr  9 18:48:18 2026 Sending client id: 5, seq: 317 MEClientRequest  [  Type: NEW Client: 5 Ticker: 3 Order id : 5158 Side: SELL Qty: 10 Price: 177 ] .
../low-latency-components/tcp_socket.h:108 sendAndRecv() Thu Apr  9 18:48:18 2026 send socket:9 len:-1
../trading/order_gw/order_gateway.cpp:32 run() Thu Apr  9 18:48:18 2026 Sending client id: 5, seq: 318 MEClientRequest  [  Type: CANCEL Client: 5 Ticker: 0 Order id : 5033 Side: SELL Qty: 17 Price: 179 ] .
../low-latency-components/tcp_socket.h:108 sendAndRecv() Thu Apr  9 18:48:18 2026 send socket:9 len:-1
../trading/order_gw/order_gateway.cpp:32 run() Thu Apr  9 18:48:18 2026 Sending client id: 5, seq: 319 MEClientRequest  [  Type: NEW Client: 5 Ticker: 0 Order id : 5159 Side: SELL Qty: 48 Price: 177 ] .
../low-latency-components/tcp_socket.h:108 sendAndRecv() Thu Apr  9 18:48:18 2026 send socket:9 len:-1
../trading/order_gw/order_gateway.cpp:32 run() Thu Apr  9 18:48:19 2026 Sending client id: 5, seq: 320 MEClientRequest  [  Type: CANCEL Client: 5 Ticker: 0 Order id : 5016 Side: BUY Qty: 93 Price: 180 ] .
../low-latency-components/tcp_socket.h:108 sendAndRecv() Thu Apr  9 18:48:19 2026 send socket:9 len:-1
../trading/order_gw/order_gateway.cpp:32 run() Thu Apr  9 18:48:19 2026 Sending client id: 5, seq: 321 MEClientRequest  [  Type: NEW Client: 5 Ticker: 2 Order id : 5160 Side: BUY Qty: 36 Price: 115 ] .
../low-latency-components/tcp_socket.h:108 sendAndRecv() Thu Apr  9 18:48:19 2026 send socket:9 len:-1
../trading/order_gw/order_gateway.cpp:32 run() Thu Apr  9 18:48:19 2026 Sending client id: 5, seq: 322 MEClientRequest  [  Type: CANCEL Client: 5 Ticker: 2 Order id : 5064 Side: BUY Qty: 87 Price: 117 ] .
../low-latency-components/tcp_socket.h:108 sendAndRecv() Thu Apr  9 18:48:19 2026 send socket:9 len:-1
../trading/order_gw/order_gateway.cpp:32 run() Thu Apr  9 18:48:19 2026 Sending client id: 5, seq: 323 MEClientRequest  [  Type: NEW Client: 5 Ticker: 3 Order id : 5161 Side: SELL Qty: 55 Price: 177 ] .
../low-latency-components/tcp_socket.h:108 sendAndRecv() Thu Apr  9 18:48:19 2026 send socket:9 len:-1
../trading/order_gw/order_gateway.cpp:32 run() Thu Apr  9 18:48:19 2026 Sending client id: 5, seq: 324 MEClientRequest  [  Type: CANCEL Client: 5 Ticker: 0 Order id : 5085 Side: SELL Qty: 77 Price: 176 ] .
../low-latency-components/tcp_socket.h:108 sendAndRecv() Thu Apr  9 18:48:19 2026 send socket:9 len:-1
../trading/order_gw/order_gateway.cpp:32 run() Thu Apr  9 18:48:19 2026 Sending client id: 5, seq: 325 MEClientRequest  [  Type: NEW Client: 5 Ticker: 1 Order id : 5162 Side: SELL Qty: 94 Price: 166 ] .
../low-latency-components/tcp_socket.h:108 sendAndRecv() Thu Apr  9 18:48:19 2026 send socket:9 len:-1
../trading/order_gw/order_gateway.cpp:32 run() Thu Apr  9 18:48:19 2026 Sending client id: 5, seq: 326 MEClientRequest  [  Type: CANCEL Client: 5 Ticker: 2 Order id : 5133 Side: BUY Qty: 31 Price: 111 ] .
../low-latency-components/tcp_socket.h:108 sendAndRecv() Thu Apr  9 18:48:19 2026 send socket:9 len:-1
../trading/order_gw/order_gateway.cpp:32 run() Thu Apr  9 18:48:19 2026 Sending client id: 5, seq: 327 MEClientRequest  [  Type: NEW Client: 5 Ticker: 2 Order id : 5163 Side: SELL Qty: 6 Price: 111 ] .
../low-latency-components/tcp_socket.h:108 sendAndRecv() Thu Apr  9 18:48:19 2026 send socket:9 len:-1
../trading/order_gw/order_gateway.cpp:32 run() Thu Apr  9 18:48:19 2026 Sending client id: 5, seq: 328 MEClientRequest  [  Type: CANCEL Client: 5 Ticker: 3 Order id : 5079 Side: SELL Qty: 78 Price: 177 ] .
../low-latency-components/tcp_socket.h:108 sendAndRecv() Thu Apr  9 18:48:19 2026 send socket:9 len:-1
../trading/order_gw/order_gateway.cpp:32 run() Thu Apr  9 18:48:19 2026 Sending client id: 5, seq: 329 MEClientRequest  [  Type: NEW Client: 5 Ticker: 1 Order id : 5164 Side: SELL Qty: 50 Price: 166 ] .
../low-latency-components/tcp_socket.h:108 sendAndRecv() Thu Apr  9 18:48:19 2026 send socket:9 len:-1
../trading/order_gw/order_gateway.cpp:32 run() Thu Apr  9 18:48:20 2026 Sending client id: 5, seq: 330 MEClientRequest  [  Type: CANCEL Client: 5 Ticker: 2 Order id : 5114 Side: SELL Qty: 45 Price: 115 ] .
../low-latency-components/tcp_socket.h:108 sendAndRecv() Thu Apr  9 18:48:20 2026 send socket:9 len:-1
../trading/order_gw/order_gateway.cpp:32 run() Thu Apr  9 18:48:20 2026 Sending client id: 5, seq: 331 MEClientRequest  [  Type: NEW Client: 5 Ticker: 0 Order id : 5165 Side: BUY Qty: 39 Price: 184 ] .
../low-latency-components/tcp_socket.h:108 sendAndRecv() Thu Apr  9 18:48:20 2026 send socket:9 len:-1
../trading/order_gw/order_gateway.cpp:32 run() Thu Apr  9 18:48:20 2026 Sending client id: 5, seq: 332 MEClientRequest  [  Type: CANCEL Client: 5 Ticker: 1 Order id : 5134 Side: BUY Qty: 12 Price: 171 ] .
../low-latency-components/tcp_socket.h:108 sendAndRecv() Thu Apr  9 18:48:20 2026 send socket:9 len:-1
../trading/order_gw/order_gateway.cpp:32 run() Thu Apr  9 18:48:20 2026 Sending client id: 5, seq: 333 MEClientRequest  [  Type: NEW Client: 5 Ticker: 1 Order id : 5166 Side: BUY Qty: 89 Price: 173 ] .
../low-latency-components/tcp_socket.h:108 sendAndRecv() Thu Apr  9 18:48:20 2026 send socket:9 len:-1
../trading/order_gw/order_gateway.cpp:32 run() Thu Apr  9 18:48:20 2026 Sending client id: 5, seq: 334 MEClientRequest  [  Type: CANCEL Client: 5 Ticker: 1 Order id : 5150 Side: SELL Qty: 99 Price: 172 ] .
../low-latency-components/tcp_socket.h:108 sendAndRecv() Thu Apr  9 18:48:20 2026 send socket:9 len:-1
../trading/order_gw/order_gateway.cpp:32 run() Thu Apr  9 18:48:20 2026 Sending client id: 5, seq: 335 MEClientRequest  [  Type: NEW Client: 5 Ticker: 3 Order id : 5167 Side: BUY Qty: 29 Price: 180 ] .
../low-latency-components/tcp_socket.h:108 sendAndRecv() Thu Apr  9 18:48:20 2026 send socket:9 len:-1
../trading/order_gw/order_gateway.cpp:32 run() Thu Apr  9 18:48:20 2026 Sending client id: 5, seq: 336 MEClientRequest  [  Type: CANCEL Client: 5 Ticker: 3 Order id : 5149 Side: SELL Qty: 95 Price: 174 ] .
../low-latency-components/tcp_socket.h:108 sendAndRecv() Thu Apr  9 18:48:20 2026 send socket:9 len:-1
../trading/order_gw/order_gateway.cpp:32 run() Thu Apr  9 18:48:20 2026 Sending client id: 5, seq: 337 MEClientRequest  [  Type: NEW Client: 5 Ticker: 2 Order id : 5168 Side: SELL Qty: 29 Price: 115 ] .
../low-latency-components/tcp_socket.h:108 sendAndRecv() Thu Apr  9 18:48:20 2026 send socket:9 len:-1
../trading/order_gw/order_gateway.cpp:32 run() Thu Apr  9 18:48:20 2026 Sending client id: 5, seq: 338 MEClientRequest  [  Type: CANCEL Client: 5 Ticker: 3 Order id : 5127 Side: BUY Qty: 45 Price: 182 ] .
../low-latency-components/tcp_socket.h:108 sendAndRecv() Thu Apr  9 18:48:20 2026 send socket:9 len:-1
../trading/order_gw/order_gateway.cpp:32 run() Thu Apr  9 18:48:20 2026 Sending client id: 5, seq: 339 MEClientRequest  [  Type: NEW Client: 5 Ticker: 2 Order id : 5169 Side: BUY Qty: 50 Price: 114 ] .
../low-latency-components/tcp_socket.h:108 sendAndRecv() Thu Apr  9 18:48:20 2026 send socket:9 len:-1
../trading/order_gw/order_gateway.cpp:32 run() Thu Apr  9 18:48:21 2026 Sending client id: 5, seq: 340 MEClientRequest  [  Type: CANCEL Client: 5 Ticker: 3 Order id : 5149 Side: SELL Qty: 95 Price: 174 ] .
../low-latency-components/tcp_socket.h:108 sendAndRecv() Thu Apr  9 18:48:21 2026 send socket:9 len:-1
../trading/order_gw/order_gateway.cpp:32 run() Thu Apr  9 18:48:21 2026 Sending client id: 5, seq: 341 MEClientRequest  [  Type: NEW Client: 5 Ticker: 0 Order id : 5170 Side: SELL Qty: 3 Price: 180 ] .
../low-latency-components/tcp_socket.h:108 sendAndRecv() Thu Apr  9 18:48:21 2026 send socket:9 len:-1
../trading/order_gw/order_gateway.cpp:32 run() Thu Apr  9 18:48:21 2026 Sending client id: 5, seq: 342 MEClientRequest  [  Type: CANCEL Client: 5 Ticker: 3 Order id : 5028 Side: BUY Qty: 37 Price: 180 ] .
../low-latency-components/tcp_socket.h:108 sendAndRecv() Thu Apr  9 18:48:21 2026 send socket:9 len:-1
../trading/order_gw/order_gateway.cpp:32 run() Thu Apr  9 18:48:21 2026 Sending client id: 5, seq: 343 MEClientRequest  [  Type: NEW Client: 5 Ticker: 3 Order id : 5171 Side: SELL Qty: 46 Price: 181 ] .
../low-latency-components/tcp_socket.h:108 sendAndRecv() Thu Apr  9 18:48:21 2026 send socket:9 len:-1
../trading/order_gw/order_gateway.cpp:32 run() Thu Apr  9 18:48:21 2026 Sending client id: 5, seq: 344 MEClientRequest  [  Type: CANCEL Client: 5 Ticker: 2 Order id : 5135 Side: BUY Qty: 101 Price: 118 ] .
../low-latency-components/tcp_socket.h:108 sendAndRecv() Thu Apr  9 18:48:21 2026 send socket:9 len:-1
../trading/order_gw/order_gateway.cpp:32 run() Thu Apr  9 18:48:21 2026 Sending client id: 5, seq: 345 MEClientRequest  [  Type: NEW Client: 5 Ticker: 1 Order id : 5172 Side: SELL Qty: 23 Price: 174 ] .
../low-latency-components/tcp_socket.h:108 sendAndRecv() Thu Apr  9 18:48:21 2026 send socket:9 len:-1
../trading/order_gw/order_gateway.cpp:32 run() Thu Apr  9 18:48:21 2026 Sending client id: 5, seq: 346 MEClientRequest  [  Type: CANCEL Client: 5 Ticker: 0 Order id : 5117 Side: BUY Qty: 79 Price: 177 ] .
../low-latency-components/tcp_socket.h:108 sendAndRecv() Thu Apr  9 18:48:21 2026 send socket:9 len:-1
../trading/order_gw/order_gateway.cpp:32 run() Thu Apr  9 18:48:21 2026 Sending client id: 5, seq: 347 MEClientRequest  [  Type: NEW Client: 5 Ticker: 1 Order id : 5173 Side: SELL Qty: 98 Price: 173 ] .
../low-latency-components/tcp_socket.h:108 sendAndRecv() Thu Apr  9 18:48:21 2026 send socket:9 len:-1
../trading/order_gw/order_gateway.cpp:32 run() Thu Apr  9 18:48:21 2026 Sending client id: 5, seq: 348 MEClientRequest  [  Type: CANCEL Client: 5 Ticker: 3 Order id : 5120 Side: SELL Qty: 40 Price: 175 ] .
../low-latency-components/tcp_socket.h:108 sendAndRecv() Thu Apr  9 18:48:21 2026 send socket:9 len:-1
../trading/order_gw/order_gateway.cpp:32 run() Thu Apr  9 18:48:21 2026 Sending client id: 5, seq: 349 MEClientRequest  [  Type: NEW Client: 5 Ticker: 2 Order id : 5174 Side: BUY Qty: 40 Price: 113 ] .
../low-latency-components/tcp_socket.h:108 sendAndRecv() Thu Apr  9 18:48:21 2026 send socket:9 len:-1
../trading/order_gw/order_gateway.cpp:32 run() Thu Apr  9 18:48:22 2026 Sending client id: 5, seq: 350 MEClientRequest  [  Type: CANCEL Client: 5 Ticker: 2 Order id : 5082 Side: SELL Qty: 60 Price: 115 ] .
../low-latency-components/tcp_socket.h:108 sendAndRecv() Thu Apr  9 18:48:22 2026 send socket:9 len:-1
../trading/order_gw/order_gateway.cpp:32 run() Thu Apr  9 18:48:22 2026 Sending client id: 5, seq: 351 MEClientRequest  [  Type: NEW Client: 5 Ticker: 1 Order id : 5175 Side: BUY Qty: 44 Price: 174 ] .
../low-latency-components/tcp_socket.h:108 sendAndRecv() Thu Apr  9 18:48:22 2026 send socket:9 len:-1
../trading/order_gw/order_gateway.cpp:32 run() Thu Apr  9 18:48:22 2026 Sending client id: 5, seq: 352 MEClientRequest  [  Type: CANCEL Client: 5 Ticker: 1 Order id : 5111 Side: BUY Qty: 77 Price: 173 ] .
../low-latency-components/tcp_socket.h:108 sendAndRecv() Thu Apr  9 18:48:22 2026 send socket:9 len:-1
../trading/order_gw/order_gateway.cpp:32 run() Thu Apr  9 18:48:22 2026 Sending client id: 5, seq: 353 MEClientRequest  [  Type: NEW Client: 5 Ticker: 1 Order id : 5176 Side: BUY Qty: 69 Price: 173 ] .
../low-latency-components/tcp_socket.h:108 sendAndRecv() Thu Apr  9 18:48:22 2026 send socket:9 len:-1
../trading/order_gw/order_gateway.cpp:32 run() Thu Apr  9 18:48:22 2026 Sending client id: 5, seq: 354 MEClientRequest  [  Type: CANCEL Client: 5 Ticker: 3 Order id : 5149 Side: SELL Qty: 95 Price: 174 ] .
../low-latency-components/tcp_socket.h:108 sendAndRecv() Thu Apr  9 18:48:22 2026 send socket:9 len:-1
../trading/order_gw/order_gateway.cpp:32 run() Thu Apr  9 18:48:22 2026 Sending client id: 5, seq: 355 MEClientRequest  [  Type: NEW Client: 5 Ticker: 2 Order id : 5177 Side: SELL Qty: 32 Price: 113 ] .
../low-latency-components/tcp_socket.h:108 sendAndRecv() Thu Apr  9 18:48:22 2026 send socket:9 len:-1
../trading/order_gw/order_gateway.cpp:32 run() Thu Apr  9 18:48:22 2026 Sending client id: 5, seq: 356 MEClientRequest  [  Type: CANCEL Client: 5 Ticker: 1 Order id : 5087 Side: SELL Qty: 48 Price: 173 ] .
../low-latency-components/tcp_socket.h:108 sendAndRecv() Thu Apr  9 18:48:22 2026 send socket:9 len:-1
../trading/order_gw/order_gateway.cpp:32 run() Thu Apr  9 18:48:22 2026 Sending client id: 5, seq: 357 MEClientRequest  [  Type: NEW Client: 5 Ticker: 1 Order id : 5178 Side: SELL Qty: 87 Price: 173 ] .
../low-latency-components/tcp_socket.h:108 sendAndRecv() Thu Apr  9 18:48:22 2026 send socket:9 len:-1
../trading/order_gw/order_gateway.cpp:32 run() Thu Apr  9 18:48:22 2026 Sending client id: 5, seq: 358 MEClientRequest  [  Type: CANCEL Client: 5 Ticker: 3 Order id : 5008 Side: BUY Qty: 39 Price: 176 ] .
../low-latency-components/tcp_socket.h:108 sendAndRecv() Thu Apr  9 18:48:22 2026 send socket:9 len:-1
../trading/order_gw/order_gateway.cpp:32 run() Thu Apr  9 18:48:22 2026 Sending client id: 5, seq: 359 MEClientRequest  [  Type: NEW Client: 5 Ticker: 2 Order id : 5179 Side: BUY Qty: 13 Price: 113 ] .
../low-latency-components/tcp_socket.h:108 sendAndRecv() Thu Apr  9 18:48:22 2026 send socket:9 len:-1
../trading/order_gw/order_gateway.cpp:32 run() Thu Apr  9 18:48:23 2026 Sending client id: 5, seq: 360 MEClientRequest  [  Type: CANCEL Client: 5 Ticker: 2 Order id : 5032 Side: BUY Qty: 8 Price: 114 ] .
../low-latency-components/tcp_socket.h:108 sendAndRecv() Thu Apr  9 18:48:23 2026 send socket:9 len:-1
../trading/order_gw/order_gateway.cpp:32 run() Thu Apr  9 18:48:23 2026 Sending client id: 5, seq: 361 MEClientRequest  [  Type: NEW Client: 5 Ticker: 3 Order id : 5180 Side: SELL Qty: 77 Price: 178 ] .
../low-latency-components/tcp_socket.h:108 sendAndRecv() Thu Apr  9 18:48:23 2026 send socket:9 len:-1
../trading/order_gw/order_gateway.cpp:32 run() Thu Apr  9 18:48:23 2026 Sending client id: 5, seq: 362 MEClientRequest  [  Type: CANCEL Client: 5 Ticker: 1 Order id : 5119 Side: SELL Qty: 65 Price: 174 ] .
../low-latency-components/tcp_socket.h:108 sendAndRecv() Thu Apr  9 18:48:23 2026 send socket:9 len:-1
../trading/order_gw/order_gateway.cpp:32 run() Thu Apr  9 18:48:23 2026 Sending client id: 5, seq: 363 MEClientRequest  [  Type: NEW Client: 5 Ticker: 0 Order id : 5181 Side: SELL Qty: 8 Price: 179 ] .
../low-latency-components/tcp_socket.h:108 sendAndRecv() Thu Apr  9 18:48:23 2026 send socket:9 len:-1
../trading/order_gw/order_gateway.cpp:32 run() Thu Apr  9 18:48:23 2026 Sending client id: 5, seq: 364 MEClientRequest  [  Type: CANCEL Client: 5 Ticker: 1 Order id : 5150 Side: SELL Qty: 99 Price: 172 ] .
../low-latency-components/tcp_socket.h:108 sendAndRecv() Thu Apr  9 18:48:23 2026 send socket:9 len:-1
../trading/order_gw/order_gateway.cpp:32 run() Thu Apr  9 18:48:23 2026 Sending client id: 5, seq: 365 MEClientRequest  [  Type: NEW Client: 5 Ticker: 1 Order id : 5182 Side: BUY Qty: 80 Price: 167 ] .
../low-latency-components/tcp_socket.h:108 sendAndRecv() Thu Apr  9 18:48:23 2026 send socket:9 len:-1
../trading/order_gw/order_gateway.cpp:32 run() Thu Apr  9 18:48:23 2026 Sending client id: 5, seq: 366 MEClientRequest  [  Type: CANCEL Client: 5 Ticker: 2 Order id : 5168 Side: SELL Qty: 29 Price: 115 ] .
../low-latency-components/tcp_socket.h:108 sendAndRecv() Thu Apr  9 18:48:23 2026 send socket:9 len:-1
../trading/order_gw/order_gateway.cpp:32 run() Thu Apr  9 18:48:23 2026 Sending client id: 5, seq: 367 MEClientRequest  [  Type: NEW Client: 5 Ticker: 3 Order id : 5183 Side: BUY Qty: 31 Price: 176 ] .
../low-latency-components/tcp_socket.h:108 sendAndRecv() Thu Apr  9 18:48:23 2026 send socket:9 len:-1
../trading/order_gw/order_gateway.cpp:32 run() Thu Apr  9 18:48:23 2026 Sending client id: 5, seq: 368 MEClientRequest  [  Type: CANCEL Client: 5 Ticker: 3 Order id : 5025 Side: BUY Qty: 69 Price: 179 ] .
../low-latency-components/tcp_socket.h:108 sendAndRecv() Thu Apr  9 18:48:23 2026 send socket:9 len:-1
../trading/order_gw/order_gateway.cpp:32 run() Thu Apr  9 18:48:23 2026 Sending client id: 5, seq: 369 MEClientRequest  [  Type: NEW Client: 5 Ticker: 0 Order id : 5184 Side: BUY Qty: 95 Price: 181 ] .
../low-latency-components/tcp_socket.h:108 sendAndRecv() Thu Apr  9 18:48:23 2026 send socket:9 len:-1
../trading/order_gw/order_gateway.cpp:32 run() Thu Apr  9 18:48:24 2026 Sending client id: 5, seq: 370 MEClientRequest  [  Type: CANCEL Client: 5 Ticker: 3 Order id : 5005 Side: SELL Qty: 29 Price: 179 ] .
../low-latency-components/tcp_socket.h:108 sendAndRecv() Thu Apr  9 18:48:24 2026 send socket:9 len:-1
../trading/order_gw/order_gateway.cpp:32 run() Thu Apr  9 18:48:24 2026 Sending client id: 5, seq: 371 MEClientRequest  [  Type: NEW Client: 5 Ticker: 0 Order id : 5185 Side: BUY Qty: 39 Price: 185 ] .
../low-latency-components/tcp_socket.h:108 sendAndRecv() Thu Apr  9 18:48:24 2026 send socket:9 len:-1
../trading/order_gw/order_gateway.cpp:32 run() Thu Apr  9 18:48:24 2026 Sending client id: 5, seq: 372 MEClientRequest  [  Type: CANCEL Client: 5 Ticker: 1 Order id : 5134 Side: BUY Qty: 12 Price: 171 ] .
../low-latency-components/tcp_socket.h:108 sendAndRecv() Thu Apr  9 18:48:24 2026 send socket:9 len:-1
../trading/order_gw/order_gateway.cpp:32 run() Thu Apr  9 18:48:24 2026 Sending client id: 5, seq: 373 MEClientRequest  [  Type: NEW Client: 5 Ticker: 2 Order id : 5186 Side: BUY Qty: 49 Price: 118 ] .
../low-latency-components/tcp_socket.h:108 sendAndRecv() Thu Apr  9 18:48:24 2026 send socket:9 len:-1
../trading/order_gw/order_gateway.cpp:32 run() Thu Apr  9 18:48:24 2026 Sending client id: 5, seq: 374 MEClientRequest  [  Type: CANCEL Client: 5 Ticker: 1 Order id : 5144 Side: SELL Qty: 61 Price: 167 ] .
../low-latency-components/tcp_socket.h:108 sendAndRecv() Thu Apr  9 18:48:24 2026 send socket:9 len:-1
../trading/order_gw/order_gateway.cpp:32 run() Thu Apr  9 18:48:24 2026 Sending client id: 5, seq: 375 MEClientRequest  [  Type: NEW Client: 5 Ticker: 2 Order id : 5187 Side: SELL Qty: 2 Price: 114 ] .
../low-latency-components/tcp_socket.h:108 sendAndRecv() Thu Apr  9 18:48:24 2026 send socket:9 len:-1
../trading/order_gw/order_gateway.cpp:32 run() Thu Apr  9 18:48:24 2026 Sending client id: 5, seq: 376 MEClientRequest  [  Type: CANCEL Client: 5 Ticker: 0 Order id : 5095 Side: SELL Qty: 84 Price: 182 ] .
../low-latency-components/tcp_socket.h:108 sendAndRecv() Thu Apr  9 18:48:24 2026 send socket:9 len:-1
../trading/order_gw/order_gateway.cpp:32 run() Thu Apr  9 18:48:24 2026 Sending client id: 5, seq: 377 MEClientRequest  [  Type: NEW Client: 5 Ticker: 0 Order id : 5188 Side: SELL Qty: 44 Price: 180 ] .
../low-latency-components/tcp_socket.h:108 sendAndRecv() Thu Apr  9 18:48:24 2026 send socket:9 len:-1
../trading/order_gw/order_gateway.cpp:32 run() Thu Apr  9 18:48:24 2026 Sending client id: 5, seq: 378 MEClientRequest  [  Type: CANCEL Client: 5 Ticker: 3 Order id : 5100 Side: SELL Qty: 45 Price: 176 ] .
../low-latency-components/tcp_socket.h:108 sendAndRecv() Thu Apr  9 18:48:24 2026 send socket:9 len:-1
../trading/order_gw/order_gateway.cpp:32 run() Thu Apr  9 18:48:24 2026 Sending client id: 5, seq: 379 MEClientRequest  [  Type: NEW Client: 5 Ticker: 1 Order id : 5189 Side: SELL Qty: 88 Price: 166 ] .
../low-latency-components/tcp_socket.h:108 sendAndRecv() Thu Apr  9 18:48:24 2026 send socket:9 len:-1
../trading/order_gw/order_gateway.cpp:32 run() Thu Apr  9 18:48:25 2026 Sending client id: 5, seq: 380 MEClientRequest  [  Type: CANCEL Client: 5 Ticker: 2 Order id : 5131 Side: BUY Qty: 68 Price: 119 ] .
../low-latency-components/tcp_socket.h:108 sendAndRecv() Thu Apr  9 18:48:25 2026 send socket:9 len:-1
../trading/order_gw/order_gateway.cpp:32 run() Thu Apr  9 18:48:25 2026 Sending client id: 5, seq: 381 MEClientRequest  [  Type: NEW Client: 5 Ticker: 3 Order id : 5190 Side: SELL Qty: 100 Price: 179 ] .
../low-latency-components/tcp_socket.h:108 sendAndRecv() Thu Apr  9 18:48:25 2026 send socket:9 len:-1
../trading/order_gw/order_gateway.cpp:32 run() Thu Apr  9 18:48:25 2026 Sending client id: 5, seq: 382 MEClientRequest  [  Type: CANCEL Client: 5 Ticker: 2 Order id : 5020 Side: SELL Qty: 38 Price: 113 ] .
../low-latency-components/tcp_socket.h:108 sendAndRecv() Thu Apr  9 18:48:25 2026 send socket:9 len:-1
../trading/order_gw/order_gateway.cpp:32 run() Thu Apr  9 18:48:25 2026 Sending client id: 5, seq: 383 MEClientRequest  [  Type: NEW Client: 5 Ticker: 0 Order id : 5191 Side: BUY Qty: 12 Price: 177 ] .
../low-latency-components/tcp_socket.h:108 sendAndRecv() Thu Apr  9 18:48:25 2026 send socket:9 len:-1
../trading/order_gw/order_gateway.cpp:32 run() Thu Apr  9 18:48:25 2026 Sending client id: 5, seq: 384 MEClientRequest  [  Type: CANCEL Client: 5 Ticker: 3 Order id : 5028 Side: BUY Qty: 37 Price: 180 ] .
../low-latency-components/tcp_socket.h:108 sendAndRecv() Thu Apr  9 18:48:25 2026 send socket:9 len:-1
../trading/order_gw/order_gateway.cpp:32 run() Thu Apr  9 18:48:25 2026 Sending client id: 5, seq: 385 MEClientRequest  [  Type: NEW Client: 5 Ticker: 1 Order id : 5192 Side: SELL Qty: 73 Price: 171 ] .
../low-latency-components/tcp_socket.h:108 sendAndRecv() Thu Apr  9 18:48:25 2026 send socket:9 len:-1
../trading/order_gw/order_gateway.cpp:32 run() Thu Apr  9 18:48:25 2026 Sending client id: 5, seq: 386 MEClientRequest  [  Type: CANCEL Client: 5 Ticker: 2 Order id : 5044 Side: BUY Qty: 82 Price: 118 ] .
../low-latency-components/tcp_socket.h:108 sendAndRecv() Thu Apr  9 18:48:25 2026 send socket:9 len:-1
../trading/order_gw/order_gateway.cpp:32 run() Thu Apr  9 18:48:25 2026 Sending client id: 5, seq: 387 MEClientRequest  [  Type: NEW Client: 5 Ticker: 0 Order id : 5193 Side: SELL Qty: 19 Price: 184 ] .
../low-latency-components/tcp_socket.h:108 sendAndRecv() Thu Apr  9 18:48:25 2026 send socket:9 len:-1
../trading/order_gw/order_gateway.cpp:32 run() Thu Apr  9 18:48:25 2026 Sending client id: 5, seq: 388 MEClientRequest  [  Type: CANCEL Client: 5 Ticker: 0 Order id : 5073 Side: BUY Qty: 63 Price: 180 ] .
../low-latency-components/tcp_socket.h:108 sendAndRecv() Thu Apr  9 18:48:25 2026 send socket:9 len:-1
../trading/order_gw/order_gateway.cpp:32 run() Thu Apr  9 18:48:25 2026 Sending client id: 5, seq: 389 MEClientRequest  [  Type: NEW Client: 5 Ticker: 0 Order id : 5194 Side: BUY Qty: 99 Price: 183 ] .
../low-latency-components/tcp_socket.h:108 sendAndRecv() Thu Apr  9 18:48:25 2026 send socket:9 len:-1
../trading/order_gw/order_gateway.cpp:32 run() Thu Apr  9 18:48:26 2026 Sending client id: 5, seq: 390 MEClientRequest  [  Type: CANCEL Client: 5 Ticker: 2 Order id : 5034 Side: BUY Qty: 36 Price: 112 ] .
../low-latency-components/tcp_socket.h:108 sendAndRecv() Thu Apr  9 18:48:26 2026 send socket:9 len:-1
../trading/order_gw/order_gateway.cpp:32 run() Thu Apr  9 18:48:26 2026 Sending client id: 5, seq: 391 MEClientRequest  [  Type: NEW Client: 5 Ticker: 0 Order id : 5195 Side: SELL Qty: 71 Price: 180 ] .
../low-latency-components/tcp_socket.h:108 sendAndRecv() Thu Apr  9 18:48:26 2026 send socket:9 len:-1
../trading/order_gw/order_gateway.cpp:32 run() Thu Apr  9 18:48:26 2026 Sending client id: 5, seq: 392 MEClientRequest  [  Type: CANCEL Client: 5 Ticker: 0 Order id : 5154 Side: SELL Qty: 42 Price: 183 ] .
../low-latency-components/tcp_socket.h:108 sendAndRecv() Thu Apr  9 18:48:26 2026 send socket:9 len:-1
../trading/order_gw/order_gateway.cpp:32 run() Thu Apr  9 18:48:26 2026 Sending client id: 5, seq: 393 MEClientRequest  [  Type: NEW Client: 5 Ticker: 1 Order id : 5196 Side: BUY Qty: 26 Price: 175 ] .
../low-latency-components/tcp_socket.h:108 sendAndRecv() Thu Apr  9 18:48:26 2026 send socket:9 len:-1
../trading/order_gw/order_gateway.cpp:32 run() Thu Apr  9 18:48:26 2026 Sending client id: 5, seq: 394 MEClientRequest  [  Type: CANCEL Client: 5 Ticker: 1 Order id : 5182 Side: BUY Qty: 80 Price: 167 ] .
../low-latency-components/tcp_socket.h:108 sendAndRecv() Thu Apr  9 18:48:26 2026 send socket:9 len:-1
../trading/order_gw/order_gateway.cpp:32 run() Thu Apr  9 18:48:26 2026 Sending client id: 5, seq: 395 MEClientRequest  [  Type: NEW Client: 5 Ticker: 3 Order id : 5197 Side: BUY Qty: 89 Price: 178 ] .
../low-latency-components/tcp_socket.h:108 sendAndRecv() Thu Apr  9 18:48:26 2026 send socket:9 len:-1
../trading/order_gw/order_gateway.cpp:32 run() Thu Apr  9 18:48:26 2026 Sending client id: 5, seq: 396 MEClientRequest  [  Type: CANCEL Client: 5 Ticker: 2 Order id : 5019 Side: SELL Qty: 93 Price: 111 ] .
../low-latency-components/tcp_socket.h:108 sendAndRecv() Thu Apr  9 18:48:26 2026 send socket:9 len:-1
../trading/order_gw/order_gateway.cpp:32 run() Thu Apr  9 18:48:26 2026 Sending client id: 5, seq: 397 MEClientRequest  [  Type: NEW Client: 5 Ticker: 3 Order id : 5198 Side: BUY Qty: 86 Price: 173 ] .
../low-latency-components/tcp_socket.h:108 sendAndRecv() Thu Apr  9 18:48:26 2026 send socket:9 len:-1
../trading/order_gw/order_gateway.cpp:32 run() Thu Apr  9 18:48:26 2026 Sending client id: 5, seq: 398 MEClientRequest  [  Type: CANCEL Client: 5 Ticker: 0 Order id : 5037 Side: SELL Qty: 97 Price: 183 ] .
../low-latency-components/tcp_socket.h:108 sendAndRecv() Thu Apr  9 18:48:26 2026 send socket:9 len:-1
../trading/order_gw/order_gateway.cpp:32 run() Thu Apr  9 18:48:27 2026 Sending client id: 5, seq: 399 MEClientRequest  [  Type: NEW Client: 5 Ticker: 1 Order id : 5199 Side: SELL Qty: 55 Price: 175 ] .
../low-latency-components/tcp_socket.h:108 sendAndRecv() Thu Apr  9 18:48:27 2026 send socket:9 len:-1
../trading/order_gw/order_gateway.cpp:32 run() Thu Apr  9 18:48:27 2026 Sending client id: 5, seq: 400 MEClientRequest  [  Type: CANCEL Client: 5 Ticker: 3 Order id : 5156 Side: BUY Qty: 93 Price: 182 ] .
../low-latency-components/tcp_socket.h:108 sendAndRecv() Thu Apr  9 18:48:27 2026 send socket:9 len:-1
../trading/order_gw/order_gateway.cpp:32 run() Thu Apr  9 18:48:27 2026 Sending client id: 5, seq: 401 MEClientRequest  [  Type: NEW Client: 5 Ticker: 0 Order id : 5200 Side: BUY Qty: 47 Price: 185 ] .
../low-latency-components/tcp_socket.h:108 sendAndRecv() Thu Apr  9 18:48:27 2026 send socket:9 len:-1
../trading/order_gw/order_gateway.cpp:32 run() Thu Apr  9 18:48:27 2026 Sending client id: 5, seq: 402 MEClientRequest  [  Type: CANCEL Client: 5 Ticker: 1 Order id : 5166 Side: BUY Qty: 89 Price: 173 ] .
../low-latency-components/tcp_socket.h:108 sendAndRecv() Thu Apr  9 18:48:27 2026 send socket:9 len:-1
../trading/order_gw/order_gateway.cpp:32 run() Thu Apr  9 18:48:27 2026 Sending client id: 5, seq: 403 MEClientRequest  [  Type: NEW Client: 5 Ticker: 0 Order id : 5201 Side: SELL Qty: 52 Price: 185 ] .
../low-latency-components/tcp_socket.h:108 sendAndRecv() Thu Apr  9 18:48:27 2026 send socket:9 len:-1
../trading/order_gw/order_gateway.cpp:32 run() Thu Apr  9 18:48:27 2026 Sending client id: 5, seq: 404 MEClientRequest  [  Type: CANCEL Client: 5 Ticker: 0 Order id : 5073 Side: BUY Qty: 63 Price: 180 ] .
../low-latency-components/tcp_socket.h:108 sendAndRecv() Thu Apr  9 18:48:27 2026 send socket:9 len:-1
../trading/order_gw/order_gateway.cpp:32 run() Thu Apr  9 18:48:27 2026 Sending client id: 5, seq: 405 MEClientRequest  [  Type: NEW Client: 5 Ticker: 0 Order id : 5202 Side: SELL Qty: 31 Price: 185 ] .
../low-latency-components/tcp_socket.h:108 sendAndRecv() Thu Apr  9 18:48:27 2026 send socket:9 len:-1
../trading/order_gw/order_gateway.cpp:32 run() Thu Apr  9 18:48:27 2026 Sending client id: 5, seq: 406 MEClientRequest  [  Type: CANCEL Client: 5 Ticker: 1 Order id : 5047 Side: SELL Qty: 10 Price: 167 ] .
../low-latency-components/tcp_socket.h:108 sendAndRecv() Thu Apr  9 18:48:27 2026 send socket:9 len:-1
../trading/order_gw/order_gateway.cpp:32 run() Thu Apr  9 18:48:27 2026 Sending client id: 5, seq: 407 MEClientRequest  [  Type: NEW Client: 5 Ticker: 3 Order id : 5203 Side: SELL Qty: 20 Price: 182 ] .
../low-latency-components/tcp_socket.h:108 sendAndRecv() Thu Apr  9 18:48:27 2026 send socket:9 len:-1
../trading/order_gw/order_gateway.cpp:32 run() Thu Apr  9 18:48:27 2026 Sending client id: 5, seq: 408 MEClientRequest  [  Type: CANCEL Client: 5 Ticker: 2 Order id : 5032 Side: BUY Qty: 8 Price: 114 ] .
../low-latency-components/tcp_socket.h:108 sendAndRecv() Thu Apr  9 18:48:27 2026 send socket:9 len:-1
../trading/order_gw/order_gateway.cpp:32 run() Thu Apr  9 18:48:28 2026 Sending client id: 5, seq: 409 MEClientRequest  [  Type: NEW Client: 5 Ticker: 3 Order id : 5204 Side: BUY Qty: 81 Price: 176 ] .
../low-latency-components/tcp_socket.h:108 sendAndRecv() Thu Apr  9 18:48:28 2026 send socket:9 len:-1
../trading/order_gw/order_gateway.cpp:32 run() Thu Apr  9 18:48:28 2026 Sending client id: 5, seq: 410 MEClientRequest  [  Type: CANCEL Client: 5 Ticker: 1 Order id : 5011 Side: SELL Qty: 75 Price: 168 ] .
../low-latency-components/tcp_socket.h:108 sendAndRecv() Thu Apr  9 18:48:28 2026 send socket:9 len:-1
../trading/order_gw/order_gateway.cpp:32 run() Thu Apr  9 18:48:28 2026 Sending client id: 5, seq: 411 MEClientRequest  [  Type: NEW Client: 5 Ticker: 2 Order id : 5205 Side: BUY Qty: 18 Price: 113 ] .
../low-latency-components/tcp_socket.h:108 sendAndRecv() Thu Apr  9 18:48:28 2026 send socket:9 len:-1
../trading/order_gw/order_gateway.cpp:32 run() Thu Apr  9 18:48:28 2026 Sending client id: 5, seq: 412 MEClientRequest  [  Type: CANCEL Client: 5 Ticker: 0 Order id : 5093 Side: SELL Qty: 46 Price: 177 ] .
../low-latency-components/tcp_socket.h:108 sendAndRecv() Thu Apr  9 18:48:28 2026 send socket:9 len:-1
../trading/order_gw/order_gateway.cpp:32 run() Thu Apr  9 18:48:28 2026 Sending client id: 5, seq: 413 MEClientRequest  [  Type: NEW Client: 5 Ticker: 0 Order id : 5206 Side: BUY Qty: 84 Price: 182 ] .
../low-latency-components/tcp_socket.h:108 sendAndRecv() Thu Apr  9 18:48:28 2026 send socket:9 len:-1
../trading/order_gw/order_gateway.cpp:32 run() Thu Apr  9 18:48:28 2026 Sending client id: 5, seq: 414 MEClientRequest  [  Type: CANCEL Client: 5 Ticker: 2 Order id : 5063 Side: SELL Qty: 81 Price: 116 ] .
../low-latency-components/tcp_socket.h:108 sendAndRecv() Thu Apr  9 18:48:28 2026 send socket:9 len:-1
../trading/order_gw/order_gateway.cpp:32 run() Thu Apr  9 18:48:28 2026 Sending client id: 5, seq: 415 MEClientRequest  [  Type: NEW Client: 5 Ticker: 0 Order id : 5207 Side: SELL Qty: 17 Price: 181 ] .
../low-latency-components/tcp_socket.h:108 sendAndRecv() Thu Apr  9 18:48:28 2026 send socket:9 len:-1
../trading/order_gw/order_gateway.cpp:32 run() Thu Apr  9 18:48:28 2026 Sending client id: 5, seq: 416 MEClientRequest  [  Type: CANCEL Client: 5 Ticker: 2 Order id : 5043 Side: BUY Qty: 92 Price: 114 ] .
../low-latency-components/tcp_socket.h:108 sendAndRecv() Thu Apr  9 18:48:28 2026 send socket:9 len:-1
../trading/order_gw/order_gateway.cpp:32 run() Thu Apr  9 18:48:28 2026 Sending client id: 5, seq: 417 MEClientRequest  [  Type: NEW Client: 5 Ticker: 2 Order id : 5208 Side: BUY Qty: 84 Price: 119 ] .
../low-latency-components/tcp_socket.h:108 sendAndRecv() Thu Apr  9 18:48:28 2026 send socket:9 len:-1
../trading/order_gw/order_gateway.cpp:32 run() Thu Apr  9 18:48:28 2026 Sending client id: 5, seq: 418 MEClientRequest  [  Type: CANCEL Client: 5 Ticker: 0 Order id : 5030 Side: SELL Qty: 71 Price: 176 ] .
../low-latency-components/tcp_socket.h:108 sendAndRecv() Thu Apr  9 18:48:28 2026 send socket:9 len:-1
../trading/order_gw/order_gateway.cpp:32 run() Thu Apr  9 18:48:29 2026 Sending client id: 5, seq: 419 MEClientRequest  [  Type: NEW Client: 5 Ticker: 1 Order id : 5209 Side: BUY Qty: 3 Price: 168 ] .
../low-latency-components/tcp_socket.h:108 sendAndRecv() Thu Apr  9 18:48:29 2026 send socket:9 len:-1
../trading/order_gw/order_gateway.cpp:32 run() Thu Apr  9 18:48:29 2026 Sending client id: 5, seq: 420 MEClientRequest  [  Type: CANCEL Client: 5 Ticker: 3 Order id : 5004 Side: BUY Qty: 85 Price: 173 ] .
../low-latency-components/tcp_socket.h:108 sendAndRecv() Thu Apr  9 18:48:29 2026 send socket:9 len:-1
../trading/order_gw/order_gateway.cpp:32 run() Thu Apr  9 18:48:29 2026 Sending client id: 5, seq: 421 MEClientRequest  [  Type: NEW Client: 5 Ticker: 1 Order id : 5210 Side: SELL Qty: 72 Price: 166 ] .
../low-latency-components/tcp_socket.h:108 sendAndRecv() Thu Apr  9 18:48:29 2026 send socket:9 len:-1
../trading/order_gw/order_gateway.cpp:32 run() Thu Apr  9 18:48:29 2026 Sending client id: 5, seq: 422 MEClientRequest  [  Type: CANCEL Client: 5 Ticker: 2 Order id : 5169 Side: BUY Qty: 50 Price: 114 ] .
../low-latency-components/tcp_socket.h:108 sendAndRecv() Thu Apr  9 18:48:29 2026 send socket:9 len:-1
../trading/order_gw/order_gateway.cpp:32 run() Thu Apr  9 18:48:29 2026 Sending client id: 5, seq: 423 MEClientRequest  [  Type: NEW Client: 5 Ticker: 2 Order id : 5211 Side: SELL Qty: 28 Price: 113 ] .
../low-latency-components/tcp_socket.h:108 sendAndRecv() Thu Apr  9 18:48:29 2026 send socket:9 len:-1
../trading/order_gw/order_gateway.cpp:32 run() Thu Apr  9 18:48:29 2026 Sending client id: 5, seq: 424 MEClientRequest  [  Type: CANCEL Client: 5 Ticker: 1 Order id : 5178 Side: SELL Qty: 87 Price: 173 ] .
../low-latency-components/tcp_socket.h:108 sendAndRecv() Thu Apr  9 18:48:29 2026 send socket:9 len:-1
../trading/order_gw/order_gateway.cpp:32 run() Thu Apr  9 18:48:29 2026 Sending client id: 5, seq: 425 MEClientRequest  [  Type: NEW Client: 5 Ticker: 1 Order id : 5212 Side: BUY Qty: 32 Price: 174 ] .
../low-latency-components/tcp_socket.h:108 sendAndRecv() Thu Apr  9 18:48:29 2026 send socket:9 len:-1
../trading/order_gw/order_gateway.cpp:32 run() Thu Apr  9 18:48:29 2026 Sending client id: 5, seq: 426 MEClientRequest  [  Type: CANCEL Client: 5 Ticker: 2 Order id : 5211 Side: SELL Qty: 28 Price: 113 ] .
../low-latency-components/tcp_socket.h:108 sendAndRecv() Thu Apr  9 18:48:29 2026 send socket:9 len:-1
../trading/order_gw/order_gateway.cpp:32 run() Thu Apr  9 18:48:29 2026 Sending client id: 5, seq: 427 MEClientRequest  [  Type: NEW Client: 5 Ticker: 3 Order id : 5213 Side: SELL Qty: 19 Price: 174 ] .
../low-latency-components/tcp_socket.h:108 sendAndRecv() Thu Apr  9 18:48:29 2026 send socket:9 len:-1
../trading/order_gw/order_gateway.cpp:32 run() Thu Apr  9 18:48:29 2026 Sending client id: 5, seq: 428 MEClientRequest  [  Type: CANCEL Client: 5 Ticker: 3 Order id : 5197 Side: BUY Qty: 89 Price: 178 ] .
../low-latency-components/tcp_socket.h:108 sendAndRecv() Thu Apr  9 18:48:29 2026 send socket:9 len:-1
../trading/order_gw/order_gateway.cpp:32 run() Thu Apr  9 18:48:30 2026 Sending client id: 5, seq: 429 MEClientRequest  [  Type: NEW Client: 5 Ticker: 0 Order id : 5214 Side: BUY Qty: 33 Price: 183 ] .
../low-latency-components/tcp_socket.h:108 sendAndRecv() Thu Apr  9 18:48:30 2026 send socket:9 len:-1
../trading/order_gw/order_gateway.cpp:32 run() Thu Apr  9 18:48:30 2026 Sending client id: 5, seq: 430 MEClientRequest  [  Type: CANCEL Client: 5 Ticker: 1 Order id : 5182 Side: BUY Qty: 80 Price: 167 ] .
../low-latency-components/tcp_socket.h:108 sendAndRecv() Thu Apr  9 18:48:30 2026 send socket:9 len:-1
../trading/order_gw/order_gateway.cpp:32 run() Thu Apr  9 18:48:30 2026 Sending client id: 5, seq: 431 MEClientRequest  [  Type: NEW Client: 5 Ticker: 1 Order id : 5215 Side: SELL Qty: 57 Price: 174 ] .
../low-latency-components/tcp_socket.h:108 sendAndRecv() Thu Apr  9 18:48:30 2026 send socket:9 len:-1
../trading/order_gw/order_gateway.cpp:32 run() Thu Apr  9 18:48:30 2026 Sending client id: 5, seq: 432 MEClientRequest  [  Type: CANCEL Client: 5 Ticker: 1 Order id : 5087 Side: SELL Qty: 48 Price: 173 ] .
../low-latency-components/tcp_socket.h:108 sendAndRecv() Thu Apr  9 18:48:30 2026 send socket:9 len:-1
../trading/order_gw/order_gateway.cpp:32 run() Thu Apr  9 18:48:30 2026 Sending client id: 5, seq: 433 MEClientRequest  [  Type: NEW Client: 5 Ticker: 3 Order id : 5216 Side: BUY Qty: 63 Price: 180 ] .
../low-latency-components/tcp_socket.h:108 sendAndRecv() Thu Apr  9 18:48:30 2026 send socket:9 len:-1
../trading/order_gw/order_gateway.cpp:32 run() Thu Apr  9 18:48:30 2026 Sending client id: 5, seq: 434 MEClientRequest  [  Type: CANCEL Client: 5 Ticker: 2 Order id : 5032 Side: BUY Qty: 8 Price: 114 ] .
../low-latency-components/tcp_socket.h:108 sendAndRecv() Thu Apr  9 18:48:30 2026 send socket:9 len:-1
../trading/order_gw/order_gateway.cpp:32 run() Thu Apr  9 18:48:30 2026 Sending client id: 5, seq: 435 MEClientRequest  [  Type: NEW Client: 5 Ticker: 2 Order id : 5217 Side: SELL Qty: 92 Price: 113 ] .
../low-latency-components/tcp_socket.h:108 sendAndRecv() Thu Apr  9 18:48:30 2026 send socket:9 len:-1
../trading/order_gw/order_gateway.cpp:32 run() Thu Apr  9 18:48:30 2026 Sending client id: 5, seq: 436 MEClientRequest  [  Type: CANCEL Client: 5 Ticker: 0 Order id : 5092 Side: SELL Qty: 23 Price: 185 ] .
../low-latency-components/tcp_socket.h:108 sendAndRecv() Thu Apr  9 18:48:30 2026 send socket:9 len:-1
../trading/order_gw/order_gateway.cpp:32 run() Thu Apr  9 18:48:30 2026 Sending client id: 5, seq: 437 MEClientRequest  [  Type: NEW Client: 5 Ticker: 0 Order id : 5218 Side: SELL Qty: 99 Price: 177 ] .
../low-latency-components/tcp_socket.h:108 sendAndRecv() Thu Apr  9 18:48:30 2026 send socket:9 len:-1
../trading/order_gw/order_gateway.cpp:32 run() Thu Apr  9 18:48:30 2026 Sending client id: 5, seq: 438 MEClientRequest  [  Type: CANCEL Client: 5 Ticker: 0 Order id : 5214 Side: BUY Qty: 33 Price: 183 ] .
../low-latency-components/tcp_socket.h:108 sendAndRecv() Thu Apr  9 18:48:30 2026 send socket:9 len:-1
../trading/order_gw/order_gateway.cpp:32 run() Thu Apr  9 18:48:31 2026 Sending client id: 5, seq: 439 MEClientRequest  [  Type: NEW Client: 5 Ticker: 0 Order id : 5219 Side: BUY Qty: 57 Price: 178 ] .
../low-latency-components/tcp_socket.h:108 sendAndRecv() Thu Apr  9 18:48:31 2026 send socket:9 len:-1
../trading/order_gw/order_gateway.cpp:32 run() Thu Apr  9 18:48:31 2026 Sending client id: 5, seq: 440 MEClientRequest  [  Type: CANCEL Client: 5 Ticker: 1 Order id : 5132 Side: SELL Qty: 10 Price: 172 ] .
../low-latency-components/tcp_socket.h:108 sendAndRecv() Thu Apr  9 18:48:31 2026 send socket:9 len:-1
../trading/order_gw/order_gateway.cpp:32 run() Thu Apr  9 18:48:31 2026 Sending client id: 5, seq: 441 MEClientRequest  [  Type: NEW Client: 5 Ticker: 0 Order id : 5220 Side: BUY Qty: 63 Price: 184 ] .
../low-latency-components/tcp_socket.h:108 sendAndRecv() Thu Apr  9 18:48:31 2026 send socket:9 len:-1
../trading/order_gw/order_gateway.cpp:32 run() Thu Apr  9 18:48:31 2026 Sending client id: 5, seq: 442 MEClientRequest  [  Type: CANCEL Client: 5 Ticker: 1 Order id : 5212 Side: BUY Qty: 32 Price: 174 ] .
../low-latency-components/tcp_socket.h:108 sendAndRecv() Thu Apr  9 18:48:31 2026 send socket:9 len:-1
../trading/order_gw/order_gateway.cpp:32 run() Thu Apr  9 18:48:31 2026 Sending client id: 5, seq: 443 MEClientRequest  [  Type: NEW Client: 5 Ticker: 2 Order id : 5221 Side: BUY Qty: 3 Price: 119 ] .
../low-latency-components/tcp_socket.h:108 sendAndRecv() Thu Apr  9 18:48:31 2026 send socket:9 len:-1
../trading/order_gw/order_gateway.cpp:32 run() Thu Apr  9 18:48:31 2026 Sending client id: 5, seq: 444 MEClientRequest  [  Type: CANCEL Client: 5 Ticker: 1 Order id : 5196 Side: BUY Qty: 26 Price: 175 ] .
../low-latency-components/tcp_socket.h:108 sendAndRecv() Thu Apr  9 18:48:31 2026 send socket:9 len:-1
../trading/order_gw/order_gateway.cpp:32 run() Thu Apr  9 18:48:31 2026 Sending client id: 5, seq: 445 MEClientRequest  [  Type: NEW Client: 5 Ticker: 0 Order id : 5222 Side: BUY Qty: 96 Price: 180 ] .
../low-latency-components/tcp_socket.h:108 sendAndRecv() Thu Apr  9 18:48:31 2026 send socket:9 len:-1
../trading/order_gw/order_gateway.cpp:32 run() Thu Apr  9 18:48:31 2026 Sending client id: 5, seq: 446 MEClientRequest  [  Type: CANCEL Client: 5 Ticker: 3 Order id : 5180 Side: SELL Qty: 77 Price: 178 ] .
../low-latency-components/tcp_socket.h:108 sendAndRecv() Thu Apr  9 18:48:31 2026 send socket:9 len:-1
../trading/order_gw/order_gateway.cpp:32 run() Thu Apr  9 18:48:31 2026 Sending client id: 5, seq: 447 MEClientRequest  [  Type: NEW Client: 5 Ticker: 2 Order id : 5223 Side: SELL Qty: 24 Price: 114 ] .
../low-latency-components/tcp_socket.h:108 sendAndRecv() Thu Apr  9 18:48:31 2026 send socket:9 len:-1
../trading/order_gw/order_gateway.cpp:32 run() Thu Apr  9 18:48:31 2026 Sending client id: 5, seq: 448 MEClientRequest  [  Type: CANCEL Client: 5 Ticker: 3 Order id : 5152 Side: SELL Qty: 30 Price: 176 ] .
../low-latency-components/tcp_socket.h:108 sendAndRecv() Thu Apr  9 18:48:31 2026 send socket:9 len:-1
../trading/order_gw/order_gateway.cpp:32 run() Thu Apr  9 18:48:32 2026 Sending client id: 5, seq: 449 MEClientRequest  [  Type: NEW Client: 5 Ticker: 0 Order id : 5224 Side: BUY Qty: 19 Price: 183 ] .
../low-latency-components/tcp_socket.h:108 sendAndRecv() Thu Apr  9 18:48:32 2026 send socket:9 len:-1
../trading/order_gw/order_gateway.cpp:32 run() Thu Apr  9 18:48:32 2026 Sending client id: 5, seq: 450 MEClientRequest  [  Type: CANCEL Client: 5 Ticker: 2 Order id : 5023 Side: SELL Qty: 69 Price: 117 ] .
../low-latency-components/tcp_socket.h:108 sendAndRecv() Thu Apr  9 18:48:32 2026 send socket:9 len:-1
../trading/order_gw/order_gateway.cpp:32 run() Thu Apr  9 18:48:32 2026 Sending client id: 5, seq: 451 MEClientRequest  [  Type: NEW Client: 5 Ticker: 2 Order id : 5225 Side: BUY Qty: 7 Price: 117 ] .
../low-latency-components/tcp_socket.h:108 sendAndRecv() Thu Apr  9 18:48:32 2026 send socket:9 len:-1
../trading/order_gw/order_gateway.cpp:32 run() Thu Apr  9 18:48:32 2026 Sending client id: 5, seq: 452 MEClientRequest  [  Type: CANCEL Client: 5 Ticker: 3 Order id : 5035 Side: SELL Qty: 27 Price: 173 ] .
../low-latency-components/tcp_socket.h:108 sendAndRecv() Thu Apr  9 18:48:32 2026 send socket:9 len:-1
../trading/order_gw/order_gateway.cpp:32 run() Thu Apr  9 18:48:32 2026 Sending client id: 5, seq: 453 MEClientRequest  [  Type: NEW Client: 5 Ticker: 2 Order id : 5226 Side: BUY Qty: 75 Price: 113 ] .
../low-latency-components/tcp_socket.h:108 sendAndRecv() Thu Apr  9 18:48:32 2026 send socket:9 len:-1
../trading/order_gw/order_gateway.cpp:32 run() Thu Apr  9 18:48:32 2026 Sending client id: 5, seq: 454 MEClientRequest  [  Type: CANCEL Client: 5 Ticker: 0 Order id : 5077 Side: SELL Qty: 73 Price: 185 ] .
../low-latency-components/tcp_socket.h:108 sendAndRecv() Thu Apr  9 18:48:32 2026 send socket:9 len:-1
../trading/order_gw/order_gateway.cpp:32 run() Thu Apr  9 18:48:32 2026 Sending client id: 5, seq: 455 MEClientRequest  [  Type: NEW Client: 5 Ticker: 2 Order id : 5227 Side: BUY Qty: 44 Price: 118 ] .
../low-latency-components/tcp_socket.h:108 sendAndRecv() Thu Apr  9 18:48:32 2026 send socket:9 len:-1
../trading/order_gw/order_gateway.cpp:32 run() Thu Apr  9 18:48:32 2026 Sending client id: 5, seq: 456 MEClientRequest  [  Type: CANCEL Client: 5 Ticker: 1 Order id : 5210 Side: SELL Qty: 72 Price: 166 ] .
../low-latency-components/tcp_socket.h:108 sendAndRecv() Thu Apr  9 18:48:32 2026 send socket:9 len:-1
../trading/order_gw/order_gateway.cpp:32 run() Thu Apr  9 18:48:32 2026 Sending client id: 5, seq: 457 MEClientRequest  [  Type: NEW Client: 5 Ticker: 0 Order id : 5228 Side: SELL Qty: 37 Price: 179 ] .
../low-latency-components/tcp_socket.h:108 sendAndRecv() Thu Apr  9 18:48:32 2026 send socket:9 len:-1
../trading/order_gw/order_gateway.cpp:32 run() Thu Apr  9 18:48:32 2026 Sending client id: 5, seq: 458 MEClientRequest  [  Type: CANCEL Client: 5 Ticker: 0 Order id : 5095 Side: SELL Qty: 84 Price: 182 ] .
../low-latency-components/tcp_socket.h:108 sendAndRecv() Thu Apr  9 18:48:32 2026 send socket:9 len:-1
../trading/order_gw/order_gateway.cpp:32 run() Thu Apr  9 18:48:33 2026 Sending client id: 5, seq: 459 MEClientRequest  [  Type: NEW Client: 5 Ticker: 1 Order id : 5229 Side: BUY Qty: 86 Price: 172 ] .
../low-latency-components/tcp_socket.h:108 sendAndRecv() Thu Apr  9 18:48:33 2026 send socket:9 len:-1
../trading/order_gw/order_gateway.cpp:32 run() Thu Apr  9 18:48:33 2026 Sending client id: 5, seq: 460 MEClientRequest  [  Type: CANCEL Client: 5 Ticker: 0 Order id : 5159 Side: SELL Qty: 48 Price: 177 ] .
../low-latency-components/tcp_socket.h:108 sendAndRecv() Thu Apr  9 18:48:33 2026 send socket:9 len:-1
../trading/order_gw/order_gateway.cpp:32 run() Thu Apr  9 18:48:33 2026 Sending client id: 5, seq: 461 MEClientRequest  [  Type: NEW Client: 5 Ticker: 0 Order id : 5230 Side: BUY Qty: 80 Price: 183 ] .
../low-latency-components/tcp_socket.h:108 sendAndRecv() Thu Apr  9 18:48:33 2026 send socket:9 len:-1
../trading/order_gw/order_gateway.cpp:32 run() Thu Apr  9 18:48:33 2026 Sending client id: 5, seq: 462 MEClientRequest  [  Type: CANCEL Client: 5 Ticker: 3 Order id : 5183 Side: BUY Qty: 31 Price: 176 ] .
../low-latency-components/tcp_socket.h:108 sendAndRecv() Thu Apr  9 18:48:33 2026 send socket:9 len:-1
../trading/order_gw/order_gateway.cpp:32 run() Thu Apr  9 18:48:33 2026 Sending client id: 5, seq: 463 MEClientRequest  [  Type: NEW Client: 5 Ticker: 1 Order id : 5231 Side: BUY Qty: 85 Price: 171 ] .
../low-latency-components/tcp_socket.h:108 sendAndRecv() Thu Apr  9 18:48:33 2026 send socket:9 len:-1
../trading/order_gw/order_gateway.cpp:32 run() Thu Apr  9 18:48:33 2026 Sending client id: 5, seq: 464 MEClientRequest  [  Type: CANCEL Client: 5 Ticker: 1 Order id : 5209 Side: BUY Qty: 3 Price: 168 ] .
../low-latency-components/tcp_socket.h:108 sendAndRecv() Thu Apr  9 18:48:33 2026 send socket:9 len:-1
../trading/order_gw/order_gateway.cpp:32 run() Thu Apr  9 18:48:33 2026 Sending client id: 5, seq: 465 MEClientRequest  [  Type: NEW Client: 5 Ticker: 2 Order id : 5232 Side: SELL Qty: 21 Price: 120 ] .
../low-latency-components/tcp_socket.h:108 sendAndRecv() Thu Apr  9 18:48:33 2026 send socket:9 len:-1
../trading/order_gw/order_gateway.cpp:32 run() Thu Apr  9 18:48:33 2026 Sending client id: 5, seq: 466 MEClientRequest  [  Type: CANCEL Client: 5 Ticker: 3 Order id : 5161 Side: SELL Qty: 55 Price: 177 ] .
../low-latency-components/tcp_socket.h:108 sendAndRecv() Thu Apr  9 18:48:33 2026 send socket:9 len:-1
../trading/order_gw/order_gateway.cpp:32 run() Thu Apr  9 18:48:33 2026 Sending client id: 5, seq: 467 MEClientRequest  [  Type: NEW Client: 5 Ticker: 0 Order id : 5233 Side: SELL Qty: 4 Price: 176 ] .
../low-latency-components/tcp_socket.h:108 sendAndRecv() Thu Apr  9 18:48:33 2026 send socket:9 len:-1
../trading/order_gw/order_gateway.cpp:32 run() Thu Apr  9 18:48:33 2026 Sending client id: 5, seq: 468 MEClientRequest  [  Type: CANCEL Client: 5 Ticker: 3 Order id : 5046 Side: BUY Qty: 29 Price: 181 ] .
../low-latency-components/tcp_socket.h:108 sendAndRecv() Thu Apr  9 18:48:33 2026 send socket:9 len:-1
../trading/order_gw/order_gateway.cpp:32 run() Thu Apr  9 18:48:34 2026 Sending client id: 5, seq: 469 MEClientRequest  [  Type: NEW Client: 5 Ticker: 0 Order id : 5234 Side: BUY Qty: 87 Price: 185 ] .
../low-latency-components/tcp_socket.h:108 sendAndRecv() Thu Apr  9 18:48:34 2026 send socket:9 len:-1
../trading/order_gw/order_gateway.cpp:32 run() Thu Apr  9 18:48:34 2026 Sending client id: 5, seq: 470 MEClientRequest  [  Type: CANCEL Client: 5 Ticker: 3 Order id : 5048 Side: SELL Qty: 8 Price: 182 ] .
../low-latency-components/tcp_socket.h:108 sendAndRecv() Thu Apr  9 18:48:34 2026 send socket:9 len:-1
../trading/order_gw/order_gateway.cpp:32 run() Thu Apr  9 18:48:34 2026 Sending client id: 5, seq: 471 MEClientRequest  [  Type: NEW Client: 5 Ticker: 2 Order id : 5235 Side: SELL Qty: 44 Price: 115 ] .
../low-latency-components/tcp_socket.h:108 sendAndRecv() Thu Apr  9 18:48:34 2026 send socket:9 len:-1
../trading/order_gw/order_gateway.cpp:32 run() Thu Apr  9 18:48:34 2026 Sending client id: 5, seq: 472 MEClientRequest  [  Type: CANCEL Client: 5 Ticker: 3 Order id : 5051 Side: SELL Qty: 83 Price: 176 ] .
../low-latency-components/tcp_socket.h:108 sendAndRecv() Thu Apr  9 18:48:34 2026 send socket:9 len:-1
../trading/order_gw/order_gateway.cpp:32 run() Thu Apr  9 18:48:34 2026 Sending client id: 5, seq: 473 MEClientRequest  [  Type: NEW Client: 5 Ticker: 3 Order id : 5236 Side: BUY Qty: 13 Price: 179 ] .
../low-latency-components/tcp_socket.h:108 sendAndRecv() Thu Apr  9 18:48:34 2026 send socket:9 len:-1
../trading/order_gw/order_gateway.cpp:32 run() Thu Apr  9 18:48:34 2026 Sending client id: 5, seq: 474 MEClientRequest  [  Type: CANCEL Client: 5 Ticker: 3 Order id : 5236 Side: BUY Qty: 13 Price: 179 ] .
../low-latency-components/tcp_socket.h:108 sendAndRecv() Thu Apr  9 18:48:34 2026 send socket:9 len:-1
../trading/order_gw/order_gateway.cpp:32 run() Thu Apr  9 18:48:34 2026 Sending client id: 5, seq: 475 MEClientRequest  [  Type: NEW Client: 5 Ticker: 0 Order id : 5237 Side: BUY Qty: 97 Price: 180 ] .
../low-latency-components/tcp_socket.h:108 sendAndRecv() Thu Apr  9 18:48:34 2026 send socket:9 len:-1
../trading/order_gw/order_gateway.cpp:32 run() Thu Apr  9 18:48:34 2026 Sending client id: 5, seq: 476 MEClientRequest  [  Type: CANCEL Client: 5 Ticker: 1 Order id : 5107 Side: BUY Qty: 71 Price: 172 ] .
../low-latency-components/tcp_socket.h:108 sendAndRecv() Thu Apr  9 18:48:34 2026 send socket:9 len:-1
../trading/order_gw/order_gateway.cpp:32 run() Thu Apr  9 18:48:34 2026 Sending client id: 5, seq: 477 MEClientRequest  [  Type: NEW Client: 5 Ticker: 0 Order id : 5238 Side: BUY Qty: 36 Price: 177 ] .
../low-latency-components/tcp_socket.h:108 sendAndRecv() Thu Apr  9 18:48:34 2026 send socket:9 len:-1
../trading/order_gw/order_gateway.cpp:32 run() Thu Apr  9 18:48:34 2026 Sending client id: 5, seq: 478 MEClientRequest  [  Type: CANCEL Client: 5 Ticker: 3 Order id : 5059 Side: SELL Qty: 95 Price: 181 ] .
../low-latency-components/tcp_socket.h:108 sendAndRecv() Thu Apr  9 18:48:34 2026 send socket:9 len:-1
../trading/order_gw/order_gateway.cpp:32 run() Thu Apr  9 18:48:35 2026 Sending client id: 5, seq: 479 MEClientRequest  [  Type: NEW Client: 5 Ticker: 3 Order id : 5239 Side: BUY Qty: 38 Price: 182 ] .
../low-latency-components/tcp_socket.h:108 sendAndRecv() Thu Apr  9 18:48:35 2026 send socket:9 len:-1
../trading/order_gw/order_gateway.cpp:32 run() Thu Apr  9 18:48:35 2026 Sending client id: 5, seq: 480 MEClientRequest  [  Type: CANCEL Client: 5 Ticker: 0 Order id : 5030 Side: SELL Qty: 71 Price: 176 ] .
../low-latency-components/tcp_socket.h:108 sendAndRecv() Thu Apr  9 18:48:35 2026 send socket:9 len:-1
../trading/order_gw/order_gateway.cpp:32 run() Thu Apr  9 18:48:35 2026 Sending client id: 5, seq: 481 MEClientRequest  [  Type: NEW Client: 5 Ticker: 2 Order id : 5240 Side: BUY Qty: 23 Price: 114 ] .
../low-latency-components/tcp_socket.h:108 sendAndRecv() Thu Apr  9 18:48:35 2026 send socket:9 len:-1
../trading/order_gw/order_gateway.cpp:32 run() Thu Apr  9 18:48:35 2026 Sending client id: 5, seq: 482 MEClientRequest  [  Type: CANCEL Client: 5 Ticker: 3 Order id : 5008 Side: BUY Qty: 39 Price: 176 ] .
../low-latency-components/tcp_socket.h:108 sendAndRecv() Thu Apr  9 18:48:35 2026 send socket:9 len:-1
../trading/order_gw/order_gateway.cpp:32 run() Thu Apr  9 18:48:35 2026 Sending client id: 5, seq: 483 MEClientRequest  [  Type: NEW Client: 5 Ticker: 2 Order id : 5241 Side: SELL Qty: 99 Price: 114 ] .
../low-latency-components/tcp_socket.h:108 sendAndRecv() Thu Apr  9 18:48:35 2026 send socket:9 len:-1
../trading/order_gw/order_gateway.cpp:32 run() Thu Apr  9 18:48:35 2026 Sending client id: 5, seq: 484 MEClientRequest  [  Type: CANCEL Client: 5 Ticker: 1 Order id : 5071 Side: SELL Qty: 78 Price: 174 ] .
../low-latency-components/tcp_socket.h:108 sendAndRecv() Thu Apr  9 18:48:35 2026 send socket:9 len:-1
../trading/order_gw/order_gateway.cpp:32 run() Thu Apr  9 18:48:35 2026 Sending client id: 5, seq: 485 MEClientRequest  [  Type: NEW Client: 5 Ticker: 1 Order id : 5242 Side: SELL Qty: 27 Price: 167 ] .
../low-latency-components/tcp_socket.h:108 sendAndRecv() Thu Apr  9 18:48:35 2026 send socket:9 len:-1
../trading/order_gw/order_gateway.cpp:32 run() Thu Apr  9 18:48:35 2026 Sending client id: 5, seq: 486 MEClientRequest  [  Type: CANCEL Client: 5 Ticker: 3 Order id : 5081 Side: SELL Qty: 101 Price: 177 ] .
../low-latency-components/tcp_socket.h:108 sendAndRecv() Thu Apr  9 18:48:35 2026 send socket:9 len:-1
../trading/order_gw/order_gateway.cpp:32 run() Thu Apr  9 18:48:35 2026 Sending client id: 5, seq: 487 MEClientRequest  [  Type: NEW Client: 5 Ticker: 1 Order id : 5243 Side: SELL Qty: 61 Price: 166 ] .
../low-latency-components/tcp_socket.h:108 sendAndRecv() Thu Apr  9 18:48:35 2026 send socket:9 len:-1
../trading/order_gw/order_gateway.cpp:32 run() Thu Apr  9 18:48:35 2026 Sending client id: 5, seq: 488 MEClientRequest  [  Type: CANCEL Client: 5 Ticker: 2 Order id : 5115 Side: SELL Qty: 72 Price: 114 ] .
../low-latency-components/tcp_socket.h:108 sendAndRecv() Thu Apr  9 18:48:35 2026 send socket:9 len:-1
../trading/order_gw/order_gateway.cpp:32 run() Thu Apr  9 18:48:36 2026 Sending client id: 5, seq: 489 MEClientRequest  [  Type: NEW Client: 5 Ticker: 0 Order id : 5244 Side: BUY Qty: 98 Price: 180 ] .
../low-latency-components/tcp_socket.h:108 sendAndRecv() Thu Apr  9 18:48:36 2026 send socket:9 len:-1
../trading/order_gw/order_gateway.cpp:32 run() Thu Apr  9 18:48:36 2026 Sending client id: 5, seq: 490 MEClientRequest  [  Type: CANCEL Client: 5 Ticker: 1 Order id : 5166 Side: BUY Qty: 89 Price: 173 ] .
../low-latency-components/tcp_socket.h:108 sendAndRecv() Thu Apr  9 18:48:36 2026 send socket:9 len:-1
../trading/order_gw/order_gateway.cpp:32 run() Thu Apr  9 18:48:36 2026 Sending client id: 5, seq: 491 MEClientRequest  [  Type: NEW Client: 5 Ticker: 2 Order id : 5245 Side: SELL Qty: 44 Price: 111 ] .
../low-latency-components/tcp_socket.h:108 sendAndRecv() Thu Apr  9 18:48:36 2026 send socket:9 len:-1
../trading/order_gw/order_gateway.cpp:32 run() Thu Apr  9 18:48:36 2026 Sending client id: 5, seq: 492 MEClientRequest  [  Type: CANCEL Client: 5 Ticker: 0 Order id : 5033 Side: SELL Qty: 17 Price: 179 ] .
../low-latency-components/tcp_socket.h:108 sendAndRecv() Thu Apr  9 18:48:36 2026 send socket:9 len:-1
../trading/order_gw/order_gateway.cpp:32 run() Thu Apr  9 18:48:36 2026 Sending client id: 5, seq: 493 MEClientRequest  [  Type: NEW Client: 5 Ticker: 0 Order id : 5246 Side: BUY Qty: 58 Price: 184 ] .
../low-latency-components/tcp_socket.h:108 sendAndRecv() Thu Apr  9 18:48:36 2026 send socket:9 len:-1
../trading/order_gw/order_gateway.cpp:32 run() Thu Apr  9 18:48:36 2026 Sending client id: 5, seq: 494 MEClientRequest  [  Type: CANCEL Client: 5 Ticker: 3 Order id : 5048 Side: SELL Qty: 8 Price: 182 ] .
../low-latency-components/tcp_socket.h:108 sendAndRecv() Thu Apr  9 18:48:36 2026 send socket:9 len:-1
../trading/order_gw/order_gateway.cpp:32 run() Thu Apr  9 18:48:36 2026 Sending client id: 5, seq: 495 MEClientRequest  [  Type: NEW Client: 5 Ticker: 1 Order id : 5247 Side: BUY Qty: 79 Price: 168 ] .
../low-latency-components/tcp_socket.h:108 sendAndRecv() Thu Apr  9 18:48:36 2026 send socket:9 len:-1
../trading/order_gw/order_gateway.cpp:32 run() Thu Apr  9 18:48:36 2026 Sending client id: 5, seq: 496 MEClientRequest  [  Type: CANCEL Client: 5 Ticker: 2 Order id : 5168 Side: SELL Qty: 29 Price: 115 ] .
../low-latency-components/tcp_socket.h:108 sendAndRecv() Thu Apr  9 18:48:36 2026 send socket:9 len:-1
../trading/order_gw/order_gateway.cpp:32 run() Thu Apr  9 18:48:36 2026 Sending client id: 5, seq: 497 MEClientRequest  [  Type: NEW Client: 5 Ticker: 0 Order id : 5248 Side: SELL Qty: 6 Price: 178 ] .
../low-latency-components/tcp_socket.h:108 sendAndRecv() Thu Apr  9 18:48:36 2026 send socket:9 len:-1
../trading/order_gw/order_gateway.cpp:32 run() Thu Apr  9 18:48:36 2026 Sending client id: 5, seq: 498 MEClientRequest  [  Type: CANCEL Client: 5 Ticker: 1 Order id : 5071 Side: SELL Qty: 78 Price: 174 ] .
../low-latency-components/tcp_socket.h:108 sendAndRecv() Thu Apr  9 18:48:36 2026 send socket:9 len:-1
../trading/order_gw/order_gateway.cpp:32 run() Thu Apr  9 18:48:37 2026 Sending client id: 5, seq: 499 MEClientRequest  [  Type: NEW Client: 5 Ticker: 0 Order id : 5249 Side: BUY Qty: 58 Price: 183 ] .
../low-latency-components/tcp_socket.h:108 sendAndRecv() Thu Apr  9 18:48:37 2026 send socket:9 len:-1
../trading/order_gw/order_gateway.cpp:32 run() Thu Apr  9 18:48:37 2026 Sending client id: 5, seq: 500 MEClientRequest  [  Type: CANCEL Client: 5 Ticker: 2 Order id : 5099 Side: SELL Qty: 44 Price: 117 ] .
../low-latency-components/tcp_socket.h:108 sendAndRecv() Thu Apr  9 18:48:37 2026 send socket:9 len:-1
../trading/order_gw/order_gateway.cpp:32 run() Thu Apr  9 18:48:37 2026 Sending client id: 5, seq: 501 MEClientRequest  [  Type: NEW Client: 5 Ticker: 3 Order id : 5250 Side: BUY Qty: 97 Price: 175 ] .
../low-latency-components/tcp_socket.h:108 sendAndRecv() Thu Apr  9 18:48:37 2026 send socket:9 len:-1
../trading/order_gw/order_gateway.cpp:32 run() Thu Apr  9 18:48:37 2026 Sending client id: 5, seq: 502 MEClientRequest  [  Type: CANCEL Client: 5 Ticker: 0 Order id : 5146 Side: SELL Qty: 51 Price: 177 ] .
../low-latency-components/tcp_socket.h:108 sendAndRecv() Thu Apr  9 18:48:37 2026 send socket:9 len:-1
../trading/order_gw/order_gateway.cpp:32 run() Thu Apr  9 18:48:37 2026 Sending client id: 5, seq: 503 MEClientRequest  [  Type: NEW Client: 5 Ticker: 2 Order id : 5251 Side: SELL Qty: 47 Price: 112 ] .
../low-latency-components/tcp_socket.h:108 sendAndRecv() Thu Apr  9 18:48:37 2026 send socket:9 len:-1
../trading/order_gw/order_gateway.cpp:32 run() Thu Apr  9 18:48:37 2026 Sending client id: 5, seq: 504 MEClientRequest  [  Type: CANCEL Client: 5 Ticker: 0 Order id : 5095 Side: SELL Qty: 84 Price: 182 ] .
../low-latency-components/tcp_socket.h:108 sendAndRecv() Thu Apr  9 18:48:37 2026 send socket:9 len:-1
../trading/order_gw/order_gateway.cpp:32 run() Thu Apr  9 18:48:37 2026 Sending client id: 5, seq: 505 MEClientRequest  [  Type: NEW Client: 5 Ticker: 0 Order id : 5252 Side: SELL Qty: 33 Price: 179 ] .
../low-latency-components/tcp_socket.h:108 sendAndRecv() Thu Apr  9 18:48:37 2026 send socket:9 len:-1
../trading/order_gw/order_gateway.cpp:32 run() Thu Apr  9 18:48:37 2026 Sending client id: 5, seq: 506 MEClientRequest  [  Type: CANCEL Client: 5 Ticker: 3 Order id : 5018 Side: BUY Qty: 16 Price: 179 ] .
../low-latency-components/tcp_socket.h:108 sendAndRecv() Thu Apr  9 18:48:37 2026 send socket:9 len:-1
../trading/order_gw/order_gateway.cpp:32 run() Thu Apr  9 18:48:37 2026 Sending client id: 5, seq: 507 MEClientRequest  [  Type: NEW Client: 5 Ticker: 3 Order id : 5253 Side: SELL Qty: 12 Price: 179 ] .
../low-latency-components/tcp_socket.h:108 sendAndRecv() Thu Apr  9 18:48:37 2026 send socket:9 len:-1
../trading/order_gw/order_gateway.cpp:32 run() Thu Apr  9 18:48:37 2026 Sending client id: 5, seq: 508 MEClientRequest  [  Type: CANCEL Client: 5 Ticker: 0 Order id : 5151 Side: BUY Qty: 22 Price: 176 ] .
../low-latency-components/tcp_socket.h:108 sendAndRecv() Thu Apr  9 18:48:37 2026 send socket:9 len:-1
../trading/order_gw/order_gateway.cpp:32 run() Thu Apr  9 18:48:38 2026 Sending client id: 5, seq: 509 MEClientRequest  [  Type: NEW Client: 5 Ticker: 3 Order id : 5254 Side: BUY Qty: 51 Price: 173 ] .
../low-latency-components/tcp_socket.h:108 sendAndRecv() Thu Apr  9 18:48:38 2026 send socket:9 len:-1
../trading/order_gw/order_gateway.cpp:32 run() Thu Apr  9 18:48:38 2026 Sending client id: 5, seq: 510 MEClientRequest  [  Type: CANCEL Client: 5 Ticker: 3 Order id : 5042 Side: BUY Qty: 35 Price: 174 ] .
../low-latency-components/tcp_socket.h:108 sendAndRecv() Thu Apr  9 18:48:38 2026 send socket:9 len:-1
../trading/order_gw/order_gateway.cpp:32 run() Thu Apr  9 18:48:38 2026 Sending client id: 5, seq: 511 MEClientRequest  [  Type: NEW Client: 5 Ticker: 1 Order id : 5255 Side: BUY Qty: 23 Price: 171 ] .
../low-latency-components/tcp_socket.h:108 sendAndRecv() Thu Apr  9 18:48:38 2026 send socket:9 len:-1
../trading/order_gw/order_gateway.cpp:32 run() Thu Apr  9 18:48:38 2026 Sending client id: 5, seq: 512 MEClientRequest  [  Type: CANCEL Client: 5 Ticker: 2 Order id : 5163 Side: SELL Qty: 6 Price: 111 ] .
../low-latency-components/tcp_socket.h:108 sendAndRecv() Thu Apr  9 18:48:38 2026 send socket:9 len:-1
../trading/order_gw/order_gateway.cpp:32 run() Thu Apr  9 18:48:38 2026 Sending client id: 5, seq: 513 MEClientRequest  [  Type: NEW Client: 5 Ticker: 0 Order id : 5256 Side: BUY Qty: 41 Price: 182 ] .
../low-latency-components/tcp_socket.h:108 sendAndRecv() Thu Apr  9 18:48:38 2026 send socket:9 len:-1
../trading/order_gw/order_gateway.cpp:32 run() Thu Apr  9 18:48:38 2026 Sending client id: 5, seq: 514 MEClientRequest  [  Type: CANCEL Client: 5 Ticker: 0 Order id : 5085 Side: SELL Qty: 77 Price: 176 ] .
../low-latency-components/tcp_socket.h:108 sendAndRecv() Thu Apr  9 18:48:38 2026 send socket:9 len:-1
../trading/order_gw/order_gateway.cpp:32 run() Thu Apr  9 18:48:38 2026 Sending client id: 5, seq: 515 MEClientRequest  [  Type: NEW Client: 5 Ticker: 2 Order id : 5257 Side: BUY Qty: 51 Price: 114 ] .
../low-latency-components/tcp_socket.h:108 sendAndRecv() Thu Apr  9 18:48:38 2026 send socket:9 len:-1
../trading/order_gw/order_gateway.cpp:32 run() Thu Apr  9 18:48:38 2026 Sending client id: 5, seq: 516 MEClientRequest  [  Type: CANCEL Client: 5 Ticker: 1 Order id : 5176 Side: BUY Qty: 69 Price: 173 ] .
../low-latency-components/tcp_socket.h:108 sendAndRecv() Thu Apr  9 18:48:38 2026 send socket:9 len:-1
../trading/order_gw/order_gateway.cpp:32 run() Thu Apr  9 18:48:38 2026 Sending client id: 5, seq: 517 MEClientRequest  [  Type: NEW Client: 5 Ticker: 0 Order id : 5258 Side: SELL Qty: 57 Price: 183 ] .
../low-latency-components/tcp_socket.h:108 sendAndRecv() Thu Apr  9 18:48:38 2026 send socket:9 len:-1
../trading/order_gw/order_gateway.cpp:32 run() Thu Apr  9 18:48:38 2026 Sending client id: 5, seq: 518 MEClientRequest  [  Type: CANCEL Client: 5 Ticker: 1 Order id : 5087 Side: SELL Qty: 48 Price: 173 ] .
../low-latency-components/tcp_socket.h:108 sendAndRecv() Thu Apr  9 18:48:38 2026 send socket:9 len:-1
../trading/order_gw/order_gateway.cpp:32 run() Thu Apr  9 18:48:39 2026 Sending client id: 5, seq: 519 MEClientRequest  [  Type: NEW Client: 5 Ticker: 1 Order id : 5259 Side: SELL Qty: 91 Price: 169 ] .
../low-latency-components/tcp_socket.h:108 sendAndRecv() Thu Apr  9 18:48:39 2026 send socket:9 len:-1
../trading/order_gw/order_gateway.cpp:32 run() Thu Apr  9 18:48:39 2026 Sending client id: 5, seq: 520 MEClientRequest  [  Type: CANCEL Client: 5 Ticker: 3 Order id : 5127 Side: BUY Qty: 45 Price: 182 ] .
../low-latency-components/tcp_socket.h:108 sendAndRecv() Thu Apr  9 18:48:39 2026 send socket:9 len:-1
../trading/order_gw/order_gateway.cpp:32 run() Thu Apr  9 18:48:39 2026 Sending client id: 5, seq: 521 MEClientRequest  [  Type: NEW Client: 5 Ticker: 2 Order id : 5260 Side: BUY Qty: 41 Price: 112 ] .
../low-latency-components/tcp_socket.h:108 sendAndRecv() Thu Apr  9 18:48:39 2026 send socket:9 len:-1
../trading/order_gw/order_gateway.cpp:32 run() Thu Apr  9 18:48:39 2026 Sending client id: 5, seq: 522 MEClientRequest  [  Type: CANCEL Client: 5 Ticker: 2 Order id : 5034 Side: BUY Qty: 36 Price: 112 ] .
../low-latency-components/tcp_socket.h:108 sendAndRecv() Thu Apr  9 18:48:39 2026 send socket:9 len:-1
../trading/order_gw/order_gateway.cpp:32 run() Thu Apr  9 18:48:39 2026 Sending client id: 5, seq: 523 MEClientRequest  [  Type: NEW Client: 5 Ticker: 2 Order id : 5261 Side: BUY Qty: 67 Price: 113 ] .
../low-latency-components/tcp_socket.h:108 sendAndRecv() Thu Apr  9 18:48:39 2026 send socket:9 len:-1
../trading/order_gw/order_gateway.cpp:32 run() Thu Apr  9 18:48:39 2026 Sending client id: 5, seq: 524 MEClientRequest  [  Type: CANCEL Client: 5 Ticker: 3 Order id : 5171 Side: SELL Qty: 46 Price: 181 ] .
../low-latency-components/tcp_socket.h:108 sendAndRecv() Thu Apr  9 18:48:39 2026 send socket:9 len:-1
../trading/order_gw/order_gateway.cpp:32 run() Thu Apr  9 18:48:39 2026 Sending client id: 5, seq: 525 MEClientRequest  [  Type: NEW Client: 5 Ticker: 0 Order id : 5262 Side: BUY Qty: 15 Price: 184 ] .
../low-latency-components/tcp_socket.h:108 sendAndRecv() Thu Apr  9 18:48:39 2026 send socket:9 len:-1
../trading/order_gw/order_gateway.cpp:32 run() Thu Apr  9 18:48:39 2026 Sending client id: 5, seq: 526 MEClientRequest  [  Type: CANCEL Client: 5 Ticker: 2 Order id : 5241 Side: SELL Qty: 99 Price: 114 ] .
../low-latency-components/tcp_socket.h:108 sendAndRecv() Thu Apr  9 18:48:39 2026 send socket:9 len:-1
../trading/order_gw/order_gateway.cpp:32 run() Thu Apr  9 18:48:39 2026 Sending client id: 5, seq: 527 MEClientRequest  [  Type: NEW Client: 5 Ticker: 1 Order id : 5263 Side: SELL Qty: 51 Price: 171 ] .
../low-latency-components/tcp_socket.h:108 sendAndRecv() Thu Apr  9 18:48:39 2026 send socket:9 len:-1
../trading/order_gw/order_gateway.cpp:32 run() Thu Apr  9 18:48:39 2026 Sending client id: 5, seq: 528 MEClientRequest  [  Type: CANCEL Client: 5 Ticker: 0 Order id : 5000 Side: BUY Qty: 22 Price: 178 ] .
../low-latency-components/tcp_socket.h:108 sendAndRecv() Thu Apr  9 18:48:39 2026 send socket:9 len:-1
../trading/order_gw/order_gateway.cpp:32 run() Thu Apr  9 18:48:40 2026 Sending client id: 5, seq: 529 MEClientRequest  [  Type: NEW Client: 5 Ticker: 3 Order id : 5264 Side: SELL Qty: 93 Price: 177 ] .
../low-latency-components/tcp_socket.h:108 sendAndRecv() Thu Apr  9 18:48:40 2026 send socket:9 len:-1
../trading/order_gw/order_gateway.cpp:32 run() Thu Apr  9 18:48:40 2026 Sending client id: 5, seq: 530 MEClientRequest  [  Type: CANCEL Client: 5 Ticker: 0 Order id : 5200 Side: BUY Qty: 47 Price: 185 ] .
../low-latency-components/tcp_socket.h:108 sendAndRecv() Thu Apr  9 18:48:40 2026 send socket:9 len:-1
../trading/order_gw/order_gateway.cpp:32 run() Thu Apr  9 18:48:40 2026 Sending client id: 5, seq: 531 MEClientRequest  [  Type: NEW Client: 5 Ticker: 3 Order id : 5265 Side: SELL Qty: 15 Price: 176 ] .
../low-latency-components/tcp_socket.h:108 sendAndRecv() Thu Apr  9 18:48:40 2026 send socket:9 len:-1
../trading/order_gw/order_gateway.cpp:32 run() Thu Apr  9 18:48:40 2026 Sending client id: 5, seq: 532 MEClientRequest  [  Type: CANCEL Client: 5 Ticker: 2 Order id : 5179 Side: BUY Qty: 13 Price: 113 ] .
../low-latency-components/tcp_socket.h:108 sendAndRecv() Thu Apr  9 18:48:40 2026 send socket:9 len:-1
../trading/order_gw/order_gateway.cpp:32 run() Thu Apr  9 18:48:40 2026 Sending client id: 5, seq: 533 MEClientRequest  [  Type: NEW Client: 5 Ticker: 0 Order id : 5266 Side: SELL Qty: 84 Price: 177 ] .
../low-latency-components/tcp_socket.h:108 sendAndRecv() Thu Apr  9 18:48:40 2026 send socket:9 len:-1
../trading/order_gw/order_gateway.cpp:32 run() Thu Apr  9 18:48:40 2026 Sending client id: 5, seq: 534 MEClientRequest  [  Type: CANCEL Client: 5 Ticker: 1 Order id : 5132 Side: SELL Qty: 10 Price: 172 ] .
../low-latency-components/tcp_socket.h:108 sendAndRecv() Thu Apr  9 18:48:40 2026 send socket:9 len:-1
../trading/order_gw/order_gateway.cpp:32 run() Thu Apr  9 18:48:40 2026 Sending client id: 5, seq: 535 MEClientRequest  [  Type: NEW Client: 5 Ticker: 0 Order id : 5267 Side: SELL Qty: 5 Price: 182 ] .
../low-latency-components/tcp_socket.h:108 sendAndRecv() Thu Apr  9 18:48:40 2026 send socket:9 len:-1
../trading/order_gw/order_gateway.cpp:32 run() Thu Apr  9 18:48:40 2026 Sending client id: 5, seq: 536 MEClientRequest  [  Type: CANCEL Client: 5 Ticker: 1 Order id : 5173 Side: SELL Qty: 98 Price: 173 ] .
../low-latency-components/tcp_socket.h:108 sendAndRecv() Thu Apr  9 18:48:40 2026 send socket:9 len:-1
../trading/order_gw/order_gateway.cpp:32 run() Thu Apr  9 18:48:40 2026 Sending client id: 5, seq: 537 MEClientRequest  [  Type: NEW Client: 5 Ticker: 0 Order id : 5268 Side: SELL Qty: 23 Price: 178 ] .
../low-latency-components/tcp_socket.h:108 sendAndRecv() Thu Apr  9 18:48:40 2026 send socket:9 len:-1
../trading/order_gw/order_gateway.cpp:32 run() Thu Apr  9 18:48:40 2026 Sending client id: 5, seq: 538 MEClientRequest  [  Type: CANCEL Client: 5 Ticker: 2 Order id : 5041 Side: BUY Qty: 50 Price: 117 ] .
../low-latency-components/tcp_socket.h:108 sendAndRecv() Thu Apr  9 18:48:40 2026 send socket:9 len:-1
../trading/order_gw/order_gateway.cpp:32 run() Thu Apr  9 18:48:41 2026 Sending client id: 5, seq: 539 MEClientRequest  [  Type: NEW Client: 5 Ticker: 1 Order id : 5269 Side: SELL Qty: 101 Price: 175 ] .
../low-latency-components/tcp_socket.h:108 sendAndRecv() Thu Apr  9 18:48:41 2026 send socket:9 len:-1
../trading/order_gw/order_gateway.cpp:32 run() Thu Apr  9 18:48:41 2026 Sending client id: 5, seq: 540 MEClientRequest  [  Type: CANCEL Client: 5 Ticker: 2 Order id : 5241 Side: SELL Qty: 99 Price: 114 ] .
../low-latency-components/tcp_socket.h:108 sendAndRecv() Thu Apr  9 18:48:41 2026 send socket:9 len:-1
../trading/order_gw/order_gateway.cpp:32 run() Thu Apr  9 18:48:41 2026 Sending client id: 5, seq: 541 MEClientRequest  [  Type: NEW Client: 5 Ticker: 0 Order id : 5270 Side: BUY Qty: 17 Price: 177 ] .
../low-latency-components/tcp_socket.h:108 sendAndRecv() Thu Apr  9 18:48:41 2026 send socket:9 len:-1
../trading/order_gw/order_gateway.cpp:32 run() Thu Apr  9 18:48:41 2026 Sending client id: 5, seq: 542 MEClientRequest  [  Type: CANCEL Client: 5 Ticker: 0 Order id : 5256 Side: BUY Qty: 41 Price: 182 ] .
../low-latency-components/tcp_socket.h:108 sendAndRecv() Thu Apr  9 18:48:41 2026 send socket:9 len:-1
../trading/order_gw/order_gateway.cpp:32 run() Thu Apr  9 18:48:41 2026 Sending client id: 5, seq: 543 MEClientRequest  [  Type: NEW Client: 5 Ticker: 2 Order id : 5271 Side: BUY Qty: 76 Price: 113 ] .
../low-latency-components/tcp_socket.h:108 sendAndRecv() Thu Apr  9 18:48:41 2026 send socket:9 len:-1
../trading/order_gw/order_gateway.cpp:32 run() Thu Apr  9 18:48:41 2026 Sending client id: 5, seq: 544 MEClientRequest  [  Type: CANCEL Client: 5 Ticker: 2 Order id : 5271 Side: BUY Qty: 76 Price: 113 ] .
../low-latency-components/tcp_socket.h:108 sendAndRecv() Thu Apr  9 18:48:41 2026 send socket:9 len:-1
../trading/order_gw/order_gateway.cpp:32 run() Thu Apr  9 18:48:41 2026 Sending client id: 5, seq: 545 MEClientRequest  [  Type: NEW Client: 5 Ticker: 2 Order id : 5272 Side: SELL Qty: 12 Price: 115 ] .
../low-latency-components/tcp_socket.h:108 sendAndRecv() Thu Apr  9 18:48:41 2026 send socket:9 len:-1
../trading/order_gw/order_gateway.cpp:32 run() Thu Apr  9 18:48:41 2026 Sending client id: 5, seq: 546 MEClientRequest  [  Type: CANCEL Client: 5 Ticker: 1 Order id : 5021 Side: SELL Qty: 80 Price: 169 ] .
../low-latency-components/tcp_socket.h:108 sendAndRecv() Thu Apr  9 18:48:41 2026 send socket:9 len:-1
../trading/order_gw/order_gateway.cpp:32 run() Thu Apr  9 18:48:41 2026 Sending client id: 5, seq: 547 MEClientRequest  [  Type: NEW Client: 5 Ticker: 0 Order id : 5273 Side: BUY Qty: 16 Price: 179 ] .
../low-latency-components/tcp_socket.h:108 sendAndRecv() Thu Apr  9 18:48:41 2026 send socket:9 len:-1
../trading/order_gw/order_gateway.cpp:32 run() Thu Apr  9 18:48:41 2026 Sending client id: 5, seq: 548 MEClientRequest  [  Type: CANCEL Client: 5 Ticker: 1 Order id : 5173 Side: SELL Qty: 98 Price: 173 ] .
../low-latency-components/tcp_socket.h:108 sendAndRecv() Thu Apr  9 18:48:41 2026 send socket:9 len:-1
../trading/order_gw/order_gateway.cpp:32 run() Thu Apr  9 18:48:42 2026 Sending client id: 5, seq: 549 MEClientRequest  [  Type: NEW Client: 5 Ticker: 3 Order id : 5274 Side: BUY Qty: 87 Price: 181 ] .
../low-latency-components/tcp_socket.h:108 sendAndRecv() Thu Apr  9 18:48:42 2026 send socket:9 len:-1
../trading/order_gw/order_gateway.cpp:32 run() Thu Apr  9 18:48:42 2026 Sending client id: 5, seq: 550 MEClientRequest  [  Type: CANCEL Client: 5 Ticker: 2 Order id : 5096 Side: BUY Qty: 16 Price: 116 ] .
../low-latency-components/tcp_socket.h:108 sendAndRecv() Thu Apr  9 18:48:42 2026 send socket:9 len:-1
../trading/order_gw/order_gateway.cpp:32 run() Thu Apr  9 18:48:42 2026 Sending client id: 5, seq: 551 MEClientRequest  [  Type: NEW Client: 5 Ticker: 3 Order id : 5275 Side: BUY Qty: 7 Price: 173 ] .
../low-latency-components/tcp_socket.h:108 sendAndRecv() Thu Apr  9 18:48:42 2026 send socket:9 len:-1
../trading/order_gw/order_gateway.cpp:32 run() Thu Apr  9 18:48:42 2026 Sending client id: 5, seq: 552 MEClientRequest  [  Type: CANCEL Client: 5 Ticker: 0 Order id : 5252 Side: SELL Qty: 33 Price: 179 ] .
../low-latency-components/tcp_socket.h:108 sendAndRecv() Thu Apr  9 18:48:42 2026 send socket:9 len:-1
../trading/order_gw/order_gateway.cpp:32 run() Thu Apr  9 18:48:42 2026 Sending client id: 5, seq: 553 MEClientRequest  [  Type: NEW Client: 5 Ticker: 2 Order id : 5276 Side: BUY Qty: 23 Price: 118 ] .
../low-latency-components/tcp_socket.h:108 sendAndRecv() Thu Apr  9 18:48:42 2026 send socket:9 len:-1
../trading/order_gw/order_gateway.cpp:32 run() Thu Apr  9 18:48:42 2026 Sending client id: 5, seq: 554 MEClientRequest  [  Type: CANCEL Client: 5 Ticker: 3 Order id : 5008 Side: BUY Qty: 39 Price: 176 ] .
../low-latency-components/tcp_socket.h:108 sendAndRecv() Thu Apr  9 18:48:42 2026 send socket:9 len:-1
../trading/order_gw/order_gateway.cpp:32 run() Thu Apr  9 18:48:42 2026 Sending client id: 5, seq: 555 MEClientRequest  [  Type: NEW Client: 5 Ticker: 0 Order id : 5277 Side: SELL Qty: 59 Price: 177 ] .
../low-latency-components/tcp_socket.h:108 sendAndRecv() Thu Apr  9 18:48:42 2026 send socket:9 len:-1
../trading/order_gw/order_gateway.cpp:32 run() Thu Apr  9 18:48:42 2026 Sending client id: 5, seq: 556 MEClientRequest  [  Type: CANCEL Client: 5 Ticker: 1 Order id : 5067 Side: SELL Qty: 75 Price: 168 ] .
../low-latency-components/tcp_socket.h:108 sendAndRecv() Thu Apr  9 18:48:42 2026 send socket:9 len:-1
../trading/order_gw/order_gateway.cpp:32 run() Thu Apr  9 18:48:42 2026 Sending client id: 5, seq: 557 MEClientRequest  [  Type: NEW Client: 5 Ticker: 0 Order id : 5278 Side: SELL Qty: 89 Price: 182 ] .
../low-latency-components/tcp_socket.h:108 sendAndRecv() Thu Apr  9 18:48:42 2026 send socket:9 len:-1
../trading/order_gw/order_gateway.cpp:32 run() Thu Apr  9 18:48:42 2026 Sending client id: 5, seq: 558 MEClientRequest  [  Type: CANCEL Client: 5 Ticker: 0 Order id : 5202 Side: SELL Qty: 31 Price: 185 ] .
../low-latency-components/tcp_socket.h:108 sendAndRecv() Thu Apr  9 18:48:42 2026 send socket:9 len:-1
../trading/order_gw/order_gateway.cpp:32 run() Thu Apr  9 18:48:43 2026 Sending client id: 5, seq: 559 MEClientRequest  [  Type: NEW Client: 5 Ticker: 3 Order id : 5279 Side: BUY Qty: 24 Price: 179 ] .
../low-latency-components/tcp_socket.h:108 sendAndRecv() Thu Apr  9 18:48:43 2026 send socket:9 len:-1
../trading/order_gw/order_gateway.cpp:32 run() Thu Apr  9 18:48:43 2026 Sending client id: 5, seq: 560 MEClientRequest  [  Type: CANCEL Client: 5 Ticker: 1 Order id : 5182 Side: BUY Qty: 80 Price: 167 ] .
../low-latency-components/tcp_socket.h:108 sendAndRecv() Thu Apr  9 18:48:43 2026 send socket:9 len:-1
../trading/order_gw/order_gateway.cpp:32 run() Thu Apr  9 18:48:43 2026 Sending client id: 5, seq: 561 MEClientRequest  [  Type: NEW Client: 5 Ticker: 1 Order id : 5280 Side: SELL Qty: 44 Price: 174 ] .
../low-latency-components/tcp_socket.h:108 sendAndRecv() Thu Apr  9 18:48:43 2026 send socket:9 len:-1
../trading/order_gw/order_gateway.cpp:32 run() Thu Apr  9 18:48:43 2026 Sending client id: 5, seq: 562 MEClientRequest  [  Type: CANCEL Client: 5 Ticker: 1 Order id : 5083 Side: BUY Qty: 38 Price: 166 ] .
../low-latency-components/tcp_socket.h:108 sendAndRecv() Thu Apr  9 18:48:43 2026 send socket:9 len:-1
../trading/order_gw/order_gateway.cpp:32 run() Thu Apr  9 18:48:43 2026 Sending client id: 5, seq: 563 MEClientRequest  [  Type: NEW Client: 5 Ticker: 0 Order id : 5281 Side: BUY Qty: 21 Price: 182 ] .
../low-latency-components/tcp_socket.h:108 sendAndRecv() Thu Apr  9 18:48:43 2026 send socket:9 len:-1
../trading/order_gw/order_gateway.cpp:32 run() Thu Apr  9 18:48:43 2026 Sending client id: 5, seq: 564 MEClientRequest  [  Type: CANCEL Client: 5 Ticker: 2 Order id : 5023 Side: SELL Qty: 69 Price: 117 ] .
../low-latency-components/tcp_socket.h:108 sendAndRecv() Thu Apr  9 18:48:43 2026 send socket:9 len:-1
../trading/order_gw/order_gateway.cpp:32 run() Thu Apr  9 18:48:43 2026 Sending client id: 5, seq: 565 MEClientRequest  [  Type: NEW Client: 5 Ticker: 3 Order id : 5282 Side: SELL Qty: 10 Price: 176 ] .
../low-latency-components/tcp_socket.h:108 sendAndRecv() Thu Apr  9 18:48:43 2026 send socket:9 len:-1
../trading/order_gw/order_gateway.cpp:32 run() Thu Apr  9 18:48:43 2026 Sending client id: 5, seq: 566 MEClientRequest  [  Type: CANCEL Client: 5 Ticker: 2 Order id : 5217 Side: SELL Qty: 92 Price: 113 ] .
../low-latency-components/tcp_socket.h:108 sendAndRecv() Thu Apr  9 18:48:43 2026 send socket:9 len:-1
../trading/order_gw/order_gateway.cpp:32 run() Thu Apr  9 18:48:43 2026 Sending client id: 5, seq: 567 MEClientRequest  [  Type: NEW Client: 5 Ticker: 2 Order id : 5283 Side: BUY Qty: 42 Price: 115 ] .
../low-latency-components/tcp_socket.h:108 sendAndRecv() Thu Apr  9 18:48:43 2026 send socket:9 len:-1
../trading/order_gw/order_gateway.cpp:32 run() Thu Apr  9 18:48:43 2026 Sending client id: 5, seq: 568 MEClientRequest  [  Type: CANCEL Client: 5 Ticker: 2 Order id : 5283 Side: BUY Qty: 42 Price: 115 ] .
../low-latency-components/tcp_socket.h:108 sendAndRecv() Thu Apr  9 18:48:43 2026 send socket:9 len:-1
../trading/order_gw/order_gateway.cpp:32 run() Thu Apr  9 18:48:44 2026 Sending client id: 5, seq: 569 MEClientRequest  [  Type: NEW Client: 5 Ticker: 3 Order id : 5284 Side: SELL Qty: 25 Price: 180 ] .
../low-latency-components/tcp_socket.h:108 sendAndRecv() Thu Apr  9 18:48:44 2026 send socket:9 len:-1
../trading/order_gw/order_gateway.cpp:32 run() Thu Apr  9 18:48:44 2026 Sending client id: 5, seq: 570 MEClientRequest  [  Type: CANCEL Client: 5 Ticker: 2 Order id : 5115 Side: SELL Qty: 72 Price: 114 ] .
../low-latency-components/tcp_socket.h:108 sendAndRecv() Thu Apr  9 18:48:44 2026 send socket:9 len:-1
../trading/order_gw/order_gateway.cpp:32 run() Thu Apr  9 18:48:44 2026 Sending client id: 5, seq: 571 MEClientRequest  [  Type: NEW Client: 5 Ticker: 0 Order id : 5285 Side: SELL Qty: 54 Price: 185 ] .
../low-latency-components/tcp_socket.h:108 sendAndRecv() Thu Apr  9 18:48:44 2026 send socket:9 len:-1
../trading/order_gw/order_gateway.cpp:32 run() Thu Apr  9 18:48:44 2026 Sending client id: 5, seq: 572 MEClientRequest  [  Type: CANCEL Client: 5 Ticker: 0 Order id : 5224 Side: BUY Qty: 19 Price: 183 ] .
../low-latency-components/tcp_socket.h:108 sendAndRecv() Thu Apr  9 18:48:44 2026 send socket:9 len:-1
../trading/order_gw/order_gateway.cpp:32 run() Thu Apr  9 18:48:44 2026 Sending client id: 5, seq: 573 MEClientRequest  [  Type: NEW Client: 5 Ticker: 2 Order id : 5286 Side: SELL Qty: 80 Price: 112 ] .
../low-latency-components/tcp_socket.h:108 sendAndRecv() Thu Apr  9 18:48:44 2026 send socket:9 len:-1
../trading/order_gw/order_gateway.cpp:32 run() Thu Apr  9 18:48:44 2026 Sending client id: 5, seq: 574 MEClientRequest  [  Type: CANCEL Client: 5 Ticker: 3 Order id : 5025 Side: BUY Qty: 69 Price: 179 ] .
../low-latency-components/tcp_socket.h:108 sendAndRecv() Thu Apr  9 18:48:44 2026 send socket:9 len:-1
../trading/order_gw/order_gateway.cpp:32 run() Thu Apr  9 18:48:44 2026 Sending client id: 5, seq: 575 MEClientRequest  [  Type: NEW Client: 5 Ticker: 0 Order id : 5287 Side: BUY Qty: 66 Price: 184 ] .
../low-latency-components/tcp_socket.h:108 sendAndRecv() Thu Apr  9 18:48:44 2026 send socket:9 len:-1
../trading/order_gw/order_gateway.cpp:32 run() Thu Apr  9 18:48:44 2026 Sending client id: 5, seq: 576 MEClientRequest  [  Type: CANCEL Client: 5 Ticker: 2 Order id : 5245 Side: SELL Qty: 44 Price: 111 ] .
../low-latency-components/tcp_socket.h:108 sendAndRecv() Thu Apr  9 18:48:44 2026 send socket:9 len:-1
../trading/order_gw/order_gateway.cpp:32 run() Thu Apr  9 18:48:44 2026 Sending client id: 5, seq: 577 MEClientRequest  [  Type: NEW Client: 5 Ticker: 1 Order id : 5288 Side: BUY Qty: 50 Price: 175 ] .
../low-latency-components/tcp_socket.h:108 sendAndRecv() Thu Apr  9 18:48:44 2026 send socket:9 len:-1
../trading/order_gw/order_gateway.cpp:32 run() Thu Apr  9 18:48:44 2026 Sending client id: 5, seq: 578 MEClientRequest  [  Type: CANCEL Client: 5 Ticker: 0 Order id : 5214 Side: BUY Qty: 33 Price: 183 ] .
../low-latency-components/tcp_socket.h:108 sendAndRecv() Thu Apr  9 18:48:44 2026 send socket:9 len:-1
../trading/order_gw/order_gateway.cpp:32 run() Thu Apr  9 18:48:45 2026 Sending client id: 5, seq: 579 MEClientRequest  [  Type: NEW Client: 5 Ticker: 0 Order id : 5289 Side: SELL Qty: 98 Price: 181 ] .
../low-latency-components/tcp_socket.h:108 sendAndRecv() Thu Apr  9 18:48:45 2026 send socket:9 len:-1
../trading/order_gw/order_gateway.cpp:32 run() Thu Apr  9 18:48:45 2026 Sending client id: 5, seq: 580 MEClientRequest  [  Type: CANCEL Client: 5 Ticker: 2 Order id : 5017 Side: BUY Qty: 54 Price: 119 ] .
../low-latency-components/tcp_socket.h:108 sendAndRecv() Thu Apr  9 18:48:45 2026 send socket:9 len:-1
../trading/order_gw/order_gateway.cpp:32 run() Thu Apr  9 18:48:45 2026 Sending client id: 5, seq: 581 MEClientRequest  [  Type: NEW Client: 5 Ticker: 3 Order id : 5290 Side: SELL Qty: 88 Price: 176 ] .
../low-latency-components/tcp_socket.h:108 sendAndRecv() Thu Apr  9 18:48:45 2026 send socket:9 len:-1
../trading/order_gw/order_gateway.cpp:32 run() Thu Apr  9 18:48:45 2026 Sending client id: 5, seq: 582 MEClientRequest  [  Type: CANCEL Client: 5 Ticker: 0 Order id : 5139 Side: BUY Qty: 70 Price: 182 ] .
../low-latency-components/tcp_socket.h:108 sendAndRecv() Thu Apr  9 18:48:45 2026 send socket:9 len:-1
../trading/order_gw/order_gateway.cpp:32 run() Thu Apr  9 18:48:45 2026 Sending client id: 5, seq: 583 MEClientRequest  [  Type: NEW Client: 5 Ticker: 0 Order id : 5291 Side: SELL Qty: 88 Price: 185 ] .
../low-latency-components/tcp_socket.h:108 sendAndRecv() Thu Apr  9 18:48:45 2026 send socket:9 len:-1
../trading/order_gw/order_gateway.cpp:32 run() Thu Apr  9 18:48:45 2026 Sending client id: 5, seq: 584 MEClientRequest  [  Type: CANCEL Client: 5 Ticker: 1 Order id : 5061 Side: BUY Qty: 54 Price: 173 ] .
../low-latency-components/tcp_socket.h:108 sendAndRecv() Thu Apr  9 18:48:45 2026 send socket:9 len:-1
../trading/order_gw/order_gateway.cpp:32 run() Thu Apr  9 18:48:45 2026 Sending client id: 5, seq: 585 MEClientRequest  [  Type: NEW Client: 5 Ticker: 0 Order id : 5292 Side: BUY Qty: 99 Price: 180 ] .
../low-latency-components/tcp_socket.h:108 sendAndRecv() Thu Apr  9 18:48:45 2026 send socket:9 len:-1
../trading/order_gw/order_gateway.cpp:32 run() Thu Apr  9 18:48:45 2026 Sending client id: 5, seq: 586 MEClientRequest  [  Type: CANCEL Client: 5 Ticker: 2 Order id : 5235 Side: SELL Qty: 44 Price: 115 ] .
../low-latency-components/tcp_socket.h:108 sendAndRecv() Thu Apr  9 18:48:45 2026 send socket:9 len:-1
../trading/order_gw/order_gateway.cpp:32 run() Thu Apr  9 18:48:45 2026 Sending client id: 5, seq: 587 MEClientRequest  [  Type: NEW Client: 5 Ticker: 3 Order id : 5293 Side: BUY Qty: 36 Price: 182 ] .
../low-latency-components/tcp_socket.h:108 sendAndRecv() Thu Apr  9 18:48:45 2026 send socket:9 len:-1
../trading/order_gw/order_gateway.cpp:32 run() Thu Apr  9 18:48:45 2026 Sending client id: 5, seq: 588 MEClientRequest  [  Type: CANCEL Client: 5 Ticker: 0 Order id : 5278 Side: SELL Qty: 89 Price: 182 ] .
../low-latency-components/tcp_socket.h:108 sendAndRecv() Thu Apr  9 18:48:45 2026 send socket:9 len:-1
../trading/order_gw/order_gateway.cpp:32 run() Thu Apr  9 18:48:46 2026 Sending client id: 5, seq: 589 MEClientRequest  [  Type: NEW Client: 5 Ticker: 3 Order id : 5294 Side: BUY Qty: 91 Price: 177 ] .
../low-latency-components/tcp_socket.h:108 sendAndRecv() Thu Apr  9 18:48:46 2026 send socket:9 len:-1
../trading/order_gw/order_gateway.cpp:32 run() Thu Apr  9 18:48:46 2026 Sending client id: 5, seq: 590 MEClientRequest  [  Type: CANCEL Client: 5 Ticker: 3 Order id : 5100 Side: SELL Qty: 45 Price: 176 ] .
../low-latency-components/tcp_socket.h:108 sendAndRecv() Thu Apr  9 18:48:46 2026 send socket:9 len:-1
../trading/order_gw/order_gateway.cpp:32 run() Thu Apr  9 18:48:46 2026 Sending client id: 5, seq: 591 MEClientRequest  [  Type: NEW Client: 5 Ticker: 1 Order id : 5295 Side: BUY Qty: 2 Price: 173 ] .
../low-latency-components/tcp_socket.h:108 sendAndRecv() Thu Apr  9 18:48:46 2026 send socket:9 len:-1
../trading/order_gw/order_gateway.cpp:32 run() Thu Apr  9 18:48:46 2026 Sending client id: 5, seq: 592 MEClientRequest  [  Type: CANCEL Client: 5 Ticker: 3 Order id : 5116 Side: SELL Qty: 87 Price: 182 ] .
../low-latency-components/tcp_socket.h:108 sendAndRecv() Thu Apr  9 18:48:46 2026 send socket:9 len:-1
../trading/order_gw/order_gateway.cpp:32 run() Thu Apr  9 18:48:46 2026 Sending client id: 5, seq: 593 MEClientRequest  [  Type: NEW Client: 5 Ticker: 3 Order id : 5296 Side: SELL Qty: 101 Price: 173 ] .
../low-latency-components/tcp_socket.h:108 sendAndRecv() Thu Apr  9 18:48:46 2026 send socket:9 len:-1
../trading/order_gw/order_gateway.cpp:32 run() Thu Apr  9 18:48:46 2026 Sending client id: 5, seq: 594 MEClientRequest  [  Type: CANCEL Client: 5 Ticker: 0 Order id : 5146 Side: SELL Qty: 51 Price: 177 ] .
../low-latency-components/tcp_socket.h:108 sendAndRecv() Thu Apr  9 18:48:46 2026 send socket:9 len:-1
../trading/order_gw/order_gateway.cpp:32 run() Thu Apr  9 18:48:46 2026 Sending client id: 5, seq: 595 MEClientRequest  [  Type: NEW Client: 5 Ticker: 1 Order id : 5297 Side: BUY Qty: 79 Price: 166 ] .
../low-latency-components/tcp_socket.h:108 sendAndRecv() Thu Apr  9 18:48:46 2026 send socket:9 len:-1
../trading/order_gw/order_gateway.cpp:32 run() Thu Apr  9 18:48:46 2026 Sending client id: 5, seq: 596 MEClientRequest  [  Type: CANCEL Client: 5 Ticker: 3 Order id : 5028 Side: BUY Qty: 37 Price: 180 ] .
../low-latency-components/tcp_socket.h:108 sendAndRecv() Thu Apr  9 18:48:46 2026 send socket:9 len:-1
../trading/order_gw/order_gateway.cpp:32 run() Thu Apr  9 18:48:46 2026 Sending client id: 5, seq: 597 MEClientRequest  [  Type: NEW Client: 5 Ticker: 3 Order id : 5298 Side: SELL Qty: 66 Price: 179 ] .
../low-latency-components/tcp_socket.h:108 sendAndRecv() Thu Apr  9 18:48:46 2026 send socket:9 len:-1
../trading/order_gw/order_gateway.cpp:32 run() Thu Apr  9 18:48:46 2026 Sending client id: 5, seq: 598 MEClientRequest  [  Type: CANCEL Client: 5 Ticker: 1 Order id : 5111 Side: BUY Qty: 77 Price: 173 ] .
../low-latency-components/tcp_socket.h:108 sendAndRecv() Thu Apr  9 18:48:46 2026 send socket:9 len:-1
../trading/order_gw/order_gateway.cpp:32 run() Thu Apr  9 18:48:47 2026 Sending client id: 5, seq: 599 MEClientRequest  [  Type: NEW Client: 5 Ticker: 2 Order id : 5299 Side: SELL Qty: 68 Price: 118 ] .
../low-latency-components/tcp_socket.h:108 sendAndRecv() Thu Apr  9 18:48:47 2026 send socket:9 len:-1
../trading/order_gw/order_gateway.cpp:32 run() Thu Apr  9 18:48:47 2026 Sending client id: 5, seq: 600 MEClientRequest  [  Type: CANCEL Client: 5 Ticker: 0 Order id : 5146 Side: SELL Qty: 51 Price: 177 ] .
../low-latency-components/tcp_socket.h:108 sendAndRecv() Thu Apr  9 18:48:47 2026 send socket:9 len:-1
../trading/order_gw/order_gateway.cpp:32 run() Thu Apr  9 18:48:47 2026 Sending client id: 5, seq: 601 MEClientRequest  [  Type: NEW Client: 5 Ticker: 0 Order id : 5300 Side: SELL Qty: 92 Price: 181 ] .
../low-latency-components/tcp_socket.h:108 sendAndRecv() Thu Apr  9 18:48:47 2026 send socket:9 len:-1
../trading/order_gw/order_gateway.cpp:32 run() Thu Apr  9 18:48:47 2026 Sending client id: 5, seq: 602 MEClientRequest  [  Type: CANCEL Client: 5 Ticker: 1 Order id : 5102 Side: BUY Qty: 55 Price: 173 ] .
../low-latency-components/tcp_socket.h:108 sendAndRecv() Thu Apr  9 18:48:47 2026 send socket:9 len:-1
../trading/order_gw/order_gateway.cpp:32 run() Thu Apr  9 18:48:47 2026 Sending client id: 5, seq: 603 MEClientRequest  [  Type: NEW Client: 5 Ticker: 3 Order id : 5301 Side: BUY Qty: 3 Price: 174 ] .
../low-latency-components/tcp_socket.h:108 sendAndRecv() Thu Apr  9 18:48:47 2026 send socket:9 len:-1
../trading/order_gw/order_gateway.cpp:32 run() Thu Apr  9 18:48:47 2026 Sending client id: 5, seq: 604 MEClientRequest  [  Type: CANCEL Client: 5 Ticker: 0 Order id : 5112 Side: BUY Qty: 35 Price: 177 ] .
../low-latency-components/tcp_socket.h:108 sendAndRecv() Thu Apr  9 18:48:47 2026 send socket:9 len:-1
../trading/order_gw/order_gateway.cpp:32 run() Thu Apr  9 18:48:47 2026 Sending client id: 5, seq: 605 MEClientRequest  [  Type: NEW Client: 5 Ticker: 1 Order id : 5302 Side: BUY Qty: 34 Price: 175 ] .
../low-latency-components/tcp_socket.h:108 sendAndRecv() Thu Apr  9 18:48:47 2026 send socket:9 len:-1
../trading/order_gw/order_gateway.cpp:32 run() Thu Apr  9 18:48:47 2026 Sending client id: 5, seq: 606 MEClientRequest  [  Type: CANCEL Client: 5 Ticker: 1 Order id : 5097 Side: BUY Qty: 22 Price: 174 ] .
../low-latency-components/tcp_socket.h:108 sendAndRecv() Thu Apr  9 18:48:47 2026 send socket:9 len:-1
../trading/order_gw/order_gateway.cpp:32 run() Thu Apr  9 18:48:47 2026 Sending client id: 5, seq: 607 MEClientRequest  [  Type: NEW Client: 5 Ticker: 2 Order id : 5303 Side: SELL Qty: 53 Price: 119 ] .
../low-latency-components/tcp_socket.h:108 sendAndRecv() Thu Apr  9 18:48:47 2026 send socket:9 len:-1
../trading/order_gw/order_gateway.cpp:32 run() Thu Apr  9 18:48:47 2026 Sending client id: 5, seq: 608 MEClientRequest  [  Type: CANCEL Client: 5 Ticker: 0 Order id : 5165 Side: BUY Qty: 39 Price: 184 ] .
../low-latency-components/tcp_socket.h:108 sendAndRecv() Thu Apr  9 18:48:47 2026 send socket:9 len:-1
../trading/order_gw/order_gateway.cpp:32 run() Thu Apr  9 18:48:48 2026 Sending client id: 5, seq: 609 MEClientRequest  [  Type: NEW Client: 5 Ticker: 1 Order id : 5304 Side: BUY Qty: 15 Price: 167 ] .
../low-latency-components/tcp_socket.h:108 sendAndRecv() Thu Apr  9 18:48:48 2026 send socket:9 len:-1
../trading/order_gw/order_gateway.cpp:32 run() Thu Apr  9 18:48:48 2026 Sending client id: 5, seq: 610 MEClientRequest  [  Type: CANCEL Client: 5 Ticker: 0 Order id : 5121 Side: SELL Qty: 40 Price: 185 ] .
../low-latency-components/tcp_socket.h:108 sendAndRecv() Thu Apr  9 18:48:48 2026 send socket:9 len:-1
../trading/order_gw/order_gateway.cpp:32 run() Thu Apr  9 18:48:48 2026 Sending client id: 5, seq: 611 MEClientRequest  [  Type: NEW Client: 5 Ticker: 0 Order id : 5305 Side: SELL Qty: 100 Price: 181 ] .
../low-latency-components/tcp_socket.h:108 sendAndRecv() Thu Apr  9 18:48:48 2026 send socket:9 len:-1
../trading/order_gw/order_gateway.cpp:32 run() Thu Apr  9 18:48:48 2026 Sending client id: 5, seq: 612 MEClientRequest  [  Type: CANCEL Client: 5 Ticker: 3 Order id : 5051 Side: SELL Qty: 83 Price: 176 ] .
../low-latency-components/tcp_socket.h:108 sendAndRecv() Thu Apr  9 18:48:48 2026 send socket:9 len:-1
../trading/order_gw/order_gateway.cpp:32 run() Thu Apr  9 18:48:48 2026 Sending client id: 5, seq: 613 MEClientRequest  [  Type: NEW Client: 5 Ticker: 0 Order id : 5306 Side: SELL Qty: 56 Price: 181 ] .
../low-latency-components/tcp_socket.h:108 sendAndRecv() Thu Apr  9 18:48:48 2026 send socket:9 len:-1
../trading/order_gw/order_gateway.cpp:32 run() Thu Apr  9 18:48:48 2026 Sending client id: 5, seq: 614 MEClientRequest  [  Type: CANCEL Client: 5 Ticker: 1 Order id : 5143 Side: BUY Qty: 33 Price: 168 ] .
../low-latency-components/tcp_socket.h:108 sendAndRecv() Thu Apr  9 18:48:48 2026 send socket:9 len:-1
../trading/order_gw/order_gateway.cpp:32 run() Thu Apr  9 18:48:48 2026 Sending client id: 5, seq: 615 MEClientRequest  [  Type: NEW Client: 5 Ticker: 0 Order id : 5307 Side: BUY Qty: 26 Price: 181 ] .
../low-latency-components/tcp_socket.h:108 sendAndRecv() Thu Apr  9 18:48:48 2026 send socket:9 len:-1
../trading/order_gw/order_gateway.cpp:32 run() Thu Apr  9 18:48:48 2026 Sending client id: 5, seq: 616 MEClientRequest  [  Type: CANCEL Client: 5 Ticker: 1 Order id : 5172 Side: SELL Qty: 23 Price: 174 ] .
../low-latency-components/tcp_socket.h:108 sendAndRecv() Thu Apr  9 18:48:48 2026 send socket:9 len:-1
../trading/order_gw/order_gateway.cpp:32 run() Thu Apr  9 18:48:48 2026 Sending client id: 5, seq: 617 MEClientRequest  [  Type: NEW Client: 5 Ticker: 0 Order id : 5308 Side: SELL Qty: 77 Price: 179 ] .
../low-latency-components/tcp_socket.h:108 sendAndRecv() Thu Apr  9 18:48:48 2026 send socket:9 len:-1
../trading/order_gw/order_gateway.cpp:32 run() Thu Apr  9 18:48:48 2026 Sending client id: 5, seq: 618 MEClientRequest  [  Type: CANCEL Client: 5 Ticker: 1 Order id : 5071 Side: SELL Qty: 78 Price: 174 ] .
../low-latency-components/tcp_socket.h:108 sendAndRecv() Thu Apr  9 18:48:48 2026 send socket:9 len:-1
../trading/order_gw/order_gateway.cpp:32 run() Thu Apr  9 18:48:49 2026 Sending client id: 5, seq: 619 MEClientRequest  [  Type: NEW Client: 5 Ticker: 0 Order id : 5309 Side: BUY Qty: 16 Price: 184 ] .
../low-latency-components/tcp_socket.h:108 sendAndRecv() Thu Apr  9 18:48:49 2026 send socket:9 len:-1
../trading/order_gw/order_gateway.cpp:32 run() Thu Apr  9 18:48:49 2026 Sending client id: 5, seq: 620 MEClientRequest  [  Type: CANCEL Client: 5 Ticker: 2 Order id : 5168 Side: SELL Qty: 29 Price: 115 ] .
../low-latency-components/tcp_socket.h:108 sendAndRecv() Thu Apr  9 18:48:49 2026 send socket:9 len:-1
../trading/order_gw/order_gateway.cpp:32 run() Thu Apr  9 18:48:49 2026 Sending client id: 5, seq: 621 MEClientRequest  [  Type: NEW Client: 5 Ticker: 3 Order id : 5310 Side: BUY Qty: 51 Price: 179 ] .
../low-latency-components/tcp_socket.h:108 sendAndRecv() Thu Apr  9 18:48:49 2026 send socket:9 len:-1
../trading/order_gw/order_gateway.cpp:32 run() Thu Apr  9 18:48:49 2026 Sending client id: 5, seq: 622 MEClientRequest  [  Type: CANCEL Client: 5 Ticker: 0 Order id : 5089 Side: BUY Qty: 34 Price: 179 ] .
../low-latency-components/tcp_socket.h:108 sendAndRecv() Thu Apr  9 18:48:49 2026 send socket:9 len:-1
../trading/order_gw/order_gateway.cpp:32 run() Thu Apr  9 18:48:49 2026 Sending client id: 5, seq: 623 MEClientRequest  [  Type: NEW Client: 5 Ticker: 0 Order id : 5311 Side: SELL Qty: 50 Price: 181 ] .
../low-latency-components/tcp_socket.h:108 sendAndRecv() Thu Apr  9 18:48:49 2026 send socket:9 len:-1
../trading/order_gw/order_gateway.cpp:32 run() Thu Apr  9 18:48:49 2026 Sending client id: 5, seq: 624 MEClientRequest  [  Type: CANCEL Client: 5 Ticker: 2 Order id : 5096 Side: BUY Qty: 16 Price: 116 ] .
../low-latency-components/tcp_socket.h:108 sendAndRecv() Thu Apr  9 18:48:49 2026 send socket:9 len:-1
../trading/order_gw/order_gateway.cpp:32 run() Thu Apr  9 18:48:49 2026 Sending client id: 5, seq: 625 MEClientRequest  [  Type: NEW Client: 5 Ticker: 3 Order id : 5312 Side: BUY Qty: 89 Price: 173 ] .
../low-latency-components/tcp_socket.h:108 sendAndRecv() Thu Apr  9 18:48:49 2026 send socket:9 len:-1
../trading/order_gw/order_gateway.cpp:32 run() Thu Apr  9 18:48:49 2026 Sending client id: 5, seq: 626 MEClientRequest  [  Type: CANCEL Client: 5 Ticker: 3 Order id : 5046 Side: BUY Qty: 29 Price: 181 ] .
../low-latency-components/tcp_socket.h:108 sendAndRecv() Thu Apr  9 18:48:49 2026 send socket:9 len:-1
../trading/order_gw/order_gateway.cpp:32 run() Thu Apr  9 18:48:49 2026 Sending client id: 5, seq: 627 MEClientRequest  [  Type: NEW Client: 5 Ticker: 0 Order id : 5313 Side: SELL Qty: 15 Price: 181 ] .
../low-latency-components/tcp_socket.h:108 sendAndRecv() Thu Apr  9 18:48:49 2026 send socket:9 len:-1
../trading/order_gw/order_gateway.cpp:32 run() Thu Apr  9 18:48:49 2026 Sending client id: 5, seq: 628 MEClientRequest  [  Type: CANCEL Client: 5 Ticker: 3 Order id : 5149 Side: SELL Qty: 95 Price: 174 ] .
../low-latency-components/tcp_socket.h:108 sendAndRecv() Thu Apr  9 18:48:49 2026 send socket:9 len:-1
../trading/order_gw/order_gateway.cpp:32 run() Thu Apr  9 18:48:50 2026 Sending client id: 5, seq: 629 MEClientRequest  [  Type: NEW Client: 5 Ticker: 2 Order id : 5314 Side: BUY Qty: 36 Price: 113 ] .
../low-latency-components/tcp_socket.h:108 sendAndRecv() Thu Apr  9 18:48:50 2026 send socket:9 len:-1
../trading/order_gw/order_gateway.cpp:32 run() Thu Apr  9 18:48:50 2026 Sending client id: 5, seq: 630 MEClientRequest  [  Type: CANCEL Client: 5 Ticker: 1 Order id : 5067 Side: SELL Qty: 75 Price: 168 ] .
../low-latency-components/tcp_socket.h:108 sendAndRecv() Thu Apr  9 18:48:50 2026 send socket:9 len:-1
../trading/order_gw/order_gateway.cpp:32 run() Thu Apr  9 18:48:50 2026 Sending client id: 5, seq: 631 MEClientRequest  [  Type: NEW Client: 5 Ticker: 2 Order id : 5315 Side: SELL Qty: 4 Price: 111 ] .
../low-latency-components/tcp_socket.h:108 sendAndRecv() Thu Apr  9 18:48:50 2026 send socket:9 len:-1
../trading/order_gw/order_gateway.cpp:32 run() Thu Apr  9 18:48:50 2026 Sending client id: 5, seq: 632 MEClientRequest  [  Type: CANCEL Client: 5 Ticker: 1 Order id : 5029 Side: SELL Qty: 45 Price: 173 ] .
../low-latency-components/tcp_socket.h:108 sendAndRecv() Thu Apr  9 18:48:50 2026 send socket:9 len:-1
../trading/order_gw/order_gateway.cpp:32 run() Thu Apr  9 18:48:50 2026 Sending client id: 5, seq: 633 MEClientRequest  [  Type: NEW Client: 5 Ticker: 1 Order id : 5316 Side: SELL Qty: 8 Price: 171 ] .
../low-latency-components/tcp_socket.h:108 sendAndRecv() Thu Apr  9 18:48:50 2026 send socket:9 len:-1
../trading/order_gw/order_gateway.cpp:32 run() Thu Apr  9 18:48:50 2026 Sending client id: 5, seq: 634 MEClientRequest  [  Type: CANCEL Client: 5 Ticker: 0 Order id : 5300 Side: SELL Qty: 92 Price: 181 ] .
../low-latency-components/tcp_socket.h:108 sendAndRecv() Thu Apr  9 18:48:50 2026 send socket:9 len:-1
../trading/order_gw/order_gateway.cpp:32 run() Thu Apr  9 18:48:50 2026 Sending client id: 5, seq: 635 MEClientRequest  [  Type: NEW Client: 5 Ticker: 3 Order id : 5317 Side: SELL Qty: 60 Price: 178 ] .
../low-latency-components/tcp_socket.h:108 sendAndRecv() Thu Apr  9 18:48:50 2026 send socket:9 len:-1
../trading/order_gw/order_gateway.cpp:32 run() Thu Apr  9 18:48:50 2026 Sending client id: 5, seq: 636 MEClientRequest  [  Type: CANCEL Client: 5 Ticker: 1 Order id : 5209 Side: BUY Qty: 3 Price: 168 ] .
../low-latency-components/tcp_socket.h:108 sendAndRecv() Thu Apr  9 18:48:50 2026 send socket:9 len:-1
../trading/order_gw/order_gateway.cpp:32 run() Thu Apr  9 18:48:50 2026 Sending client id: 5, seq: 637 MEClientRequest  [  Type: NEW Client: 5 Ticker: 2 Order id : 5318 Side: BUY Qty: 70 Price: 120 ] .
../low-latency-components/tcp_socket.h:108 sendAndRecv() Thu Apr  9 18:48:50 2026 send socket:9 len:-1
../trading/order_gw/order_gateway.cpp:32 run() Thu Apr  9 18:48:50 2026 Sending client id: 5, seq: 638 MEClientRequest  [  Type: CANCEL Client: 5 Ticker: 0 Order id : 5237 Side: BUY Qty: 97 Price: 180 ] .
../low-latency-components/tcp_socket.h:108 sendAndRecv() Thu Apr  9 18:48:50 2026 send socket:9 len:-1
../trading/order_gw/order_gateway.cpp:32 run() Thu Apr  9 18:48:51 2026 Sending client id: 5, seq: 639 MEClientRequest  [  Type: NEW Client: 5 Ticker: 0 Order id : 5319 Side: SELL Qty: 32 Price: 179 ] .
../low-latency-components/tcp_socket.h:108 sendAndRecv() Thu Apr  9 18:48:51 2026 send socket:9 len:-1
../trading/order_gw/order_gateway.cpp:32 run() Thu Apr  9 18:48:51 2026 Sending client id: 5, seq: 640 MEClientRequest  [  Type: CANCEL Client: 5 Ticker: 3 Order id : 5141 Side: SELL Qty: 42 Price: 181 ] .
../low-latency-components/tcp_socket.h:108 sendAndRecv() Thu Apr  9 18:48:51 2026 send socket:9 len:-1
../trading/order_gw/order_gateway.cpp:32 run() Thu Apr  9 18:48:51 2026 Sending client id: 5, seq: 641 MEClientRequest  [  Type: NEW Client: 5 Ticker: 1 Order id : 5320 Side: BUY Qty: 27 Price: 168 ] .
../low-latency-components/tcp_socket.h:108 sendAndRecv() Thu Apr  9 18:48:51 2026 send socket:9 len:-1
../trading/order_gw/order_gateway.cpp:32 run() Thu Apr  9 18:48:51 2026 Sending client id: 5, seq: 642 MEClientRequest  [  Type: CANCEL Client: 5 Ticker: 0 Order id : 5193 Side: SELL Qty: 19 Price: 184 ] .
../low-latency-components/tcp_socket.h:108 sendAndRecv() Thu Apr  9 18:48:51 2026 send socket:9 len:-1
../trading/order_gw/order_gateway.cpp:32 run() Thu Apr  9 18:48:51 2026 Sending client id: 5, seq: 643 MEClientRequest  [  Type: NEW Client: 5 Ticker: 1 Order id : 5321 Side: BUY Qty: 61 Price: 171 ] .
../low-latency-components/tcp_socket.h:108 sendAndRecv() Thu Apr  9 18:48:51 2026 send socket:9 len:-1
../trading/order_gw/order_gateway.cpp:32 run() Thu Apr  9 18:48:51 2026 Sending client id: 5, seq: 644 MEClientRequest  [  Type: CANCEL Client: 5 Ticker: 1 Order id : 5071 Side: SELL Qty: 78 Price: 174 ] .
../low-latency-components/tcp_socket.h:108 sendAndRecv() Thu Apr  9 18:48:51 2026 send socket:9 len:-1
../trading/order_gw/order_gateway.cpp:32 run() Thu Apr  9 18:48:51 2026 Sending client id: 5, seq: 645 MEClientRequest  [  Type: NEW Client: 5 Ticker: 1 Order id : 5322 Side: BUY Qty: 71 Price: 168 ] .
../low-latency-components/tcp_socket.h:108 sendAndRecv() Thu Apr  9 18:48:51 2026 send socket:9 len:-1
../trading/order_gw/order_gateway.cpp:32 run() Thu Apr  9 18:48:51 2026 Sending client id: 5, seq: 646 MEClientRequest  [  Type: CANCEL Client: 5 Ticker: 3 Order id : 5051 Side: SELL Qty: 83 Price: 176 ] .
../low-latency-components/tcp_socket.h:108 sendAndRecv() Thu Apr  9 18:48:51 2026 send socket:9 len:-1
../trading/order_gw/order_gateway.cpp:32 run() Thu Apr  9 18:48:51 2026 Sending client id: 5, seq: 647 MEClientRequest  [  Type: NEW Client: 5 Ticker: 1 Order id : 5323 Side: BUY Qty: 92 Price: 172 ] .
../low-latency-components/tcp_socket.h:108 sendAndRecv() Thu Apr  9 18:48:51 2026 send socket:9 len:-1
../trading/order_gw/order_gateway.cpp:32 run() Thu Apr  9 18:48:51 2026 Sending client id: 5, seq: 648 MEClientRequest  [  Type: CANCEL Client: 5 Ticker: 0 Order id : 5258 Side: SELL Qty: 57 Price: 183 ] .
../low-latency-components/tcp_socket.h:108 sendAndRecv() Thu Apr  9 18:48:51 2026 send socket:9 len:-1
../trading/order_gw/order_gateway.cpp:32 run() Thu Apr  9 18:48:52 2026 Sending client id: 5, seq: 649 MEClientRequest  [  Type: NEW Client: 5 Ticker: 3 Order id : 5324 Side: BUY Qty: 28 Price: 176 ] .
../low-latency-components/tcp_socket.h:108 sendAndRecv() Thu Apr  9 18:48:52 2026 send socket:9 len:-1
../trading/order_gw/order_gateway.cpp:32 run() Thu Apr  9 18:48:52 2026 Sending client id: 5, seq: 650 MEClientRequest  [  Type: CANCEL Client: 5 Ticker: 3 Order id : 5264 Side: SELL Qty: 93 Price: 177 ] .
../low-latency-components/tcp_socket.h:108 sendAndRecv() Thu Apr  9 18:48:52 2026 send socket:9 len:-1
../trading/order_gw/order_gateway.cpp:32 run() Thu Apr  9 18:48:52 2026 Sending client id: 5, seq: 651 MEClientRequest  [  Type: NEW Client: 5 Ticker: 3 Order id : 5325 Side: BUY Qty: 49 Price: 181 ] .
../low-latency-components/tcp_socket.h:108 sendAndRecv() Thu Apr  9 18:48:52 2026 send socket:9 len:-1
../trading/order_gw/order_gateway.cpp:32 run() Thu Apr  9 18:48:52 2026 Sending client id: 5, seq: 652 MEClientRequest  [  Type: CANCEL Client: 5 Ticker: 3 Order id : 5284 Side: SELL Qty: 25 Price: 180 ] .
../low-latency-components/tcp_socket.h:108 sendAndRecv() Thu Apr  9 18:48:52 2026 send socket:9 len:-1
../trading/order_gw/order_gateway.cpp:32 run() Thu Apr  9 18:48:52 2026 Sending client id: 5, seq: 653 MEClientRequest  [  Type: NEW Client: 5 Ticker: 0 Order id : 5326 Side: BUY Qty: 64 Price: 183 ] .
../low-latency-components/tcp_socket.h:108 sendAndRecv() Thu Apr  9 18:48:52 2026 send socket:9 len:-1
../trading/order_gw/order_gateway.cpp:32 run() Thu Apr  9 18:48:52 2026 Sending client id: 5, seq: 654 MEClientRequest  [  Type: CANCEL Client: 5 Ticker: 3 Order id : 5051 Side: SELL Qty: 83 Price: 176 ] .
../low-latency-components/tcp_socket.h:108 sendAndRecv() Thu Apr  9 18:48:52 2026 send socket:9 len:-1
../trading/order_gw/order_gateway.cpp:32 run() Thu Apr  9 18:48:52 2026 Sending client id: 5, seq: 655 MEClientRequest  [  Type: NEW Client: 5 Ticker: 3 Order id : 5327 Side: BUY Qty: 62 Price: 177 ] .
../low-latency-components/tcp_socket.h:108 sendAndRecv() Thu Apr  9 18:48:52 2026 send socket:9 len:-1
../trading/order_gw/order_gateway.cpp:32 run() Thu Apr  9 18:48:52 2026 Sending client id: 5, seq: 656 MEClientRequest  [  Type: CANCEL Client: 5 Ticker: 0 Order id : 5258 Side: SELL Qty: 57 Price: 183 ] .
../low-latency-components/tcp_socket.h:108 sendAndRecv() Thu Apr  9 18:48:52 2026 send socket:9 len:-1
../trading/order_gw/order_gateway.cpp:32 run() Thu Apr  9 18:48:52 2026 Sending client id: 5, seq: 657 MEClientRequest  [  Type: NEW Client: 5 Ticker: 1 Order id : 5328 Side: SELL Qty: 20 Price: 166 ] .
../low-latency-components/tcp_socket.h:108 sendAndRecv() Thu Apr  9 18:48:52 2026 send socket:9 len:-1
../trading/order_gw/order_gateway.cpp:32 run() Thu Apr  9 18:48:52 2026 Sending client id: 5, seq: 658 MEClientRequest  [  Type: CANCEL Client: 5 Ticker: 3 Order id : 5293 Side: BUY Qty: 36 Price: 182 ] .
../low-latency-components/tcp_socket.h:108 sendAndRecv() Thu Apr  9 18:48:52 2026 send socket:9 len:-1
../trading/order_gw/order_gateway.cpp:32 run() Thu Apr  9 18:48:53 2026 Sending client id: 5, seq: 659 MEClientRequest  [  Type: NEW Client: 5 Ticker: 1 Order id : 5329 Side: BUY Qty: 15 Price: 168 ] .
../low-latency-components/tcp_socket.h:108 sendAndRecv() Thu Apr  9 18:48:53 2026 send socket:9 len:-1
../trading/order_gw/order_gateway.cpp:32 run() Thu Apr  9 18:48:53 2026 Sending client id: 5, seq: 660 MEClientRequest  [  Type: CANCEL Client: 5 Ticker: 0 Order id : 5313 Side: SELL Qty: 15 Price: 181 ] .
../low-latency-components/tcp_socket.h:108 sendAndRecv() Thu Apr  9 18:48:53 2026 send socket:9 len:-1
../trading/order_gw/order_gateway.cpp:32 run() Thu Apr  9 18:48:53 2026 Sending client id: 5, seq: 661 MEClientRequest  [  Type: NEW Client: 5 Ticker: 0 Order id : 5330 Side: SELL Qty: 71 Price: 179 ] .
../low-latency-components/tcp_socket.h:108 sendAndRecv() Thu Apr  9 18:48:53 2026 send socket:9 len:-1
../trading/order_gw/order_gateway.cpp:32 run() Thu Apr  9 18:48:53 2026 Sending client id: 5, seq: 662 MEClientRequest  [  Type: CANCEL Client: 5 Ticker: 0 Order id : 5066 Side: BUY Qty: 5 Price: 178 ] .
../low-latency-components/tcp_socket.h:108 sendAndRecv() Thu Apr  9 18:48:53 2026 send socket:9 len:-1
../trading/order_gw/order_gateway.cpp:32 run() Thu Apr  9 18:48:53 2026 Sending client id: 5, seq: 663 MEClientRequest  [  Type: NEW Client: 5 Ticker: 3 Order id : 5331 Side: BUY Qty: 64 Price: 176 ] .
../low-latency-components/tcp_socket.h:108 sendAndRecv() Thu Apr  9 18:48:53 2026 send socket:9 len:-1
../trading/order_gw/order_gateway.cpp:32 run() Thu Apr  9 18:48:53 2026 Sending client id: 5, seq: 664 MEClientRequest  [  Type: CANCEL Client: 5 Ticker: 0 Order id : 5010 Side: BUY Qty: 87 Price: 179 ] .
../low-latency-components/tcp_socket.h:108 sendAndRecv() Thu Apr  9 18:48:53 2026 send socket:9 len:-1
../trading/order_gw/order_gateway.cpp:32 run() Thu Apr  9 18:48:53 2026 Sending client id: 5, seq: 665 MEClientRequest  [  Type: NEW Client: 5 Ticker: 0 Order id : 5332 Side: SELL Qty: 67 Price: 179 ] .
../low-latency-components/tcp_socket.h:108 sendAndRecv() Thu Apr  9 18:48:53 2026 send socket:9 len:-1
../trading/order_gw/order_gateway.cpp:32 run() Thu Apr  9 18:48:53 2026 Sending client id: 5, seq: 666 MEClientRequest  [  Type: CANCEL Client: 5 Ticker: 3 Order id : 5317 Side: SELL Qty: 60 Price: 178 ] .
../low-latency-components/tcp_socket.h:108 sendAndRecv() Thu Apr  9 18:48:53 2026 send socket:9 len:-1
../trading/order_gw/order_gateway.cpp:32 run() Thu Apr  9 18:48:53 2026 Sending client id: 5, seq: 667 MEClientRequest  [  Type: NEW Client: 5 Ticker: 0 Order id : 5333 Side: SELL Qty: 25 Price: 184 ] .
../low-latency-components/tcp_socket.h:108 sendAndRecv() Thu Apr  9 18:48:53 2026 send socket:9 len:-1
../trading/order_gw/order_gateway.cpp:32 run() Thu Apr  9 18:48:53 2026 Sending client id: 5, seq: 668 MEClientRequest  [  Type: CANCEL Client: 5 Ticker: 0 Order id : 5267 Side: SELL Qty: 5 Price: 182 ] .
../low-latency-components/tcp_socket.h:108 sendAndRecv() Thu Apr  9 18:48:53 2026 send socket:9 len:-1
../trading/order_gw/order_gateway.cpp:32 run() Thu Apr  9 18:48:54 2026 Sending client id: 5, seq: 669 MEClientRequest  [  Type: NEW Client: 5 Ticker: 1 Order id : 5334 Side: SELL Qty: 83 Price: 169 ] .
../low-latency-components/tcp_socket.h:108 sendAndRecv() Thu Apr  9 18:48:54 2026 send socket:9 len:-1
../trading/order_gw/order_gateway.cpp:32 run() Thu Apr  9 18:48:54 2026 Sending client id: 5, seq: 670 MEClientRequest  [  Type: CANCEL Client: 5 Ticker: 3 Order id : 5296 Side: SELL Qty: 101 Price: 173 ] .
../low-latency-components/tcp_socket.h:108 sendAndRecv() Thu Apr  9 18:48:54 2026 send socket:9 len:-1
../trading/order_gw/order_gateway.cpp:32 run() Thu Apr  9 18:48:54 2026 Sending client id: 5, seq: 671 MEClientRequest  [  Type: NEW Client: 5 Ticker: 0 Order id : 5335 Side: BUY Qty: 82 Price: 177 ] .
../low-latency-components/tcp_socket.h:108 sendAndRecv() Thu Apr  9 18:48:54 2026 send socket:9 len:-1
../trading/order_gw/order_gateway.cpp:32 run() Thu Apr  9 18:48:54 2026 Sending client id: 5, seq: 672 MEClientRequest  [  Type: CANCEL Client: 5 Ticker: 1 Order id : 5097 Side: BUY Qty: 22 Price: 174 ] .
../low-latency-components/tcp_socket.h:108 sendAndRecv() Thu Apr  9 18:48:54 2026 send socket:9 len:-1
../trading/order_gw/order_gateway.cpp:32 run() Thu Apr  9 18:48:54 2026 Sending client id: 5, seq: 673 MEClientRequest  [  Type: NEW Client: 5 Ticker: 3 Order id : 5336 Side: SELL Qty: 22 Price: 180 ] .
../low-latency-components/tcp_socket.h:108 sendAndRecv() Thu Apr  9 18:48:54 2026 send socket:9 len:-1
../trading/order_gw/order_gateway.cpp:32 run() Thu Apr  9 18:48:54 2026 Sending client id: 5, seq: 674 MEClientRequest  [  Type: CANCEL Client: 5 Ticker: 0 Order id : 5181 Side: SELL Qty: 8 Price: 179 ] .
../low-latency-components/tcp_socket.h:108 sendAndRecv() Thu Apr  9 18:48:54 2026 send socket:9 len:-1
../trading/order_gw/order_gateway.cpp:32 run() Thu Apr  9 18:48:54 2026 Sending client id: 5, seq: 675 MEClientRequest  [  Type: NEW Client: 5 Ticker: 2 Order id : 5337 Side: BUY Qty: 54 Price: 119 ] .
../low-latency-components/tcp_socket.h:108 sendAndRecv() Thu Apr  9 18:48:54 2026 send socket:9 len:-1
../trading/order_gw/order_gateway.cpp:32 run() Thu Apr  9 18:48:54 2026 Sending client id: 5, seq: 676 MEClientRequest  [  Type: CANCEL Client: 5 Ticker: 3 Order id : 5049 Side: SELL Qty: 82 Price: 181 ] .
../low-latency-components/tcp_socket.h:108 sendAndRecv() Thu Apr  9 18:48:54 2026 send socket:9 len:-1
../trading/order_gw/order_gateway.cpp:32 run() Thu Apr  9 18:48:54 2026 Sending client id: 5, seq: 677 MEClientRequest  [  Type: NEW Client: 5 Ticker: 3 Order id : 5338 Side: SELL Qty: 96 Price: 174 ] .
../low-latency-components/tcp_socket.h:108 sendAndRecv() Thu Apr  9 18:48:54 2026 send socket:9 len:-1
../trading/order_gw/order_gateway.cpp:32 run() Thu Apr  9 18:48:54 2026 Sending client id: 5, seq: 678 MEClientRequest  [  Type: CANCEL Client: 5 Ticker: 1 Order id : 5255 Side: BUY Qty: 23 Price: 171 ] .
../low-latency-components/tcp_socket.h:108 sendAndRecv() Thu Apr  9 18:48:54 2026 send socket:9 len:-1
../trading/order_gw/order_gateway.cpp:32 run() Thu Apr  9 18:48:55 2026 Sending client id: 5, seq: 679 MEClientRequest  [  Type: NEW Client: 5 Ticker: 3 Order id : 5339 Side: BUY Qty: 32 Price: 181 ] .
../low-latency-components/tcp_socket.h:108 sendAndRecv() Thu Apr  9 18:48:55 2026 send socket:9 len:-1
../trading/order_gw/order_gateway.cpp:32 run() Thu Apr  9 18:48:55 2026 Sending client id: 5, seq: 680 MEClientRequest  [  Type: CANCEL Client: 5 Ticker: 1 Order id : 5320 Side: BUY Qty: 27 Price: 168 ] .
../low-latency-components/tcp_socket.h:108 sendAndRecv() Thu Apr  9 18:48:55 2026 send socket:9 len:-1
../trading/order_gw/order_gateway.cpp:32 run() Thu Apr  9 18:48:55 2026 Sending client id: 5, seq: 681 MEClientRequest  [  Type: NEW Client: 5 Ticker: 3 Order id : 5340 Side: SELL Qty: 56 Price: 173 ] .
../low-latency-components/tcp_socket.h:108 sendAndRecv() Thu Apr  9 18:48:55 2026 send socket:9 len:-1
../trading/order_gw/order_gateway.cpp:32 run() Thu Apr  9 18:48:55 2026 Sending client id: 5, seq: 682 MEClientRequest  [  Type: CANCEL Client: 5 Ticker: 2 Order id : 5271 Side: BUY Qty: 76 Price: 113 ] .
../low-latency-components/tcp_socket.h:108 sendAndRecv() Thu Apr  9 18:48:55 2026 send socket:9 len:-1
../trading/order_gw/order_gateway.cpp:32 run() Thu Apr  9 18:48:55 2026 Sending client id: 5, seq: 683 MEClientRequest  [  Type: NEW Client: 5 Ticker: 2 Order id : 5341 Side: SELL Qty: 64 Price: 115 ] .
../low-latency-components/tcp_socket.h:108 sendAndRecv() Thu Apr  9 18:48:55 2026 send socket:9 len:-1
../trading/order_gw/order_gateway.cpp:32 run() Thu Apr  9 18:48:55 2026 Sending client id: 5, seq: 684 MEClientRequest  [  Type: CANCEL Client: 5 Ticker: 1 Order id : 5047 Side: SELL Qty: 10 Price: 167 ] .
../low-latency-components/tcp_socket.h:108 sendAndRecv() Thu Apr  9 18:48:55 2026 send socket:9 len:-1
../trading/order_gw/order_gateway.cpp:32 run() Thu Apr  9 18:48:55 2026 Sending client id: 5, seq: 685 MEClientRequest  [  Type: NEW Client: 5 Ticker: 3 Order id : 5342 Side: BUY Qty: 69 Price: 178 ] .
../low-latency-components/tcp_socket.h:108 sendAndRecv() Thu Apr  9 18:48:55 2026 send socket:9 len:-1
../trading/order_gw/order_gateway.cpp:32 run() Thu Apr  9 18:48:55 2026 Sending client id: 5, seq: 686 MEClientRequest  [  Type: CANCEL Client: 5 Ticker: 2 Order id : 5064 Side: BUY Qty: 87 Price: 117 ] .
../low-latency-components/tcp_socket.h:108 sendAndRecv() Thu Apr  9 18:48:55 2026 send socket:9 len:-1
../trading/order_gw/order_gateway.cpp:32 run() Thu Apr  9 18:48:55 2026 Sending client id: 5, seq: 687 MEClientRequest  [  Type: NEW Client: 5 Ticker: 2 Order id : 5343 Side: BUY Qty: 92 Price: 116 ] .
../low-latency-components/tcp_socket.h:108 sendAndRecv() Thu Apr  9 18:48:55 2026 send socket:9 len:-1
../trading/order_gw/order_gateway.cpp:32 run() Thu Apr  9 18:48:55 2026 Sending client id: 5, seq: 688 MEClientRequest  [  Type: CANCEL Client: 5 Ticker: 0 Order id : 5202 Side: SELL Qty: 31 Price: 185 ] .
../low-latency-components/tcp_socket.h:108 sendAndRecv() Thu Apr  9 18:48:55 2026 send socket:9 len:-1
../trading/order_gw/order_gateway.cpp:32 run() Thu Apr  9 18:48:56 2026 Sending client id: 5, seq: 689 MEClientRequest  [  Type: NEW Client: 5 Ticker: 1 Order id : 5344 Side: BUY Qty: 50 Price: 168 ] .
../low-latency-components/tcp_socket.h:108 sendAndRecv() Thu Apr  9 18:48:56 2026 send socket:9 len:-1
../trading/order_gw/order_gateway.cpp:32 run() Thu Apr  9 18:48:56 2026 Sending client id: 5, seq: 690 MEClientRequest  [  Type: CANCEL Client: 5 Ticker: 2 Order id : 5017 Side: BUY Qty: 54 Price: 119 ] .
../low-latency-components/tcp_socket.h:108 sendAndRecv() Thu Apr  9 18:48:56 2026 send socket:9 len:-1
../trading/order_gw/order_gateway.cpp:32 run() Thu Apr  9 18:48:56 2026 Sending client id: 5, seq: 691 MEClientRequest  [  Type: NEW Client: 5 Ticker: 0 Order id : 5345 Side: SELL Qty: 53 Price: 179 ] .
../low-latency-components/tcp_socket.h:108 sendAndRecv() Thu Apr  9 18:48:56 2026 send socket:9 len:-1
../trading/order_gw/order_gateway.cpp:32 run() Thu Apr  9 18:48:56 2026 Sending client id: 5, seq: 692 MEClientRequest  [  Type: CANCEL Client: 5 Ticker: 3 Order id : 5028 Side: BUY Qty: 37 Price: 180 ] .
../low-latency-components/tcp_socket.h:108 sendAndRecv() Thu Apr  9 18:48:56 2026 send socket:9 len:-1
../trading/order_gw/order_gateway.cpp:32 run() Thu Apr  9 18:48:56 2026 Sending client id: 5, seq: 693 MEClientRequest  [  Type: NEW Client: 5 Ticker: 3 Order id : 5346 Side: BUY Qty: 96 Price: 176 ] .
../low-latency-components/tcp_socket.h:108 sendAndRecv() Thu Apr  9 18:48:56 2026 send socket:9 len:-1
../trading/order_gw/order_gateway.cpp:32 run() Thu Apr  9 18:48:56 2026 Sending client id: 5, seq: 694 MEClientRequest  [  Type: CANCEL Client: 5 Ticker: 1 Order id : 5243 Side: SELL Qty: 61 Price: 166 ] .
../low-latency-components/tcp_socket.h:108 sendAndRecv() Thu Apr  9 18:48:56 2026 send socket:9 len:-1
../trading/order_gw/order_gateway.cpp:32 run() Thu Apr  9 18:48:56 2026 Sending client id: 5, seq: 695 MEClientRequest  [  Type: NEW Client: 5 Ticker: 3 Order id : 5347 Side: BUY Qty: 23 Price: 182 ] .
../low-latency-components/tcp_socket.h:108 sendAndRecv() Thu Apr  9 18:48:56 2026 send socket:9 len:-1
../trading/order_gw/order_gateway.cpp:32 run() Thu Apr  9 18:48:56 2026 Sending client id: 5, seq: 696 MEClientRequest  [  Type: CANCEL Client: 5 Ticker: 3 Order id : 5213 Side: SELL Qty: 19 Price: 174 ] .
../low-latency-components/tcp_socket.h:108 sendAndRecv() Thu Apr  9 18:48:56 2026 send socket:9 len:-1
../trading/order_gw/order_gateway.cpp:32 run() Thu Apr  9 18:48:56 2026 Sending client id: 5, seq: 697 MEClientRequest  [  Type: NEW Client: 5 Ticker: 2 Order id : 5348 Side: BUY Qty: 89 Price: 117 ] .
../low-latency-components/tcp_socket.h:108 sendAndRecv() Thu Apr  9 18:48:56 2026 send socket:9 len:-1
../trading/order_gw/order_gateway.cpp:32 run() Thu Apr  9 18:48:56 2026 Sending client id: 5, seq: 698 MEClientRequest  [  Type: CANCEL Client: 5 Ticker: 3 Order id : 5137 Side: SELL Qty: 47 Price: 179 ] .
../low-latency-components/tcp_socket.h:108 sendAndRecv() Thu Apr  9 18:48:56 2026 send socket:9 len:-1
../trading/order_gw/order_gateway.cpp:32 run() Thu Apr  9 18:48:57 2026 Sending client id: 5, seq: 699 MEClientRequest  [  Type: NEW Client: 5 Ticker: 1 Order id : 5349 Side: BUY Qty: 34 Price: 172 ] .
../low-latency-components/tcp_socket.h:108 sendAndRecv() Thu Apr  9 18:48:57 2026 send socket:9 len:-1
../trading/order_gw/order_gateway.cpp:32 run() Thu Apr  9 18:48:57 2026 Sending client id: 5, seq: 700 MEClientRequest  [  Type: CANCEL Client: 5 Ticker: 3 Order id : 5137 Side: SELL Qty: 47 Price: 179 ] .
../low-latency-components/tcp_socket.h:108 sendAndRecv() Thu Apr  9 18:48:57 2026 send socket:9 len:-1
../trading/order_gw/order_gateway.cpp:32 run() Thu Apr  9 18:48:57 2026 Sending client id: 5, seq: 701 MEClientRequest  [  Type: NEW Client: 5 Ticker: 3 Order id : 5350 Side: BUY Qty: 63 Price: 175 ] .
../low-latency-components/tcp_socket.h:108 sendAndRecv() Thu Apr  9 18:48:57 2026 send socket:9 len:-1
../trading/order_gw/order_gateway.cpp:32 run() Thu Apr  9 18:48:57 2026 Sending client id: 5, seq: 702 MEClientRequest  [  Type: CANCEL Client: 5 Ticker: 1 Order id : 5178 Side: SELL Qty: 87 Price: 173 ] .
../low-latency-components/tcp_socket.h:108 sendAndRecv() Thu Apr  9 18:48:57 2026 send socket:9 len:-1
../trading/order_gw/order_gateway.cpp:32 run() Thu Apr  9 18:48:57 2026 Sending client id: 5, seq: 703 MEClientRequest  [  Type: NEW Client: 5 Ticker: 3 Order id : 5351 Side: SELL Qty: 48 Price: 182 ] .
../low-latency-components/tcp_socket.h:108 sendAndRecv() Thu Apr  9 18:48:57 2026 send socket:9 len:-1
../trading/order_gw/order_gateway.cpp:32 run() Thu Apr  9 18:48:57 2026 Sending client id: 5, seq: 704 MEClientRequest  [  Type: CANCEL Client: 5 Ticker: 1 Order id : 5061 Side: BUY Qty: 54 Price: 173 ] .
../low-latency-components/tcp_socket.h:108 sendAndRecv() Thu Apr  9 18:48:57 2026 send socket:9 len:-1
../trading/order_gw/order_gateway.cpp:32 run() Thu Apr  9 18:48:57 2026 Sending client id: 5, seq: 705 MEClientRequest  [  Type: NEW Client: 5 Ticker: 0 Order id : 5352 Side: BUY Qty: 96 Price: 176 ] .
../low-latency-components/tcp_socket.h:108 sendAndRecv() Thu Apr  9 18:48:57 2026 send socket:9 len:-1
../trading/order_gw/order_gateway.cpp:32 run() Thu Apr  9 18:48:57 2026 Sending client id: 5, seq: 706 MEClientRequest  [  Type: CANCEL Client: 5 Ticker: 0 Order id : 5219 Side: BUY Qty: 57 Price: 178 ] .
../low-latency-components/tcp_socket.h:108 sendAndRecv() Thu Apr  9 18:48:57 2026 send socket:9 len:-1
../trading/order_gw/order_gateway.cpp:32 run() Thu Apr  9 18:48:57 2026 Sending client id: 5, seq: 707 MEClientRequest  [  Type: NEW Client: 5 Ticker: 3 Order id : 5353 Side: SELL Qty: 69 Price: 177 ] .
../low-latency-components/tcp_socket.h:108 sendAndRecv() Thu Apr  9 18:48:57 2026 send socket:9 len:-1
../trading/order_gw/order_gateway.cpp:32 run() Thu Apr  9 18:48:57 2026 Sending client id: 5, seq: 708 MEClientRequest  [  Type: CANCEL Client: 5 Ticker: 1 Order id : 5229 Side: BUY Qty: 86 Price: 172 ] .
../low-latency-components/tcp_socket.h:108 sendAndRecv() Thu Apr  9 18:48:57 2026 send socket:9 len:-1
../trading/order_gw/order_gateway.cpp:32 run() Thu Apr  9 18:48:58 2026 Sending client id: 5, seq: 709 MEClientRequest  [  Type: NEW Client: 5 Ticker: 0 Order id : 5354 Side: BUY Qty: 81 Price: 184 ] .
../low-latency-components/tcp_socket.h:108 sendAndRecv() Thu Apr  9 18:48:58 2026 send socket:9 len:-1
../trading/order_gw/order_gateway.cpp:32 run() Thu Apr  9 18:48:58 2026 Sending client id: 5, seq: 710 MEClientRequest  [  Type: CANCEL Client: 5 Ticker: 2 Order id : 5118 Side: BUY Qty: 18 Price: 115 ] .
../low-latency-components/tcp_socket.h:108 sendAndRecv() Thu Apr  9 18:48:58 2026 send socket:9 len:-1
../trading/order_gw/order_gateway.cpp:32 run() Thu Apr  9 18:48:58 2026 Sending client id: 5, seq: 711 MEClientRequest  [  Type: NEW Client: 5 Ticker: 2 Order id : 5355 Side: SELL Qty: 78 Price: 117 ] .
../low-latency-components/tcp_socket.h:108 sendAndRecv() Thu Apr  9 18:48:58 2026 send socket:9 len:-1
../trading/order_gw/order_gateway.cpp:32 run() Thu Apr  9 18:48:58 2026 Sending client id: 5, seq: 712 MEClientRequest  [  Type: CANCEL Client: 5 Ticker: 0 Order id : 5267 Side: SELL Qty: 5 Price: 182 ] .
../low-latency-components/tcp_socket.h:108 sendAndRecv() Thu Apr  9 18:48:58 2026 send socket:9 len:-1
../trading/order_gw/order_gateway.cpp:32 run() Thu Apr  9 18:48:58 2026 Sending client id: 5, seq: 713 MEClientRequest  [  Type: NEW Client: 5 Ticker: 3 Order id : 5356 Side: SELL Qty: 61 Price: 174 ] .
../low-latency-components/tcp_socket.h:108 sendAndRecv() Thu Apr  9 18:48:58 2026 send socket:9 len:-1
../trading/order_gw/order_gateway.cpp:32 run() Thu Apr  9 18:48:58 2026 Sending client id: 5, seq: 714 MEClientRequest  [  Type: CANCEL Client: 5 Ticker: 2 Order id : 5131 Side: BUY Qty: 68 Price: 119 ] .
../low-latency-components/tcp_socket.h:108 sendAndRecv() Thu Apr  9 18:48:58 2026 send socket:9 len:-1
../trading/order_gw/order_gateway.cpp:32 run() Thu Apr  9 18:48:58 2026 Sending client id: 5, seq: 715 MEClientRequest  [  Type: NEW Client: 5 Ticker: 3 Order id : 5357 Side: BUY Qty: 13 Price: 174 ] .
../low-latency-components/tcp_socket.h:108 sendAndRecv() Thu Apr  9 18:48:58 2026 send socket:9 len:-1
../trading/order_gw/order_gateway.cpp:32 run() Thu Apr  9 18:48:58 2026 Sending client id: 5, seq: 716 MEClientRequest  [  Type: CANCEL Client: 5 Ticker: 1 Order id : 5026 Side: BUY Qty: 3 Price: 167 ] .
../low-latency-components/tcp_socket.h:108 sendAndRecv() Thu Apr  9 18:48:58 2026 send socket:9 len:-1
../trading/order_gw/order_gateway.cpp:32 run() Thu Apr  9 18:48:58 2026 Sending client id: 5, seq: 717 MEClientRequest  [  Type: NEW Client: 5 Ticker: 0 Order id : 5358 Side: SELL Qty: 62 Price: 178 ] .
../low-latency-components/tcp_socket.h:108 sendAndRecv() Thu Apr  9 18:48:58 2026 send socket:9 len:-1
../trading/order_gw/order_gateway.cpp:32 run() Thu Apr  9 18:48:58 2026 Sending client id: 5, seq: 718 MEClientRequest  [  Type: CANCEL Client: 5 Ticker: 0 Order id : 5052 Side: SELL Qty: 75 Price: 185 ] .
../low-latency-components/tcp_socket.h:108 sendAndRecv() Thu Apr  9 18:48:58 2026 send socket:9 len:-1
../trading/order_gw/order_gateway.cpp:32 run() Thu Apr  9 18:48:59 2026 Sending client id: 5, seq: 719 MEClientRequest  [  Type: NEW Client: 5 Ticker: 3 Order id : 5359 Side: SELL Qty: 97 Price: 174 ] .
../low-latency-components/tcp_socket.h:108 sendAndRecv() Thu Apr  9 18:48:59 2026 send socket:9 len:-1
../trading/order_gw/order_gateway.cpp:32 run() Thu Apr  9 18:48:59 2026 Sending client id: 5, seq: 720 MEClientRequest  [  Type: CANCEL Client: 5 Ticker: 0 Order id : 5277 Side: SELL Qty: 59 Price: 177 ] .
../low-latency-components/tcp_socket.h:108 sendAndRecv() Thu Apr  9 18:48:59 2026 send socket:9 len:-1
../trading/order_gw/order_gateway.cpp:32 run() Thu Apr  9 18:48:59 2026 Sending client id: 5, seq: 721 MEClientRequest  [  Type: NEW Client: 5 Ticker: 2 Order id : 5360 Side: BUY Qty: 18 Price: 116 ] .
../low-latency-components/tcp_socket.h:108 sendAndRecv() Thu Apr  9 18:48:59 2026 send socket:9 len:-1
../trading/order_gw/order_gateway.cpp:32 run() Thu Apr  9 18:48:59 2026 Sending client id: 5, seq: 722 MEClientRequest  [  Type: CANCEL Client: 5 Ticker: 0 Order id : 5060 Side: BUY Qty: 66 Price: 185 ] .
../low-latency-components/tcp_socket.h:108 sendAndRecv() Thu Apr  9 18:48:59 2026 send socket:9 len:-1
../trading/order_gw/order_gateway.cpp:32 run() Thu Apr  9 18:48:59 2026 Sending client id: 5, seq: 723 MEClientRequest  [  Type: NEW Client: 5 Ticker: 0 Order id : 5361 Side: SELL Qty: 13 Price: 181 ] .
../low-latency-components/tcp_socket.h:108 sendAndRecv() Thu Apr  9 18:48:59 2026 send socket:9 len:-1
../trading/order_gw/order_gateway.cpp:32 run() Thu Apr  9 18:48:59 2026 Sending client id: 5, seq: 724 MEClientRequest  [  Type: CANCEL Client: 5 Ticker: 3 Order id : 5327 Side: BUY Qty: 62 Price: 177 ] .
../low-latency-components/tcp_socket.h:108 sendAndRecv() Thu Apr  9 18:48:59 2026 send socket:9 len:-1
../trading/order_gw/order_gateway.cpp:32 run() Thu Apr  9 18:48:59 2026 Sending client id: 5, seq: 725 MEClientRequest  [  Type: NEW Client: 5 Ticker: 2 Order id : 5362 Side: SELL Qty: 29 Price: 112 ] .
../low-latency-components/tcp_socket.h:108 sendAndRecv() Thu Apr  9 18:48:59 2026 send socket:9 len:-1
../trading/order_gw/order_gateway.cpp:32 run() Thu Apr  9 18:48:59 2026 Sending client id: 5, seq: 726 MEClientRequest  [  Type: CANCEL Client: 5 Ticker: 2 Order id : 5113 Side: BUY Qty: 13 Price: 115 ] .
../low-latency-components/tcp_socket.h:108 sendAndRecv() Thu Apr  9 18:48:59 2026 send socket:9 len:-1
../trading/order_gw/order_gateway.cpp:32 run() Thu Apr  9 18:48:59 2026 Sending client id: 5, seq: 727 MEClientRequest  [  Type: NEW Client: 5 Ticker: 3 Order id : 5363 Side: BUY Qty: 84 Price: 178 ] .
../low-latency-components/tcp_socket.h:108 sendAndRecv() Thu Apr  9 18:48:59 2026 send socket:9 len:-1
../trading/order_gw/order_gateway.cpp:32 run() Thu Apr  9 18:48:59 2026 Sending client id: 5, seq: 728 MEClientRequest  [  Type: CANCEL Client: 5 Ticker: 2 Order id : 5286 Side: SELL Qty: 80 Price: 112 ] .
../low-latency-components/tcp_socket.h:108 sendAndRecv() Thu Apr  9 18:48:59 2026 send socket:9 len:-1
../trading/order_gw/order_gateway.cpp:32 run() Thu Apr  9 18:49:00 2026 Sending client id: 5, seq: 729 MEClientRequest  [  Type: NEW Client: 5 Ticker: 0 Order id : 5364 Side: SELL Qty: 30 Price: 181 ] .
../low-latency-components/tcp_socket.h:108 sendAndRecv() Thu Apr  9 18:49:00 2026 send socket:9 len:-1
../trading/order_gw/order_gateway.cpp:32 run() Thu Apr  9 18:49:00 2026 Sending client id: 5, seq: 730 MEClientRequest  [  Type: CANCEL Client: 5 Ticker: 0 Order id : 5139 Side: BUY Qty: 70 Price: 182 ] .
../low-latency-components/tcp_socket.h:108 sendAndRecv() Thu Apr  9 18:49:00 2026 send socket:9 len:-1
../trading/order_gw/order_gateway.cpp:32 run() Thu Apr  9 18:49:00 2026 Sending client id: 5, seq: 731 MEClientRequest  [  Type: NEW Client: 5 Ticker: 1 Order id : 5365 Side: SELL Qty: 97 Price: 168 ] .
../low-latency-components/tcp_socket.h:108 sendAndRecv() Thu Apr  9 18:49:00 2026 send socket:9 len:-1
../trading/order_gw/order_gateway.cpp:32 run() Thu Apr  9 18:49:00 2026 Sending client id: 5, seq: 732 MEClientRequest  [  Type: CANCEL Client: 5 Ticker: 0 Order id : 5010 Side: BUY Qty: 87 Price: 179 ] .
../low-latency-components/tcp_socket.h:108 sendAndRecv() Thu Apr  9 18:49:00 2026 send socket:9 len:-1
../trading/order_gw/order_gateway.cpp:32 run() Thu Apr  9 18:49:00 2026 Sending client id: 5, seq: 733 MEClientRequest  [  Type: NEW Client: 5 Ticker: 1 Order id : 5366 Side: BUY Qty: 59 Price: 172 ] .
../low-latency-components/tcp_socket.h:108 sendAndRecv() Thu Apr  9 18:49:00 2026 send socket:9 len:-1
../trading/order_gw/order_gateway.cpp:32 run() Thu Apr  9 18:49:00 2026 Sending client id: 5, seq: 734 MEClientRequest  [  Type: CANCEL Client: 5 Ticker: 2 Order id : 5235 Side: SELL Qty: 44 Price: 115 ] .
../low-latency-components/tcp_socket.h:108 sendAndRecv() Thu Apr  9 18:49:00 2026 send socket:9 len:-1
../trading/order_gw/order_gateway.cpp:32 run() Thu Apr  9 18:49:00 2026 Sending client id: 5, seq: 735 MEClientRequest  [  Type: NEW Client: 5 Ticker: 0 Order id : 5367 Side: BUY Qty: 32 Price: 177 ] .
../low-latency-components/tcp_socket.h:108 sendAndRecv() Thu Apr  9 18:49:00 2026 send socket:9 len:-1
../trading/order_gw/order_gateway.cpp:32 run() Thu Apr  9 18:49:00 2026 Sending client id: 5, seq: 736 MEClientRequest  [  Type: CANCEL Client: 5 Ticker: 1 Order id : 5349 Side: BUY Qty: 34 Price: 172 ] .
../low-latency-components/tcp_socket.h:108 sendAndRecv() Thu Apr  9 18:49:00 2026 send socket:9 len:-1
../trading/order_gw/order_gateway.cpp:32 run() Thu Apr  9 18:49:00 2026 Sending client id: 5, seq: 737 MEClientRequest  [  Type: NEW Client: 5 Ticker: 0 Order id : 5368 Side: BUY Qty: 30 Price: 181 ] .
../low-latency-components/tcp_socket.h:108 sendAndRecv() Thu Apr  9 18:49:00 2026 send socket:9 len:-1
../trading/order_gw/order_gateway.cpp:32 run() Thu Apr  9 18:49:00 2026 Sending client id: 5, seq: 738 MEClientRequest  [  Type: CANCEL Client: 5 Ticker: 1 Order id : 5144 Side: SELL Qty: 61 Price: 167 ] .
../low-latency-components/tcp_socket.h:108 sendAndRecv() Thu Apr  9 18:49:00 2026 send socket:9 len:-1
../trading/order_gw/order_gateway.cpp:32 run() Thu Apr  9 18:49:01 2026 Sending client id: 5, seq: 739 MEClientRequest  [  Type: NEW Client: 5 Ticker: 3 Order id : 5369 Side: BUY Qty: 26 Price: 179 ] .
../low-latency-components/tcp_socket.h:108 sendAndRecv() Thu Apr  9 18:49:01 2026 send socket:9 len:-1
../trading/order_gw/order_gateway.cpp:32 run() Thu Apr  9 18:49:01 2026 Sending client id: 5, seq: 740 MEClientRequest  [  Type: CANCEL Client: 5 Ticker: 1 Order id : 5199 Side: SELL Qty: 55 Price: 175 ] .
../low-latency-components/tcp_socket.h:108 sendAndRecv() Thu Apr  9 18:49:01 2026 send socket:9 len:-1
../trading/order_gw/order_gateway.cpp:32 run() Thu Apr  9 18:49:01 2026 Sending client id: 5, seq: 741 MEClientRequest  [  Type: NEW Client: 5 Ticker: 3 Order id : 5370 Side: BUY Qty: 67 Price: 181 ] .
../low-latency-components/tcp_socket.h:108 sendAndRecv() Thu Apr  9 18:49:01 2026 send socket:9 len:-1
../trading/order_gw/order_gateway.cpp:32 run() Thu Apr  9 18:49:01 2026 Sending client id: 5, seq: 742 MEClientRequest  [  Type: CANCEL Client: 5 Ticker: 1 Order id : 5061 Side: BUY Qty: 54 Price: 173 ] .
../low-latency-components/tcp_socket.h:108 sendAndRecv() Thu Apr  9 18:49:01 2026 send socket:9 len:-1
../trading/order_gw/order_gateway.cpp:32 run() Thu Apr  9 18:49:01 2026 Sending client id: 5, seq: 743 MEClientRequest  [  Type: NEW Client: 5 Ticker: 3 Order id : 5371 Side: SELL Qty: 60 Price: 174 ] .
../low-latency-components/tcp_socket.h:108 sendAndRecv() Thu Apr  9 18:49:01 2026 send socket:9 len:-1
../trading/order_gw/order_gateway.cpp:32 run() Thu Apr  9 18:49:01 2026 Sending client id: 5, seq: 744 MEClientRequest  [  Type: CANCEL Client: 5 Ticker: 2 Order id : 5225 Side: BUY Qty: 7 Price: 117 ] .
../low-latency-components/tcp_socket.h:108 sendAndRecv() Thu Apr  9 18:49:01 2026 send socket:9 len:-1
../trading/order_gw/order_gateway.cpp:32 run() Thu Apr  9 18:49:01 2026 Sending client id: 5, seq: 745 MEClientRequest  [  Type: NEW Client: 5 Ticker: 1 Order id : 5372 Side: SELL Qty: 18 Price: 169 ] .
../low-latency-components/tcp_socket.h:108 sendAndRecv() Thu Apr  9 18:49:01 2026 send socket:9 len:-1
../trading/order_gw/order_gateway.cpp:32 run() Thu Apr  9 18:49:01 2026 Sending client id: 5, seq: 746 MEClientRequest  [  Type: CANCEL Client: 5 Ticker: 3 Order id : 5203 Side: SELL Qty: 20 Price: 182 ] .
../low-latency-components/tcp_socket.h:108 sendAndRecv() Thu Apr  9 18:49:01 2026 send socket:9 len:-1
../trading/order_gw/order_gateway.cpp:32 run() Thu Apr  9 18:49:01 2026 Sending client id: 5, seq: 747 MEClientRequest  [  Type: NEW Client: 5 Ticker: 3 Order id : 5373 Side: SELL Qty: 59 Price: 181 ] .
../low-latency-components/tcp_socket.h:108 sendAndRecv() Thu Apr  9 18:49:01 2026 send socket:9 len:-1
../trading/order_gw/order_gateway.cpp:32 run() Thu Apr  9 18:49:01 2026 Sending client id: 5, seq: 748 MEClientRequest  [  Type: CANCEL Client: 5 Ticker: 1 Order id : 5065 Side: SELL Qty: 38 Price: 174 ] .
../low-latency-components/tcp_socket.h:108 sendAndRecv() Thu Apr  9 18:49:01 2026 send socket:9 len:-1
../trading/order_gw/order_gateway.cpp:32 run() Thu Apr  9 18:49:02 2026 Sending client id: 5, seq: 749 MEClientRequest  [  Type: NEW Client: 5 Ticker: 2 Order id : 5374 Side: SELL Qty: 53 Price: 113 ] .
../low-latency-components/tcp_socket.h:108 sendAndRecv() Thu Apr  9 18:49:02 2026 send socket:9 len:-1
../trading/order_gw/order_gateway.cpp:32 run() Thu Apr  9 18:49:02 2026 Sending client id: 5, seq: 750 MEClientRequest  [  Type: CANCEL Client: 5 Ticker: 2 Order id : 5041 Side: BUY Qty: 50 Price: 117 ] .
../low-latency-components/tcp_socket.h:108 sendAndRecv() Thu Apr  9 18:49:02 2026 send socket:9 len:-1
../trading/order_gw/order_gateway.cpp:32 run() Thu Apr  9 18:49:02 2026 Sending client id: 5, seq: 751 MEClientRequest  [  Type: NEW Client: 5 Ticker: 2 Order id : 5375 Side: BUY Qty: 69 Price: 116 ] .
../low-latency-components/tcp_socket.h:108 sendAndRecv() Thu Apr  9 18:49:02 2026 send socket:9 len:-1
../trading/order_gw/order_gateway.cpp:32 run() Thu Apr  9 18:49:02 2026 Sending client id: 5, seq: 752 MEClientRequest  [  Type: CANCEL Client: 5 Ticker: 3 Order id : 5167 Side: BUY Qty: 29 Price: 180 ] .
../low-latency-components/tcp_socket.h:108 sendAndRecv() Thu Apr  9 18:49:02 2026 send socket:9 len:-1
../trading/order_gw/order_gateway.cpp:32 run() Thu Apr  9 18:49:02 2026 Sending client id: 5, seq: 753 MEClientRequest  [  Type: NEW Client: 5 Ticker: 1 Order id : 5376 Side: SELL Qty: 83 Price: 172 ] .
../low-latency-components/tcp_socket.h:108 sendAndRecv() Thu Apr  9 18:49:02 2026 send socket:9 len:-1
../trading/order_gw/order_gateway.cpp:32 run() Thu Apr  9 18:49:02 2026 Sending client id: 5, seq: 754 MEClientRequest  [  Type: CANCEL Client: 5 Ticker: 3 Order id : 5351 Side: SELL Qty: 48 Price: 182 ] .
../low-latency-components/tcp_socket.h:108 sendAndRecv() Thu Apr  9 18:49:02 2026 send socket:9 len:-1
../trading/order_gw/order_gateway.cpp:32 run() Thu Apr  9 18:49:02 2026 Sending client id: 5, seq: 755 MEClientRequest  [  Type: NEW Client: 5 Ticker: 3 Order id : 5377 Side: SELL Qty: 72 Price: 178 ] .
../low-latency-components/tcp_socket.h:108 sendAndRecv() Thu Apr  9 18:49:02 2026 send socket:9 len:-1
../trading/order_gw/order_gateway.cpp:32 run() Thu Apr  9 18:49:02 2026 Sending client id: 5, seq: 756 MEClientRequest  [  Type: CANCEL Client: 5 Ticker: 3 Order id : 5359 Side: SELL Qty: 97 Price: 174 ] .
../low-latency-components/tcp_socket.h:108 sendAndRecv() Thu Apr  9 18:49:02 2026 send socket:9 len:-1
../trading/order_gw/order_gateway.cpp:32 run() Thu Apr  9 18:49:02 2026 Sending client id: 5, seq: 757 MEClientRequest  [  Type: NEW Client: 5 Ticker: 0 Order id : 5378 Side: SELL Qty: 57 Price: 179 ] .
../low-latency-components/tcp_socket.h:108 sendAndRecv() Thu Apr  9 18:49:02 2026 send socket:9 len:-1
../trading/order_gw/order_gateway.cpp:32 run() Thu Apr  9 18:49:02 2026 Sending client id: 5, seq: 758 MEClientRequest  [  Type: CANCEL Client: 5 Ticker: 1 Order id : 5302 Side: BUY Qty: 34 Price: 175 ] .
../low-latency-components/tcp_socket.h:108 sendAndRecv() Thu Apr  9 18:49:02 2026 send socket:9 len:-1
../trading/order_gw/order_gateway.cpp:32 run() Thu Apr  9 18:49:03 2026 Sending client id: 5, seq: 759 MEClientRequest  [  Type: NEW Client: 5 Ticker: 3 Order id : 5379 Side: BUY Qty: 2 Price: 176 ] .
../low-latency-components/tcp_socket.h:108 sendAndRecv() Thu Apr  9 18:49:03 2026 send socket:9 len:-1
../trading/order_gw/order_gateway.cpp:32 run() Thu Apr  9 18:49:03 2026 Sending client id: 5, seq: 760 MEClientRequest  [  Type: CANCEL Client: 5 Ticker: 2 Order id : 5257 Side: BUY Qty: 51 Price: 114 ] .
../low-latency-components/tcp_socket.h:108 sendAndRecv() Thu Apr  9 18:49:03 2026 send socket:9 len:-1
../trading/order_gw/order_gateway.cpp:32 run() Thu Apr  9 18:49:03 2026 Sending client id: 5, seq: 761 MEClientRequest  [  Type: NEW Client: 5 Ticker: 1 Order id : 5380 Side: SELL Qty: 53 Price: 175 ] .
../low-latency-components/tcp_socket.h:108 sendAndRecv() Thu Apr  9 18:49:03 2026 send socket:9 len:-1
../trading/order_gw/order_gateway.cpp:32 run() Thu Apr  9 18:49:03 2026 Sending client id: 5, seq: 762 MEClientRequest  [  Type: CANCEL Client: 5 Ticker: 0 Order id : 5238 Side: BUY Qty: 36 Price: 177 ] .
../low-latency-components/tcp_socket.h:108 sendAndRecv() Thu Apr  9 18:49:03 2026 send socket:9 len:-1
../trading/order_gw/order_gateway.cpp:32 run() Thu Apr  9 18:49:03 2026 Sending client id: 5, seq: 763 MEClientRequest  [  Type: NEW Client: 5 Ticker: 0 Order id : 5381 Side: SELL Qty: 13 Price: 185 ] .
../low-latency-components/tcp_socket.h:108 sendAndRecv() Thu Apr  9 18:49:03 2026 send socket:9 len:-1
../trading/order_gw/order_gateway.cpp:32 run() Thu Apr  9 18:49:03 2026 Sending client id: 5, seq: 764 MEClientRequest  [  Type: CANCEL Client: 5 Ticker: 0 Order id : 5080 Side: BUY Qty: 41 Price: 183 ] .
../low-latency-components/tcp_socket.h:108 sendAndRecv() Thu Apr  9 18:49:03 2026 send socket:9 len:-1
../trading/order_gw/order_gateway.cpp:32 run() Thu Apr  9 18:49:03 2026 Sending client id: 5, seq: 765 MEClientRequest  [  Type: NEW Client: 5 Ticker: 2 Order id : 5382 Side: BUY Qty: 34 Price: 112 ] .
../low-latency-components/tcp_socket.h:108 sendAndRecv() Thu Apr  9 18:49:03 2026 send socket:9 len:-1
../trading/order_gw/order_gateway.cpp:32 run() Thu Apr  9 18:49:03 2026 Sending client id: 5, seq: 766 MEClientRequest  [  Type: CANCEL Client: 5 Ticker: 0 Order id : 5184 Side: BUY Qty: 95 Price: 181 ] .
../low-latency-components/tcp_socket.h:108 sendAndRecv() Thu Apr  9 18:49:03 2026 send socket:9 len:-1
../trading/order_gw/order_gateway.cpp:32 run() Thu Apr  9 18:49:03 2026 Sending client id: 5, seq: 767 MEClientRequest  [  Type: NEW Client: 5 Ticker: 1 Order id : 5383 Side: SELL Qty: 22 Price: 169 ] .
../low-latency-components/tcp_socket.h:108 sendAndRecv() Thu Apr  9 18:49:03 2026 send socket:9 len:-1
../trading/order_gw/order_gateway.cpp:32 run() Thu Apr  9 18:49:04 2026 Sending client id: 5, seq: 768 MEClientRequest  [  Type: CANCEL Client: 5 Ticker: 0 Order id : 5201 Side: SELL Qty: 52 Price: 185 ] .
../low-latency-components/tcp_socket.h:108 sendAndRecv() Thu Apr  9 18:49:04 2026 send socket:9 len:-1
../trading/order_gw/order_gateway.cpp:32 run() Thu Apr  9 18:49:04 2026 Sending client id: 5, seq: 769 MEClientRequest  [  Type: NEW Client: 5 Ticker: 3 Order id : 5384 Side: SELL Qty: 86 Price: 177 ] .
../low-latency-components/tcp_socket.h:108 sendAndRecv() Thu Apr  9 18:49:04 2026 send socket:9 len:-1
../trading/order_gw/order_gateway.cpp:32 run() Thu Apr  9 18:49:04 2026 Sending client id: 5, seq: 770 MEClientRequest  [  Type: CANCEL Client: 5 Ticker: 0 Order id : 5219 Side: BUY Qty: 57 Price: 178 ] .
../low-latency-components/tcp_socket.h:108 sendAndRecv() Thu Apr  9 18:49:04 2026 send socket:9 len:-1
../trading/order_gw/order_gateway.cpp:32 run() Thu Apr  9 18:49:04 2026 Sending client id: 5, seq: 771 MEClientRequest  [  Type: NEW Client: 5 Ticker: 1 Order id : 5385 Side: BUY Qty: 9 Price: 172 ] .
../low-latency-components/tcp_socket.h:108 sendAndRecv() Thu Apr  9 18:49:04 2026 send socket:9 len:-1
../trading/order_gw/order_gateway.cpp:32 run() Thu Apr  9 18:49:04 2026 Sending client id: 5, seq: 772 MEClientRequest  [  Type: CANCEL Client: 5 Ticker: 0 Order id : 5077 Side: SELL Qty: 73 Price: 185 ] .
../low-latency-components/tcp_socket.h:108 sendAndRecv() Thu Apr  9 18:49:04 2026 send socket:9 len:-1
../trading/order_gw/order_gateway.cpp:32 run() Thu Apr  9 18:49:04 2026 Sending client id: 5, seq: 773 MEClientRequest  [  Type: NEW Client: 5 Ticker: 1 Order id : 5386 Side: SELL Qty: 80 Price: 169 ] .
../low-latency-components/tcp_socket.h:108 sendAndRecv() Thu Apr  9 18:49:04 2026 send socket:9 len:-1
../trading/order_gw/order_gateway.cpp:32 run() Thu Apr  9 18:49:04 2026 Sending client id: 5, seq: 774 MEClientRequest  [  Type: CANCEL Client: 5 Ticker: 1 Order id : 5178 Side: SELL Qty: 87 Price: 173 ] .
../low-latency-components/tcp_socket.h:108 sendAndRecv() Thu Apr  9 18:49:04 2026 send socket:9 len:-1
../trading/order_gw/order_gateway.cpp:32 run() Thu Apr  9 18:49:04 2026 Sending client id: 5, seq: 775 MEClientRequest  [  Type: NEW Client: 5 Ticker: 0 Order id : 5387 Side: SELL Qty: 12 Price: 181 ] .
../low-latency-components/tcp_socket.h:108 sendAndRecv() Thu Apr  9 18:49:04 2026 send socket:9 len:-1
../trading/order_gw/order_gateway.cpp:32 run() Thu Apr  9 18:49:04 2026 Sending client id: 5, seq: 776 MEClientRequest  [  Type: CANCEL Client: 5 Ticker: 3 Order id : 5265 Side: SELL Qty: 15 Price: 176 ] .
../low-latency-components/tcp_socket.h:108 sendAndRecv() Thu Apr  9 18:49:04 2026 send socket:9 len:-1
../trading/order_gw/order_gateway.cpp:32 run() Thu Apr  9 18:49:04 2026 Sending client id: 5, seq: 777 MEClientRequest  [  Type: NEW Client: 5 Ticker: 0 Order id : 5388 Side: SELL Qty: 80 Price: 178 ] .
../low-latency-components/tcp_socket.h:108 sendAndRecv() Thu Apr  9 18:49:04 2026 send socket:9 len:-1
../trading/order_gw/order_gateway.cpp:32 run() Thu Apr  9 18:49:05 2026 Sending client id: 5, seq: 778 MEClientRequest  [  Type: CANCEL Client: 5 Ticker: 3 Order id : 5203 Side: SELL Qty: 20 Price: 182 ] .
../low-latency-components/tcp_socket.h:108 sendAndRecv() Thu Apr  9 18:49:05 2026 send socket:9 len:-1
../trading/order_gw/order_gateway.cpp:32 run() Thu Apr  9 18:49:05 2026 Sending client id: 5, seq: 779 MEClientRequest  [  Type: NEW Client: 5 Ticker: 1 Order id : 5389 Side: BUY Qty: 15 Price: 166 ] .
../low-latency-components/tcp_socket.h:108 sendAndRecv() Thu Apr  9 18:49:05 2026 send socket:9 len:-1
../trading/order_gw/order_gateway.cpp:32 run() Thu Apr  9 18:49:05 2026 Sending client id: 5, seq: 780 MEClientRequest  [  Type: CANCEL Client: 5 Ticker: 1 Order id : 5162 Side: SELL Qty: 94 Price: 166 ] .
../low-latency-components/tcp_socket.h:108 sendAndRecv() Thu Apr  9 18:49:05 2026 send socket:9 len:-1
../trading/order_gw/order_gateway.cpp:32 run() Thu Apr  9 18:49:05 2026 Sending client id: 5, seq: 781 MEClientRequest  [  Type: NEW Client: 5 Ticker: 2 Order id : 5390 Side: SELL Qty: 80 Price: 113 ] .
../low-latency-components/tcp_socket.h:108 sendAndRecv() Thu Apr  9 18:49:05 2026 send socket:9 len:-1
../trading/order_gw/order_gateway.cpp:32 run() Thu Apr  9 18:49:05 2026 Sending client id: 5, seq: 782 MEClientRequest  [  Type: CANCEL Client: 5 Ticker: 0 Order id : 5238 Side: BUY Qty: 36 Price: 177 ] .
../low-latency-components/tcp_socket.h:108 sendAndRecv() Thu Apr  9 18:49:05 2026 send socket:9 len:-1
../trading/order_gw/order_gateway.cpp:32 run() Thu Apr  9 18:49:05 2026 Sending client id: 5, seq: 783 MEClientRequest  [  Type: NEW Client: 5 Ticker: 2 Order id : 5391 Side: BUY Qty: 91 Price: 112 ] .
../low-latency-components/tcp_socket.h:108 sendAndRecv() Thu Apr  9 18:49:05 2026 send socket:9 len:-1
../trading/order_gw/order_gateway.cpp:32 run() Thu Apr  9 18:49:05 2026 Sending client id: 5, seq: 784 MEClientRequest  [  Type: CANCEL Client: 5 Ticker: 2 Order id : 5177 Side: SELL Qty: 32 Price: 113 ] .
../low-latency-components/tcp_socket.h:108 sendAndRecv() Thu Apr  9 18:49:05 2026 send socket:9 len:-1
../trading/order_gw/order_gateway.cpp:32 run() Thu Apr  9 18:49:05 2026 Sending client id: 5, seq: 785 MEClientRequest  [  Type: NEW Client: 5 Ticker: 0 Order id : 5392 Side: SELL Qty: 6 Price: 176 ] .
../low-latency-components/tcp_socket.h:108 sendAndRecv() Thu Apr  9 18:49:05 2026 send socket:9 len:-1
../trading/order_gw/order_gateway.cpp:32 run() Thu Apr  9 18:49:05 2026 Sending client id: 5, seq: 786 MEClientRequest  [  Type: CANCEL Client: 5 Ticker: 3 Order id : 5190 Side: SELL Qty: 100 Price: 179 ] .
../low-latency-components/tcp_socket.h:108 sendAndRecv() Thu Apr  9 18:49:05 2026 send socket:9 len:-1
../trading/order_gw/order_gateway.cpp:32 run() Thu Apr  9 18:49:05 2026 Sending client id: 5, seq: 787 MEClientRequest  [  Type: NEW Client: 5 Ticker: 3 Order id : 5393 Side: SELL Qty: 70 Price: 178 ] .
../low-latency-components/tcp_socket.h:108 sendAndRecv() Thu Apr  9 18:49:05 2026 send socket:9 len:-1
../trading/order_gw/order_gateway.cpp:32 run() Thu Apr  9 18:49:06 2026 Sending client id: 5, seq: 788 MEClientRequest  [  Type: CANCEL Client: 5 Ticker: 3 Order id : 5301 Side: BUY Qty: 3 Price: 174 ] .
../low-latency-components/tcp_socket.h:108 sendAndRecv() Thu Apr  9 18:49:06 2026 send socket:9 len:-1
../trading/order_gw/order_gateway.cpp:32 run() Thu Apr  9 18:49:06 2026 Sending client id: 5, seq: 789 MEClientRequest  [  Type: NEW Client: 5 Ticker: 1 Order id : 5394 Side: BUY Qty: 39 Price: 172 ] .
../low-latency-components/tcp_socket.h:108 sendAndRecv() Thu Apr  9 18:49:06 2026 send socket:9 len:-1
../trading/order_gw/order_gateway.cpp:32 run() Thu Apr  9 18:49:06 2026 Sending client id: 5, seq: 790 MEClientRequest  [  Type: CANCEL Client: 5 Ticker: 2 Order id : 5187 Side: SELL Qty: 2 Price: 114 ] .
../low-latency-components/tcp_socket.h:108 sendAndRecv() Thu Apr  9 18:49:06 2026 send socket:9 len:-1
../trading/order_gw/order_gateway.cpp:32 run() Thu Apr  9 18:49:06 2026 Sending client id: 5, seq: 791 MEClientRequest  [  Type: NEW Client: 5 Ticker: 3 Order id : 5395 Side: SELL Qty: 11 Price: 175 ] .
../low-latency-components/tcp_socket.h:108 sendAndRecv() Thu Apr  9 18:49:06 2026 send socket:9 len:-1
../trading/order_gw/order_gateway.cpp:32 run() Thu Apr  9 18:49:06 2026 Sending client id: 5, seq: 792 MEClientRequest  [  Type: CANCEL Client: 5 Ticker: 1 Order id : 5097 Side: BUY Qty: 22 Price: 174 ] .
../low-latency-components/tcp_socket.h:108 sendAndRecv() Thu Apr  9 18:49:06 2026 send socket:9 len:-1
../trading/order_gw/order_gateway.cpp:32 run() Thu Apr  9 18:49:06 2026 Sending client id: 5, seq: 793 MEClientRequest  [  Type: NEW Client: 5 Ticker: 3 Order id : 5396 Side: BUY Qty: 23 Price: 177 ] .
../low-latency-components/tcp_socket.h:108 sendAndRecv() Thu Apr  9 18:49:06 2026 send socket:9 len:-1
../trading/order_gw/order_gateway.cpp:32 run() Thu Apr  9 18:49:06 2026 Sending client id: 5, seq: 794 MEClientRequest  [  Type: CANCEL Client: 5 Ticker: 2 Order id : 5063 Side: SELL Qty: 81 Price: 116 ] .
../low-latency-components/tcp_socket.h:108 sendAndRecv() Thu Apr  9 18:49:06 2026 send socket:9 len:-1
../trading/order_gw/order_gateway.cpp:32 run() Thu Apr  9 18:49:06 2026 Sending client id: 5, seq: 795 MEClientRequest  [  Type: NEW Client: 5 Ticker: 0 Order id : 5397 Side: BUY Qty: 38 Price: 181 ] .
../low-latency-components/tcp_socket.h:108 sendAndRecv() Thu Apr  9 18:49:06 2026 send socket:9 len:-1
../trading/order_gw/order_gateway.cpp:32 run() Thu Apr  9 18:49:06 2026 Sending client id: 5, seq: 796 MEClientRequest  [  Type: CANCEL Client: 5 Ticker: 3 Order id : 5004 Side: BUY Qty: 85 Price: 173 ] .
../low-latency-components/tcp_socket.h:108 sendAndRecv() Thu Apr  9 18:49:06 2026 send socket:9 len:-1
../trading/order_gw/order_gateway.cpp:32 run() Thu Apr  9 18:49:06 2026 Sending client id: 5, seq: 797 MEClientRequest  [  Type: NEW Client: 5 Ticker: 1 Order id : 5398 Side: BUY Qty: 81 Price: 173 ] .
../low-latency-components/tcp_socket.h:108 sendAndRecv() Thu Apr  9 18:49:06 2026 send socket:9 len:-1
../trading/order_gw/order_gateway.cpp:32 run() Thu Apr  9 18:49:07 2026 Sending client id: 5, seq: 798 MEClientRequest  [  Type: CANCEL Client: 5 Ticker: 3 Order id : 5377 Side: SELL Qty: 72 Price: 178 ] .
../low-latency-components/tcp_socket.h:108 sendAndRecv() Thu Apr  9 18:49:07 2026 send socket:9 len:-1
../trading/order_gw/order_gateway.cpp:32 run() Thu Apr  9 18:49:07 2026 Sending client id: 5, seq: 799 MEClientRequest  [  Type: NEW Client: 5 Ticker: 2 Order id : 5399 Side: SELL Qty: 57 Price: 111 ] .
../low-latency-components/tcp_socket.h:108 sendAndRecv() Thu Apr  9 18:49:07 2026 send socket:9 len:-1
../trading/order_gw/order_gateway.cpp:32 run() Thu Apr  9 18:49:07 2026 Sending client id: 5, seq: 800 MEClientRequest  [  Type: CANCEL Client: 5 Ticker: 1 Order id : 5062 Side: BUY Qty: 73 Price: 171 ] .
../low-latency-components/tcp_socket.h:108 sendAndRecv() Thu Apr  9 18:49:07 2026 send socket:9 len:-1
../trading/order_gw/order_gateway.cpp:32 run() Thu Apr  9 18:49:07 2026 Sending client id: 5, seq: 801 MEClientRequest  [  Type: NEW Client: 5 Ticker: 2 Order id : 5400 Side: BUY Qty: 3 Price: 118 ] .
../low-latency-components/tcp_socket.h:108 sendAndRecv() Thu Apr  9 18:49:07 2026 send socket:9 len:-1
../trading/order_gw/order_gateway.cpp:32 run() Thu Apr  9 18:49:07 2026 Sending client id: 5, seq: 802 MEClientRequest  [  Type: CANCEL Client: 5 Ticker: 2 Order id : 5227 Side: BUY Qty: 44 Price: 118 ] .
../low-latency-components/tcp_socket.h:108 sendAndRecv() Thu Apr  9 18:49:07 2026 send socket:9 len:-1
../trading/order_gw/order_gateway.cpp:32 run() Thu Apr  9 18:49:07 2026 Sending client id: 5, seq: 803 MEClientRequest  [  Type: NEW Client: 5 Ticker: 0 Order id : 5401 Side: BUY Qty: 88 Price: 183 ] .
../low-latency-components/tcp_socket.h:108 sendAndRecv() Thu Apr  9 18:49:07 2026 send socket:9 len:-1
../trading/order_gw/order_gateway.cpp:32 run() Thu Apr  9 18:49:07 2026 Sending client id: 5, seq: 804 MEClientRequest  [  Type: CANCEL Client: 5 Ticker: 3 Order id : 5027 Side: BUY Qty: 23 Price: 177 ] .
../low-latency-components/tcp_socket.h:108 sendAndRecv() Thu Apr  9 18:49:07 2026 send socket:9 len:-1
../trading/order_gw/order_gateway.cpp:32 run() Thu Apr  9 18:49:07 2026 Sending client id: 5, seq: 805 MEClientRequest  [  Type: NEW Client: 5 Ticker: 3 Order id : 5402 Side: SELL Qty: 28 Price: 175 ] .
../low-latency-components/tcp_socket.h:108 sendAndRecv() Thu Apr  9 18:49:07 2026 send socket:9 len:-1
../trading/order_gw/order_gateway.cpp:32 run() Thu Apr  9 18:49:07 2026 Sending client id: 5, seq: 806 MEClientRequest  [  Type: CANCEL Client: 5 Ticker: 0 Order id : 5154 Side: SELL Qty: 42 Price: 183 ] .
../low-latency-components/tcp_socket.h:108 sendAndRecv() Thu Apr  9 18:49:07 2026 send socket:9 len:-1
../trading/order_gw/order_gateway.cpp:32 run() Thu Apr  9 18:49:07 2026 Sending client id: 5, seq: 807 MEClientRequest  [  Type: NEW Client: 5 Ticker: 2 Order id : 5403 Side: SELL Qty: 10 Price: 116 ] .
../low-latency-components/tcp_socket.h:108 sendAndRecv() Thu Apr  9 18:49:07 2026 send socket:9 len:-1
../trading/order_gw/order_gateway.cpp:32 run() Thu Apr  9 18:49:08 2026 Sending client id: 5, seq: 808 MEClientRequest  [  Type: CANCEL Client: 5 Ticker: 0 Order id : 5246 Side: BUY Qty: 58 Price: 184 ] .
../low-latency-components/tcp_socket.h:108 sendAndRecv() Thu Apr  9 18:49:08 2026 send socket:9 len:-1
../trading/order_gw/order_gateway.cpp:32 run() Thu Apr  9 18:49:08 2026 Sending client id: 5, seq: 809 MEClientRequest  [  Type: NEW Client: 5 Ticker: 0 Order id : 5404 Side: BUY Qty: 14 Price: 179 ] .
../low-latency-components/tcp_socket.h:108 sendAndRecv() Thu Apr  9 18:49:08 2026 send socket:9 len:-1
../trading/order_gw/order_gateway.cpp:32 run() Thu Apr  9 18:49:08 2026 Sending client id: 5, seq: 810 MEClientRequest  [  Type: CANCEL Client: 5 Ticker: 1 Order id : 5321 Side: BUY Qty: 61 Price: 171 ] .
../low-latency-components/tcp_socket.h:108 sendAndRecv() Thu Apr  9 18:49:08 2026 send socket:9 len:-1
../trading/order_gw/order_gateway.cpp:32 run() Thu Apr  9 18:49:08 2026 Sending client id: 5, seq: 811 MEClientRequest  [  Type: NEW Client: 5 Ticker: 0 Order id : 5405 Side: BUY Qty: 91 Price: 177 ] .
../low-latency-components/tcp_socket.h:108 sendAndRecv() Thu Apr  9 18:49:08 2026 send socket:9 len:-1
../trading/order_gw/order_gateway.cpp:32 run() Thu Apr  9 18:49:08 2026 Sending client id: 5, seq: 812 MEClientRequest  [  Type: CANCEL Client: 5 Ticker: 2 Order id : 5251 Side: SELL Qty: 47 Price: 112 ] .
../low-latency-components/tcp_socket.h:108 sendAndRecv() Thu Apr  9 18:49:08 2026 send socket:9 len:-1
../trading/order_gw/order_gateway.cpp:32 run() Thu Apr  9 18:49:08 2026 Sending client id: 5, seq: 813 MEClientRequest  [  Type: NEW Client: 5 Ticker: 3 Order id : 5406 Side: SELL Qty: 24 Price: 182 ] .
../low-latency-components/tcp_socket.h:108 sendAndRecv() Thu Apr  9 18:49:08 2026 send socket:9 len:-1
../trading/order_gw/order_gateway.cpp:32 run() Thu Apr  9 18:49:08 2026 Sending client id: 5, seq: 814 MEClientRequest  [  Type: CANCEL Client: 5 Ticker: 3 Order id : 5393 Side: SELL Qty: 70 Price: 178 ] .
../low-latency-components/tcp_socket.h:108 sendAndRecv() Thu Apr  9 18:49:08 2026 send socket:9 len:-1
../trading/order_gw/order_gateway.cpp:32 run() Thu Apr  9 18:49:08 2026 Sending client id: 5, seq: 815 MEClientRequest  [  Type: NEW Client: 5 Ticker: 0 Order id : 5407 Side: SELL Qty: 69 Price: 180 ] .
../low-latency-components/tcp_socket.h:108 sendAndRecv() Thu Apr  9 18:49:08 2026 send socket:9 len:-1
../trading/order_gw/order_gateway.cpp:32 run() Thu Apr  9 18:49:08 2026 Sending client id: 5, seq: 816 MEClientRequest  [  Type: CANCEL Client: 5 Ticker: 3 Order id : 5253 Side: SELL Qty: 12 Price: 179 ] .
../low-latency-components/tcp_socket.h:108 sendAndRecv() Thu Apr  9 18:49:08 2026 send socket:9 len:-1
../trading/order_gw/order_gateway.cpp:32 run() Thu Apr  9 18:49:08 2026 Sending client id: 5, seq: 817 MEClientRequest  [  Type: NEW Client: 5 Ticker: 3 Order id : 5408 Side: BUY Qty: 67 Price: 174 ] .
../low-latency-components/tcp_socket.h:108 sendAndRecv() Thu Apr  9 18:49:08 2026 send socket:9 len:-1
../trading/order_gw/order_gateway.cpp:32 run() Thu Apr  9 18:49:09 2026 Sending client id: 5, seq: 818 MEClientRequest  [  Type: CANCEL Client: 5 Ticker: 2 Order id : 5257 Side: BUY Qty: 51 Price: 114 ] .
../low-latency-components/tcp_socket.h:108 sendAndRecv() Thu Apr  9 18:49:09 2026 send socket:9 len:-1
../trading/order_gw/order_gateway.cpp:32 run() Thu Apr  9 18:49:09 2026 Sending client id: 5, seq: 819 MEClientRequest  [  Type: NEW Client: 5 Ticker: 2 Order id : 5409 Side: SELL Qty: 81 Price: 120 ] .
../low-latency-components/tcp_socket.h:108 sendAndRecv() Thu Apr  9 18:49:09 2026 send socket:9 len:-1
../trading/order_gw/order_gateway.cpp:32 run() Thu Apr  9 18:49:09 2026 Sending client id: 5, seq: 820 MEClientRequest  [  Type: CANCEL Client: 5 Ticker: 3 Order id : 5336 Side: SELL Qty: 22 Price: 180 ] .
../low-latency-components/tcp_socket.h:108 sendAndRecv() Thu Apr  9 18:49:09 2026 send socket:9 len:-1
../trading/order_gw/order_gateway.cpp:32 run() Thu Apr  9 18:49:09 2026 Sending client id: 5, seq: 821 MEClientRequest  [  Type: NEW Client: 5 Ticker: 1 Order id : 5410 Side: BUY Qty: 43 Price: 175 ] .
../low-latency-components/tcp_socket.h:108 sendAndRecv() Thu Apr  9 18:49:09 2026 send socket:9 len:-1
../trading/order_gw/order_gateway.cpp:32 run() Thu Apr  9 18:49:09 2026 Sending client id: 5, seq: 822 MEClientRequest  [  Type: CANCEL Client: 5 Ticker: 3 Order id : 5284 Side: SELL Qty: 25 Price: 180 ] .
../low-latency-components/tcp_socket.h:108 sendAndRecv() Thu Apr  9 18:49:09 2026 send socket:9 len:-1
../trading/order_gw/order_gateway.cpp:32 run() Thu Apr  9 18:49:09 2026 Sending client id: 5, seq: 823 MEClientRequest  [  Type: NEW Client: 5 Ticker: 2 Order id : 5411 Side: BUY Qty: 74 Price: 120 ] .
../low-latency-components/tcp_socket.h:108 sendAndRecv() Thu Apr  9 18:49:09 2026 send socket:9 len:-1
../trading/order_gw/order_gateway.cpp:32 run() Thu Apr  9 18:49:09 2026 Sending client id: 5, seq: 824 MEClientRequest  [  Type: CANCEL Client: 5 Ticker: 3 Order id : 5048 Side: SELL Qty: 8 Price: 182 ] .
../low-latency-components/tcp_socket.h:108 sendAndRecv() Thu Apr  9 18:49:09 2026 send socket:9 len:-1
../trading/order_gw/order_gateway.cpp:32 run() Thu Apr  9 18:49:09 2026 Sending client id: 5, seq: 825 MEClientRequest  [  Type: NEW Client: 5 Ticker: 3 Order id : 5412 Side: SELL Qty: 91 Price: 175 ] .
../low-latency-components/tcp_socket.h:108 sendAndRecv() Thu Apr  9 18:49:09 2026 send socket:9 len:-1
../trading/order_gw/order_gateway.cpp:32 run() Thu Apr  9 18:49:09 2026 Sending client id: 5, seq: 826 MEClientRequest  [  Type: CANCEL Client: 5 Ticker: 3 Order id : 5396 Side: BUY Qty: 23 Price: 177 ] .
../low-latency-components/tcp_socket.h:108 sendAndRecv() Thu Apr  9 18:49:09 2026 send socket:9 len:-1
../trading/order_gw/order_gateway.cpp:32 run() Thu Apr  9 18:49:09 2026 Sending client id: 5, seq: 827 MEClientRequest  [  Type: NEW Client: 5 Ticker: 2 Order id : 5413 Side: BUY Qty: 85 Price: 119 ] .
../low-latency-components/tcp_socket.h:108 sendAndRecv() Thu Apr  9 18:49:09 2026 send socket:9 len:-1
../trading/order_gw/order_gateway.cpp:32 run() Thu Apr  9 18:49:10 2026 Sending client id: 5, seq: 828 MEClientRequest  [  Type: CANCEL Client: 5 Ticker: 0 Order id : 5165 Side: BUY Qty: 39 Price: 184 ] .
../low-latency-components/tcp_socket.h:108 sendAndRecv() Thu Apr  9 18:49:10 2026 send socket:9 len:-1
../trading/order_gw/order_gateway.cpp:32 run() Thu Apr  9 18:49:10 2026 Sending client id: 5, seq: 829 MEClientRequest  [  Type: NEW Client: 5 Ticker: 1 Order id : 5414 Side: SELL Qty: 48 Price: 166 ] .
../low-latency-components/tcp_socket.h:108 sendAndRecv() Thu Apr  9 18:49:10 2026 send socket:9 len:-1
../trading/order_gw/order_gateway.cpp:32 run() Thu Apr  9 18:49:10 2026 Sending client id: 5, seq: 830 MEClientRequest  [  Type: CANCEL Client: 5 Ticker: 3 Order id : 5254 Side: BUY Qty: 51 Price: 173 ] .
../low-latency-components/tcp_socket.h:108 sendAndRecv() Thu Apr  9 18:49:10 2026 send socket:9 len:-1
../trading/order_gw/order_gateway.cpp:32 run() Thu Apr  9 18:49:10 2026 Sending client id: 5, seq: 831 MEClientRequest  [  Type: NEW Client: 5 Ticker: 0 Order id : 5415 Side: BUY Qty: 11 Price: 181 ] .
../low-latency-components/tcp_socket.h:108 sendAndRecv() Thu Apr  9 18:49:10 2026 send socket:9 len:-1
../trading/order_gw/order_gateway.cpp:32 run() Thu Apr  9 18:49:10 2026 Sending client id: 5, seq: 832 MEClientRequest  [  Type: CANCEL Client: 5 Ticker: 3 Order id : 5035 Side: SELL Qty: 27 Price: 173 ] .
../low-latency-components/tcp_socket.h:108 sendAndRecv() Thu Apr  9 18:49:10 2026 send socket:9 len:-1
../trading/order_gw/order_gateway.cpp:32 run() Thu Apr  9 18:49:10 2026 Sending client id: 5, seq: 833 MEClientRequest  [  Type: NEW Client: 5 Ticker: 3 Order id : 5416 Side: SELL Qty: 28 Price: 174 ] .
../low-latency-components/tcp_socket.h:108 sendAndRecv() Thu Apr  9 18:49:10 2026 send socket:9 len:-1
../trading/order_gw/order_gateway.cpp:32 run() Thu Apr  9 18:49:10 2026 Sending client id: 5, seq: 834 MEClientRequest  [  Type: CANCEL Client: 5 Ticker: 0 Order id : 5030 Side: SELL Qty: 71 Price: 176 ] .
../low-latency-components/tcp_socket.h:108 sendAndRecv() Thu Apr  9 18:49:10 2026 send socket:9 len:-1
../trading/order_gw/order_gateway.cpp:32 run() Thu Apr  9 18:49:10 2026 Sending client id: 5, seq: 835 MEClientRequest  [  Type: NEW Client: 5 Ticker: 1 Order id : 5417 Side: BUY Qty: 42 Price: 174 ] .
../low-latency-components/tcp_socket.h:108 sendAndRecv() Thu Apr  9 18:49:10 2026 send socket:9 len:-1
../trading/order_gw/order_gateway.cpp:32 run() Thu Apr  9 18:49:10 2026 Sending client id: 5, seq: 836 MEClientRequest  [  Type: CANCEL Client: 5 Ticker: 1 Order id : 5007 Side: BUY Qty: 39 Price: 169 ] .
../low-latency-components/tcp_socket.h:108 sendAndRecv() Thu Apr  9 18:49:10 2026 send socket:9 len:-1
../trading/order_gw/order_gateway.cpp:32 run() Thu Apr  9 18:49:10 2026 Sending client id: 5, seq: 837 MEClientRequest  [  Type: NEW Client: 5 Ticker: 0 Order id : 5418 Side: SELL Qty: 34 Price: 180 ] .
../low-latency-components/tcp_socket.h:108 sendAndRecv() Thu Apr  9 18:49:10 2026 send socket:9 len:-1
../trading/order_gw/order_gateway.cpp:32 run() Thu Apr  9 18:49:11 2026 Sending client id: 5, seq: 838 MEClientRequest  [  Type: CANCEL Client: 5 Ticker: 0 Order id : 5418 Side: SELL Qty: 34 Price: 180 ] .
../low-latency-components/tcp_socket.h:108 sendAndRecv() Thu Apr  9 18:49:11 2026 send socket:9 len:-1
../trading/order_gw/order_gateway.cpp:32 run() Thu Apr  9 18:49:11 2026 Sending client id: 5, seq: 839 MEClientRequest  [  Type: NEW Client: 5 Ticker: 3 Order id : 5419 Side: SELL Qty: 35 Price: 175 ] .
../low-latency-components/tcp_socket.h:108 sendAndRecv() Thu Apr  9 18:49:11 2026 send socket:9 len:-1
../trading/order_gw/order_gateway.cpp:32 run() Thu Apr  9 18:49:11 2026 Sending client id: 5, seq: 840 MEClientRequest  [  Type: CANCEL Client: 5 Ticker: 0 Order id : 5093 Side: SELL Qty: 46 Price: 177 ] .
../low-latency-components/tcp_socket.h:108 sendAndRecv() Thu Apr  9 18:49:11 2026 send socket:9 len:-1
../trading/order_gw/order_gateway.cpp:32 run() Thu Apr  9 18:49:11 2026 Sending client id: 5, seq: 841 MEClientRequest  [  Type: NEW Client: 5 Ticker: 2 Order id : 5420 Side: SELL Qty: 56 Price: 116 ] .
../low-latency-components/tcp_socket.h:108 sendAndRecv() Thu Apr  9 18:49:11 2026 send socket:9 len:-1
../trading/order_gw/order_gateway.cpp:32 run() Thu Apr  9 18:49:11 2026 Sending client id: 5, seq: 842 MEClientRequest  [  Type: CANCEL Client: 5 Ticker: 1 Order id : 5304 Side: BUY Qty: 15 Price: 167 ] .
../low-latency-components/tcp_socket.h:108 sendAndRecv() Thu Apr  9 18:49:11 2026 send socket:9 len:-1
../trading/order_gw/order_gateway.cpp:32 run() Thu Apr  9 18:49:11 2026 Sending client id: 5, seq: 843 MEClientRequest  [  Type: NEW Client: 5 Ticker: 3 Order id : 5421 Side: SELL Qty: 21 Price: 176 ] .
../low-latency-components/tcp_socket.h:108 sendAndRecv() Thu Apr  9 18:49:11 2026 send socket:9 len:-1
../trading/order_gw/order_gateway.cpp:32 run() Thu Apr  9 18:49:11 2026 Sending client id: 5, seq: 844 MEClientRequest  [  Type: CANCEL Client: 5 Ticker: 2 Order id : 5318 Side: BUY Qty: 70 Price: 120 ] .
../low-latency-components/tcp_socket.h:108 sendAndRecv() Thu Apr  9 18:49:11 2026 send socket:9 len:-1
../trading/order_gw/order_gateway.cpp:32 run() Thu Apr  9 18:49:11 2026 Sending client id: 5, seq: 845 MEClientRequest  [  Type: NEW Client: 5 Ticker: 2 Order id : 5422 Side: BUY Qty: 55 Price: 112 ] .
../low-latency-components/tcp_socket.h:108 sendAndRecv() Thu Apr  9 18:49:11 2026 send socket:9 len:-1
../trading/order_gw/order_gateway.cpp:32 run() Thu Apr  9 18:49:11 2026 Sending client id: 5, seq: 846 MEClientRequest  [  Type: CANCEL Client: 5 Ticker: 0 Order id : 5273 Side: BUY Qty: 16 Price: 179 ] .
../low-latency-components/tcp_socket.h:108 sendAndRecv() Thu Apr  9 18:49:11 2026 send socket:9 len:-1
../trading/order_gw/order_gateway.cpp:32 run() Thu Apr  9 18:49:11 2026 Sending client id: 5, seq: 847 MEClientRequest  [  Type: NEW Client: 5 Ticker: 0 Order id : 5423 Side: SELL Qty: 72 Price: 176 ] .
../low-latency-components/tcp_socket.h:108 sendAndRecv() Thu Apr  9 18:49:11 2026 send socket:9 len:-1
../trading/order_gw/order_gateway.cpp:32 run() Thu Apr  9 18:49:12 2026 Sending client id: 5, seq: 848 MEClientRequest  [  Type: CANCEL Client: 5 Ticker: 0 Order id : 5311 Side: SELL Qty: 50 Price: 181 ] .
../low-latency-components/tcp_socket.h:108 sendAndRecv() Thu Apr  9 18:49:12 2026 send socket:9 len:-1
../trading/order_gw/order_gateway.cpp:32 run() Thu Apr  9 18:49:12 2026 Sending client id: 5, seq: 849 MEClientRequest  [  Type: NEW Client: 5 Ticker: 0 Order id : 5424 Side: SELL Qty: 33 Price: 182 ] .
../low-latency-components/tcp_socket.h:108 sendAndRecv() Thu Apr  9 18:49:12 2026 send socket:9 len:-1
../trading/order_gw/order_gateway.cpp:32 run() Thu Apr  9 18:49:12 2026 Sending client id: 5, seq: 850 MEClientRequest  [  Type: CANCEL Client: 5 Ticker: 2 Order id : 5375 Side: BUY Qty: 69 Price: 116 ] .
../low-latency-components/tcp_socket.h:108 sendAndRecv() Thu Apr  9 18:49:12 2026 send socket:9 len:-1
../trading/order_gw/order_gateway.cpp:32 run() Thu Apr  9 18:49:12 2026 Sending client id: 5, seq: 851 MEClientRequest  [  Type: NEW Client: 5 Ticker: 2 Order id : 5425 Side: BUY Qty: 56 Price: 116 ] .
../low-latency-components/tcp_socket.h:108 sendAndRecv() Thu Apr  9 18:49:12 2026 send socket:9 len:-1
../trading/order_gw/order_gateway.cpp:32 run() Thu Apr  9 18:49:12 2026 Sending client id: 5, seq: 852 MEClientRequest  [  Type: CANCEL Client: 5 Ticker: 0 Order id : 5085 Side: SELL Qty: 77 Price: 176 ] .
../low-latency-components/tcp_socket.h:108 sendAndRecv() Thu Apr  9 18:49:12 2026 send socket:9 len:-1
../trading/order_gw/order_gateway.cpp:32 run() Thu Apr  9 18:49:12 2026 Sending client id: 5, seq: 853 MEClientRequest  [  Type: NEW Client: 5 Ticker: 0 Order id : 5426 Side: SELL Qty: 23 Price: 177 ] .
../low-latency-components/tcp_socket.h:108 sendAndRecv() Thu Apr  9 18:49:12 2026 send socket:9 len:-1
../trading/order_gw/order_gateway.cpp:32 run() Thu Apr  9 18:49:12 2026 Sending client id: 5, seq: 854 MEClientRequest  [  Type: CANCEL Client: 5 Ticker: 3 Order id : 5351 Side: SELL Qty: 48 Price: 182 ] .
../low-latency-components/tcp_socket.h:108 sendAndRecv() Thu Apr  9 18:49:12 2026 send socket:9 len:-1
../trading/order_gw/order_gateway.cpp:32 run() Thu Apr  9 18:49:12 2026 Sending client id: 5, seq: 855 MEClientRequest  [  Type: NEW Client: 5 Ticker: 3 Order id : 5427 Side: SELL Qty: 60 Price: 180 ] .
../low-latency-components/tcp_socket.h:108 sendAndRecv() Thu Apr  9 18:49:12 2026 send socket:9 len:-1
../trading/order_gw/order_gateway.cpp:32 run() Thu Apr  9 18:49:12 2026 Sending client id: 5, seq: 856 MEClientRequest  [  Type: CANCEL Client: 5 Ticker: 2 Order id : 5138 Side: SELL Qty: 30 Price: 120 ] .
../low-latency-components/tcp_socket.h:108 sendAndRecv() Thu Apr  9 18:49:12 2026 send socket:9 len:-1
../trading/order_gw/order_gateway.cpp:32 run() Thu Apr  9 18:49:12 2026 Sending client id: 5, seq: 857 MEClientRequest  [  Type: NEW Client: 5 Ticker: 3 Order id : 5428 Side: SELL Qty: 15 Price: 173 ] .
../low-latency-components/tcp_socket.h:108 sendAndRecv() Thu Apr  9 18:49:12 2026 send socket:9 len:-1
../trading/order_gw/order_gateway.cpp:32 run() Thu Apr  9 18:49:13 2026 Sending client id: 5, seq: 858 MEClientRequest  [  Type: CANCEL Client: 5 Ticker: 0 Order id : 5358 Side: SELL Qty: 62 Price: 178 ] .
../low-latency-components/tcp_socket.h:108 sendAndRecv() Thu Apr  9 18:49:13 2026 send socket:9 len:-1
../trading/order_gw/order_gateway.cpp:32 run() Thu Apr  9 18:49:13 2026 Sending client id: 5, seq: 859 MEClientRequest  [  Type: NEW Client: 5 Ticker: 1 Order id : 5429 Side: SELL Qty: 37 Price: 166 ] .
../low-latency-components/tcp_socket.h:108 sendAndRecv() Thu Apr  9 18:49:13 2026 send socket:9 len:-1
../trading/order_gw/order_gateway.cpp:32 run() Thu Apr  9 18:49:13 2026 Sending client id: 5, seq: 860 MEClientRequest  [  Type: CANCEL Client: 5 Ticker: 3 Order id : 5336 Side: SELL Qty: 22 Price: 180 ] .
../low-latency-components/tcp_socket.h:108 sendAndRecv() Thu Apr  9 18:49:13 2026 send socket:9 len:-1
../trading/order_gw/order_gateway.cpp:32 run() Thu Apr  9 18:49:13 2026 Sending client id: 5, seq: 861 MEClientRequest  [  Type: NEW Client: 5 Ticker: 2 Order id : 5430 Side: SELL Qty: 95 Price: 117 ] .
../low-latency-components/tcp_socket.h:108 sendAndRecv() Thu Apr  9 18:49:13 2026 send socket:9 len:-1
../trading/order_gw/order_gateway.cpp:32 run() Thu Apr  9 18:49:13 2026 Sending client id: 5, seq: 862 MEClientRequest  [  Type: CANCEL Client: 5 Ticker: 1 Order id : 5110 Side: BUY Qty: 30 Price: 170 ] .
../low-latency-components/tcp_socket.h:108 sendAndRecv() Thu Apr  9 18:49:13 2026 send socket:9 len:-1
../trading/order_gw/order_gateway.cpp:32 run() Thu Apr  9 18:49:13 2026 Sending client id: 5, seq: 863 MEClientRequest  [  Type: NEW Client: 5 Ticker: 3 Order id : 5431 Side: SELL Qty: 89 Price: 179 ] .
../low-latency-components/tcp_socket.h:108 sendAndRecv() Thu Apr  9 18:49:13 2026 send socket:9 len:-1
../trading/order_gw/order_gateway.cpp:32 run() Thu Apr  9 18:49:13 2026 Sending client id: 5, seq: 864 MEClientRequest  [  Type: CANCEL Client: 5 Ticker: 3 Order id : 5091 Side: SELL Qty: 77 Price: 181 ] .
../low-latency-components/tcp_socket.h:108 sendAndRecv() Thu Apr  9 18:49:13 2026 send socket:9 len:-1
../trading/order_gw/order_gateway.cpp:32 run() Thu Apr  9 18:49:13 2026 Sending client id: 5, seq: 865 MEClientRequest  [  Type: NEW Client: 5 Ticker: 0 Order id : 5432 Side: BUY Qty: 14 Price: 184 ] .
../low-latency-components/tcp_socket.h:108 sendAndRecv() Thu Apr  9 18:49:13 2026 send socket:9 len:-1
../trading/order_gw/order_gateway.cpp:32 run() Thu Apr  9 18:49:13 2026 Sending client id: 5, seq: 866 MEClientRequest  [  Type: CANCEL Client: 5 Ticker: 3 Order id : 5275 Side: BUY Qty: 7 Price: 173 ] .
../low-latency-components/tcp_socket.h:108 sendAndRecv() Thu Apr  9 18:49:13 2026 send socket:9 len:-1
../trading/order_gw/order_gateway.cpp:32 run() Thu Apr  9 18:49:13 2026 Sending client id: 5, seq: 867 MEClientRequest  [  Type: NEW Client: 5 Ticker: 1 Order id : 5433 Side: SELL Qty: 19 Price: 172 ] .
../low-latency-components/tcp_socket.h:108 sendAndRecv() Thu Apr  9 18:49:13 2026 send socket:9 len:-1
../trading/order_gw/order_gateway.cpp:32 run() Thu Apr  9 18:49:14 2026 Sending client id: 5, seq: 868 MEClientRequest  [  Type: CANCEL Client: 5 Ticker: 1 Order id : 5056 Side: BUY Qty: 2 Price: 175 ] .
../low-latency-components/tcp_socket.h:108 sendAndRecv() Thu Apr  9 18:49:14 2026 send socket:9 len:-1
../trading/order_gw/order_gateway.cpp:32 run() Thu Apr  9 18:49:14 2026 Sending client id: 5, seq: 869 MEClientRequest  [  Type: NEW Client: 5 Ticker: 3 Order id : 5434 Side: BUY Qty: 5 Price: 182 ] .
../low-latency-components/tcp_socket.h:108 sendAndRecv() Thu Apr  9 18:49:14 2026 send socket:9 len:-1
../trading/order_gw/order_gateway.cpp:32 run() Thu Apr  9 18:49:14 2026 Sending client id: 5, seq: 870 MEClientRequest  [  Type: CANCEL Client: 5 Ticker: 0 Order id : 5270 Side: BUY Qty: 17 Price: 177 ] .
../low-latency-components/tcp_socket.h:108 sendAndRecv() Thu Apr  9 18:49:14 2026 send socket:9 len:-1
../trading/order_gw/order_gateway.cpp:32 run() Thu Apr  9 18:49:14 2026 Sending client id: 5, seq: 871 MEClientRequest  [  Type: NEW Client: 5 Ticker: 0 Order id : 5435 Side: SELL Qty: 98 Price: 176 ] .
../low-latency-components/tcp_socket.h:108 sendAndRecv() Thu Apr  9 18:49:14 2026 send socket:9 len:-1
../trading/order_gw/order_gateway.cpp:32 run() Thu Apr  9 18:49:14 2026 Sending client id: 5, seq: 872 MEClientRequest  [  Type: CANCEL Client: 5 Ticker: 1 Order id : 5110 Side: BUY Qty: 30 Price: 170 ] .
../low-latency-components/tcp_socket.h:108 sendAndRecv() Thu Apr  9 18:49:14 2026 send socket:9 len:-1
../trading/order_gw/order_gateway.cpp:32 run() Thu Apr  9 18:49:14 2026 Sending client id: 5, seq: 873 MEClientRequest  [  Type: NEW Client: 5 Ticker: 0 Order id : 5436 Side: BUY Qty: 36 Price: 178 ] .
../low-latency-components/tcp_socket.h:108 sendAndRecv() Thu Apr  9 18:49:14 2026 send socket:9 len:-1
../trading/order_gw/order_gateway.cpp:32 run() Thu Apr  9 18:49:14 2026 Sending client id: 5, seq: 874 MEClientRequest  [  Type: CANCEL Client: 5 Ticker: 1 Order id : 5178 Side: SELL Qty: 87 Price: 173 ] .
../low-latency-components/tcp_socket.h:108 sendAndRecv() Thu Apr  9 18:49:14 2026 send socket:9 len:-1
../trading/order_gw/order_gateway.cpp:32 run() Thu Apr  9 18:49:14 2026 Sending client id: 5, seq: 875 MEClientRequest  [  Type: NEW Client: 5 Ticker: 2 Order id : 5437 Side: BUY Qty: 82 Price: 114 ] .
../low-latency-components/tcp_socket.h:108 sendAndRecv() Thu Apr  9 18:49:14 2026 send socket:9 len:-1
../trading/order_gw/order_gateway.cpp:32 run() Thu Apr  9 18:49:14 2026 Sending client id: 5, seq: 876 MEClientRequest  [  Type: CANCEL Client: 5 Ticker: 1 Order id : 5047 Side: SELL Qty: 10 Price: 167 ] .
../low-latency-components/tcp_socket.h:108 sendAndRecv() Thu Apr  9 18:49:14 2026 send socket:9 len:-1
../trading/order_gw/order_gateway.cpp:32 run() Thu Apr  9 18:49:14 2026 Sending client id: 5, seq: 877 MEClientRequest  [  Type: NEW Client: 5 Ticker: 3 Order id : 5438 Side: BUY Qty: 15 Price: 179 ] .
../low-latency-components/tcp_socket.h:108 sendAndRecv() Thu Apr  9 18:49:14 2026 send socket:9 len:-1
../trading/order_gw/order_gateway.cpp:32 run() Thu Apr  9 18:49:15 2026 Sending client id: 5, seq: 878 MEClientRequest  [  Type: CANCEL Client: 5 Ticker: 1 Order id : 5164 Side: SELL Qty: 50 Price: 166 ] .
../low-latency-components/tcp_socket.h:108 sendAndRecv() Thu Apr  9 18:49:15 2026 send socket:9 len:-1
../trading/order_gw/order_gateway.cpp:32 run() Thu Apr  9 18:49:15 2026 Sending client id: 5, seq: 879 MEClientRequest  [  Type: NEW Client: 5 Ticker: 1 Order id : 5439 Side: SELL Qty: 98 Price: 167 ] .
../low-latency-components/tcp_socket.h:108 sendAndRecv() Thu Apr  9 18:49:15 2026 send socket:9 len:-1
../trading/order_gw/order_gateway.cpp:32 run() Thu Apr  9 18:49:15 2026 Sending client id: 5, seq: 880 MEClientRequest  [  Type: CANCEL Client: 5 Ticker: 0 Order id : 5309 Side: BUY Qty: 16 Price: 184 ] .
../low-latency-components/tcp_socket.h:108 sendAndRecv() Thu Apr  9 18:49:15 2026 send socket:9 len:-1
../trading/order_gw/order_gateway.cpp:32 run() Thu Apr  9 18:49:15 2026 Sending client id: 5, seq: 881 MEClientRequest  [  Type: NEW Client: 5 Ticker: 2 Order id : 5440 Side: BUY Qty: 22 Price: 115 ] .
../low-latency-components/tcp_socket.h:108 sendAndRecv() Thu Apr  9 18:49:15 2026 send socket:9 len:-1
../trading/order_gw/order_gateway.cpp:32 run() Thu Apr  9 18:49:15 2026 Sending client id: 5, seq: 882 MEClientRequest  [  Type: CANCEL Client: 5 Ticker: 2 Order id : 5187 Side: SELL Qty: 2 Price: 114 ] .
../low-latency-components/tcp_socket.h:108 sendAndRecv() Thu Apr  9 18:49:15 2026 send socket:9 len:-1
../trading/order_gw/order_gateway.cpp:32 run() Thu Apr  9 18:49:15 2026 Sending client id: 5, seq: 883 MEClientRequest  [  Type: NEW Client: 5 Ticker: 3 Order id : 5441 Side: BUY Qty: 75 Price: 179 ] .
../low-latency-components/tcp_socket.h:108 sendAndRecv() Thu Apr  9 18:49:15 2026 send socket:9 len:-1
../trading/order_gw/order_gateway.cpp:32 run() Thu Apr  9 18:49:15 2026 Sending client id: 5, seq: 884 MEClientRequest  [  Type: CANCEL Client: 5 Ticker: 2 Order id : 5020 Side: SELL Qty: 38 Price: 113 ] .
../low-latency-components/tcp_socket.h:108 sendAndRecv() Thu Apr  9 18:49:15 2026 send socket:9 len:-1
../trading/order_gw/order_gateway.cpp:32 run() Thu Apr  9 18:49:15 2026 Sending client id: 5, seq: 885 MEClientRequest  [  Type: NEW Client: 5 Ticker: 0 Order id : 5442 Side: SELL Qty: 30 Price: 180 ] .
../low-latency-components/tcp_socket.h:108 sendAndRecv() Thu Apr  9 18:49:15 2026 send socket:9 len:-1
../trading/order_gw/order_gateway.cpp:32 run() Thu Apr  9 18:49:15 2026 Sending client id: 5, seq: 886 MEClientRequest  [  Type: CANCEL Client: 5 Ticker: 1 Order id : 5385 Side: BUY Qty: 9 Price: 172 ] .
../low-latency-components/tcp_socket.h:108 sendAndRecv() Thu Apr  9 18:49:15 2026 send socket:9 len:-1
../trading/order_gw/order_gateway.cpp:32 run() Thu Apr  9 18:49:15 2026 Sending client id: 5, seq: 887 MEClientRequest  [  Type: NEW Client: 5 Ticker: 1 Order id : 5443 Side: BUY Qty: 68 Price: 171 ] .
../low-latency-components/tcp_socket.h:108 sendAndRecv() Thu Apr  9 18:49:15 2026 send socket:9 len:-1
../trading/order_gw/order_gateway.cpp:32 run() Thu Apr  9 18:49:16 2026 Sending client id: 5, seq: 888 MEClientRequest  [  Type: CANCEL Client: 5 Ticker: 1 Order id : 5098 Side: SELL Qty: 33 Price: 169 ] .
../low-latency-components/tcp_socket.h:108 sendAndRecv() Thu Apr  9 18:49:16 2026 send socket:9 len:-1
../trading/order_gw/order_gateway.cpp:32 run() Thu Apr  9 18:49:16 2026 Sending client id: 5, seq: 889 MEClientRequest  [  Type: NEW Client: 5 Ticker: 1 Order id : 5444 Side: SELL Qty: 78 Price: 169 ] .
../low-latency-components/tcp_socket.h:108 sendAndRecv() Thu Apr  9 18:49:16 2026 send socket:9 len:-1
../trading/order_gw/order_gateway.cpp:32 run() Thu Apr  9 18:49:16 2026 Sending client id: 5, seq: 890 MEClientRequest  [  Type: CANCEL Client: 5 Ticker: 2 Order id : 5043 Side: BUY Qty: 92 Price: 114 ] .
../low-latency-components/tcp_socket.h:108 sendAndRecv() Thu Apr  9 18:49:16 2026 send socket:9 len:-1
../trading/order_gw/order_gateway.cpp:32 run() Thu Apr  9 18:49:16 2026 Sending client id: 5, seq: 891 MEClientRequest  [  Type: NEW Client: 5 Ticker: 0 Order id : 5445 Side: SELL Qty: 91 Price: 185 ] .
../low-latency-components/tcp_socket.h:108 sendAndRecv() Thu Apr  9 18:49:16 2026 send socket:9 len:-1
../trading/order_gw/order_gateway.cpp:32 run() Thu Apr  9 18:49:16 2026 Sending client id: 5, seq: 892 MEClientRequest  [  Type: CANCEL Client: 5 Ticker: 0 Order id : 5388 Side: SELL Qty: 80 Price: 178 ] .
../low-latency-components/tcp_socket.h:108 sendAndRecv() Thu Apr  9 18:49:16 2026 send socket:9 len:-1
../trading/order_gw/order_gateway.cpp:32 run() Thu Apr  9 18:49:16 2026 Sending client id: 5, seq: 893 MEClientRequest  [  Type: NEW Client: 5 Ticker: 2 Order id : 5446 Side: SELL Qty: 90 Price: 117 ] .
../low-latency-components/tcp_socket.h:108 sendAndRecv() Thu Apr  9 18:49:16 2026 send socket:9 len:-1
../trading/order_gw/order_gateway.cpp:32 run() Thu Apr  9 18:49:16 2026 Sending client id: 5, seq: 894 MEClientRequest  [  Type: CANCEL Client: 5 Ticker: 1 Order id : 5417 Side: BUY Qty: 42 Price: 174 ] .
../low-latency-components/tcp_socket.h:108 sendAndRecv() Thu Apr  9 18:49:16 2026 send socket:9 len:-1
../trading/order_gw/order_gateway.cpp:32 run() Thu Apr  9 18:49:16 2026 Sending client id: 5, seq: 895 MEClientRequest  [  Type: NEW Client: 5 Ticker: 3 Order id : 5447 Side: SELL Qty: 20 Price: 181 ] .
../low-latency-components/tcp_socket.h:108 sendAndRecv() Thu Apr  9 18:49:16 2026 send socket:9 len:-1
../trading/order_gw/order_gateway.cpp:32 run() Thu Apr  9 18:49:16 2026 Sending client id: 5, seq: 896 MEClientRequest  [  Type: CANCEL Client: 5 Ticker: 0 Order id : 5237 Side: BUY Qty: 97 Price: 180 ] .
../low-latency-components/tcp_socket.h:108 sendAndRecv() Thu Apr  9 18:49:16 2026 send socket:9 len:-1
../trading/order_gw/order_gateway.cpp:32 run() Thu Apr  9 18:49:16 2026 Sending client id: 5, seq: 897 MEClientRequest  [  Type: NEW Client: 5 Ticker: 0 Order id : 5448 Side: SELL Qty: 67 Price: 182 ] .
../low-latency-components/tcp_socket.h:108 sendAndRecv() Thu Apr  9 18:49:16 2026 send socket:9 len:-1
../trading/order_gw/order_gateway.cpp:32 run() Thu Apr  9 18:49:17 2026 Sending client id: 5, seq: 898 MEClientRequest  [  Type: CANCEL Client: 5 Ticker: 1 Order id : 5119 Side: SELL Qty: 65 Price: 174 ] .
../low-latency-components/tcp_socket.h:108 sendAndRecv() Thu Apr  9 18:49:17 2026 send socket:9 len:-1
../trading/order_gw/order_gateway.cpp:32 run() Thu Apr  9 18:49:17 2026 Sending client id: 5, seq: 899 MEClientRequest  [  Type: NEW Client: 5 Ticker: 3 Order id : 5449 Side: BUY Qty: 74 Price: 176 ] .
../low-latency-components/tcp_socket.h:108 sendAndRecv() Thu Apr  9 18:49:17 2026 send socket:9 len:-1
../trading/order_gw/order_gateway.cpp:32 run() Thu Apr  9 18:49:17 2026 Sending client id: 5, seq: 900 MEClientRequest  [  Type: CANCEL Client: 5 Ticker: 1 Order id : 5295 Side: BUY Qty: 2 Price: 173 ] .
../low-latency-components/tcp_socket.h:108 sendAndRecv() Thu Apr  9 18:49:17 2026 send socket:9 len:-1
../trading/order_gw/order_gateway.cpp:32 run() Thu Apr  9 18:49:17 2026 Sending client id: 5, seq: 901 MEClientRequest  [  Type: NEW Client: 5 Ticker: 2 Order id : 5450 Side: BUY Qty: 2 Price: 112 ] .
../low-latency-components/tcp_socket.h:108 sendAndRecv() Thu Apr  9 18:49:17 2026 send socket:9 len:-1
../trading/order_gw/order_gateway.cpp:32 run() Thu Apr  9 18:49:17 2026 Sending client id: 5, seq: 902 MEClientRequest  [  Type: CANCEL Client: 5 Ticker: 1 Order id : 5103 Side: SELL Qty: 46 Price: 170 ] .
../low-latency-components/tcp_socket.h:108 sendAndRecv() Thu Apr  9 18:49:17 2026 send socket:9 len:-1
../trading/order_gw/order_gateway.cpp:32 run() Thu Apr  9 18:49:17 2026 Sending client id: 5, seq: 903 MEClientRequest  [  Type: NEW Client: 5 Ticker: 0 Order id : 5451 Side: SELL Qty: 79 Price: 177 ] .
../low-latency-components/tcp_socket.h:108 sendAndRecv() Thu Apr  9 18:49:17 2026 send socket:9 len:-1
../trading/order_gw/order_gateway.cpp:32 run() Thu Apr  9 18:49:17 2026 Sending client id: 5, seq: 904 MEClientRequest  [  Type: CANCEL Client: 5 Ticker: 0 Order id : 5207 Side: SELL Qty: 17 Price: 181 ] .
../low-latency-components/tcp_socket.h:108 sendAndRecv() Thu Apr  9 18:49:17 2026 send socket:9 len:-1
../trading/order_gw/order_gateway.cpp:32 run() Thu Apr  9 18:49:17 2026 Sending client id: 5, seq: 905 MEClientRequest  [  Type: NEW Client: 5 Ticker: 3 Order id : 5452 Side: BUY Qty: 75 Price: 175 ] .
../low-latency-components/tcp_socket.h:108 sendAndRecv() Thu Apr  9 18:49:17 2026 send socket:9 len:-1
../trading/order_gw/order_gateway.cpp:32 run() Thu Apr  9 18:49:17 2026 Sending client id: 5, seq: 906 MEClientRequest  [  Type: CANCEL Client: 5 Ticker: 2 Order id : 5104 Side: BUY Qty: 28 Price: 120 ] .
../low-latency-components/tcp_socket.h:108 sendAndRecv() Thu Apr  9 18:49:17 2026 send socket:9 len:-1
../trading/order_gw/order_gateway.cpp:32 run() Thu Apr  9 18:49:17 2026 Sending client id: 5, seq: 907 MEClientRequest  [  Type: NEW Client: 5 Ticker: 1 Order id : 5453 Side: BUY Qty: 15 Price: 166 ] .
../low-latency-components/tcp_socket.h:108 sendAndRecv() Thu Apr  9 18:49:17 2026 send socket:9 len:-1
../trading/order_gw/order_gateway.cpp:32 run() Thu Apr  9 18:49:18 2026 Sending client id: 5, seq: 908 MEClientRequest  [  Type: CANCEL Client: 5 Ticker: 3 Order id : 5324 Side: BUY Qty: 28 Price: 176 ] .
../low-latency-components/tcp_socket.h:108 sendAndRecv() Thu Apr  9 18:49:18 2026 send socket:9 len:-1
../trading/order_gw/order_gateway.cpp:32 run() Thu Apr  9 18:49:18 2026 Sending client id: 5, seq: 909 MEClientRequest  [  Type: NEW Client: 5 Ticker: 2 Order id : 5454 Side: SELL Qty: 61 Price: 116 ] .
../low-latency-components/tcp_socket.h:108 sendAndRecv() Thu Apr  9 18:49:18 2026 send socket:9 len:-1
../trading/order_gw/order_gateway.cpp:32 run() Thu Apr  9 18:49:18 2026 Sending client id: 5, seq: 910 MEClientRequest  [  Type: CANCEL Client: 5 Ticker: 3 Order id : 5048 Side: SELL Qty: 8 Price: 182 ] .
../low-latency-components/tcp_socket.h:108 sendAndRecv() Thu Apr  9 18:49:18 2026 send socket:9 len:-1
../trading/order_gw/order_gateway.cpp:32 run() Thu Apr  9 18:49:18 2026 Sending client id: 5, seq: 911 MEClientRequest  [  Type: NEW Client: 5 Ticker: 2 Order id : 5455 Side: SELL Qty: 43 Price: 114 ] .
../low-latency-components/tcp_socket.h:108 sendAndRecv() Thu Apr  9 18:49:18 2026 send socket:9 len:-1
../trading/order_gw/order_gateway.cpp:32 run() Thu Apr  9 18:49:18 2026 Sending client id: 5, seq: 912 MEClientRequest  [  Type: CANCEL Client: 5 Ticker: 3 Order id : 5180 Side: SELL Qty: 77 Price: 178 ] .
../low-latency-components/tcp_socket.h:108 sendAndRecv() Thu Apr  9 18:49:18 2026 send socket:9 len:-1
../trading/order_gw/order_gateway.cpp:32 run() Thu Apr  9 18:49:18 2026 Sending client id: 5, seq: 913 MEClientRequest  [  Type: NEW Client: 5 Ticker: 0 Order id : 5456 Side: SELL Qty: 45 Price: 178 ] .
../low-latency-components/tcp_socket.h:108 sendAndRecv() Thu Apr  9 18:49:18 2026 send socket:9 len:-1
../trading/order_gw/order_gateway.cpp:32 run() Thu Apr  9 18:49:18 2026 Sending client id: 5, seq: 914 MEClientRequest  [  Type: CANCEL Client: 5 Ticker: 2 Order id : 5299 Side: SELL Qty: 68 Price: 118 ] .
../low-latency-components/tcp_socket.h:108 sendAndRecv() Thu Apr  9 18:49:18 2026 send socket:9 len:-1
../trading/order_gw/order_gateway.cpp:32 run() Thu Apr  9 18:49:18 2026 Sending client id: 5, seq: 915 MEClientRequest  [  Type: NEW Client: 5 Ticker: 1 Order id : 5457 Side: SELL Qty: 88 Price: 167 ] .
../low-latency-components/tcp_socket.h:108 sendAndRecv() Thu Apr  9 18:49:18 2026 send socket:9 len:-1
../trading/order_gw/order_gateway.cpp:32 run() Thu Apr  9 18:49:18 2026 Sending client id: 5, seq: 916 MEClientRequest  [  Type: CANCEL Client: 5 Ticker: 0 Order id : 5287 Side: BUY Qty: 66 Price: 184 ] .
../low-latency-components/tcp_socket.h:108 sendAndRecv() Thu Apr  9 18:49:18 2026 send socket:9 len:-1
../trading/order_gw/order_gateway.cpp:32 run() Thu Apr  9 18:49:18 2026 Sending client id: 5, seq: 917 MEClientRequest  [  Type: NEW Client: 5 Ticker: 1 Order id : 5458 Side: BUY Qty: 69 Price: 167 ] .
../low-latency-components/tcp_socket.h:108 sendAndRecv() Thu Apr  9 18:49:18 2026 send socket:9 len:-1
../trading/order_gw/order_gateway.cpp:32 run() Thu Apr  9 18:49:19 2026 Sending client id: 5, seq: 918 MEClientRequest  [  Type: CANCEL Client: 5 Ticker: 2 Order id : 5133 Side: BUY Qty: 31 Price: 111 ] .
../low-latency-components/tcp_socket.h:108 sendAndRecv() Thu Apr  9 18:49:19 2026 send socket:9 len:-1
../trading/order_gw/order_gateway.cpp:32 run() Thu Apr  9 18:49:19 2026 Sending client id: 5, seq: 919 MEClientRequest  [  Type: NEW Client: 5 Ticker: 2 Order id : 5459 Side: BUY Qty: 44 Price: 115 ] .
../low-latency-components/tcp_socket.h:108 sendAndRecv() Thu Apr  9 18:49:19 2026 send socket:9 len:-1
../trading/order_gw/order_gateway.cpp:32 run() Thu Apr  9 18:49:19 2026 Sending client id: 5, seq: 920 MEClientRequest  [  Type: CANCEL Client: 5 Ticker: 0 Order id : 5308 Side: SELL Qty: 77 Price: 179 ] .
../low-latency-components/tcp_socket.h:108 sendAndRecv() Thu Apr  9 18:49:19 2026 send socket:9 len:-1
../trading/order_gw/order_gateway.cpp:32 run() Thu Apr  9 18:49:19 2026 Sending client id: 5, seq: 921 MEClientRequest  [  Type: NEW Client: 5 Ticker: 0 Order id : 5460 Side: BUY Qty: 37 Price: 180 ] .
../low-latency-components/tcp_socket.h:108 sendAndRecv() Thu Apr  9 18:49:19 2026 send socket:9 len:-1
../trading/order_gw/order_gateway.cpp:32 run() Thu Apr  9 18:49:19 2026 Sending client id: 5, seq: 922 MEClientRequest  [  Type: CANCEL Client: 5 Ticker: 3 Order id : 5419 Side: SELL Qty: 35 Price: 175 ] .
../low-latency-components/tcp_socket.h:108 sendAndRecv() Thu Apr  9 18:49:19 2026 send socket:9 len:-1
../trading/order_gw/order_gateway.cpp:32 run() Thu Apr  9 18:49:19 2026 Sending client id: 5, seq: 923 MEClientRequest  [  Type: NEW Client: 5 Ticker: 3 Order id : 5461 Side: BUY Qty: 71 Price: 176 ] .
../low-latency-components/tcp_socket.h:108 sendAndRecv() Thu Apr  9 18:49:19 2026 send socket:9 len:-1
../trading/order_gw/order_gateway.cpp:32 run() Thu Apr  9 18:49:19 2026 Sending client id: 5, seq: 924 MEClientRequest  [  Type: CANCEL Client: 5 Ticker: 0 Order id : 5435 Side: SELL Qty: 98 Price: 176 ] .
../low-latency-components/tcp_socket.h:108 sendAndRecv() Thu Apr  9 18:49:19 2026 send socket:9 len:-1
../trading/order_gw/order_gateway.cpp:32 run() Thu Apr  9 18:49:19 2026 Sending client id: 5, seq: 925 MEClientRequest  [  Type: NEW Client: 5 Ticker: 1 Order id : 5462 Side: BUY Qty: 98 Price: 171 ] .
../low-latency-components/tcp_socket.h:108 sendAndRecv() Thu Apr  9 18:49:19 2026 send socket:9 len:-1
../trading/order_gw/order_gateway.cpp:32 run() Thu Apr  9 18:49:19 2026 Sending client id: 5, seq: 926 MEClientRequest  [  Type: CANCEL Client: 5 Ticker: 2 Order id : 5341 Side: SELL Qty: 64 Price: 115 ] .
../low-latency-components/tcp_socket.h:108 sendAndRecv() Thu Apr  9 18:49:19 2026 send socket:9 len:-1
../trading/order_gw/order_gateway.cpp:32 run() Thu Apr  9 18:49:19 2026 Sending client id: 5, seq: 927 MEClientRequest  [  Type: NEW Client: 5 Ticker: 3 Order id : 5463 Side: SELL Qty: 69 Price: 173 ] .
../low-latency-components/tcp_socket.h:108 sendAndRecv() Thu Apr  9 18:49:19 2026 send socket:9 len:-1
../trading/order_gw/order_gateway.cpp:32 run() Thu Apr  9 18:49:20 2026 Sending client id: 5, seq: 928 MEClientRequest  [  Type: CANCEL Client: 5 Ticker: 3 Order id : 5088 Side: BUY Qty: 21 Price: 178 ] .
../low-latency-components/tcp_socket.h:108 sendAndRecv() Thu Apr  9 18:49:20 2026 send socket:9 len:-1
../trading/order_gw/order_gateway.cpp:32 run() Thu Apr  9 18:49:20 2026 Sending client id: 5, seq: 929 MEClientRequest  [  Type: NEW Client: 5 Ticker: 2 Order id : 5464 Side: BUY Qty: 3 Price: 118 ] .
../low-latency-components/tcp_socket.h:108 sendAndRecv() Thu Apr  9 18:49:20 2026 send socket:9 len:-1
../trading/order_gw/order_gateway.cpp:32 run() Thu Apr  9 18:49:20 2026 Sending client id: 5, seq: 930 MEClientRequest  [  Type: CANCEL Client: 5 Ticker: 2 Order id : 5226 Side: BUY Qty: 75 Price: 113 ] .
../low-latency-components/tcp_socket.h:108 sendAndRecv() Thu Apr  9 18:49:20 2026 send socket:9 len:-1
../trading/order_gw/order_gateway.cpp:32 run() Thu Apr  9 18:49:20 2026 Sending client id: 5, seq: 931 MEClientRequest  [  Type: NEW Client: 5 Ticker: 1 Order id : 5465 Side: BUY Qty: 13 Price: 170 ] .
../low-latency-components/tcp_socket.h:108 sendAndRecv() Thu Apr  9 18:49:20 2026 send socket:9 len:-1
../trading/order_gw/order_gateway.cpp:32 run() Thu Apr  9 18:49:20 2026 Sending client id: 5, seq: 932 MEClientRequest  [  Type: CANCEL Client: 5 Ticker: 3 Order id : 5153 Side: BUY Qty: 16 Price: 181 ] .
../low-latency-components/tcp_socket.h:108 sendAndRecv() Thu Apr  9 18:49:20 2026 send socket:9 len:-1
../trading/order_gw/order_gateway.cpp:32 run() Thu Apr  9 18:49:20 2026 Sending client id: 5, seq: 933 MEClientRequest  [  Type: NEW Client: 5 Ticker: 3 Order id : 5466 Side: SELL Qty: 79 Price: 174 ] .
../low-latency-components/tcp_socket.h:108 sendAndRecv() Thu Apr  9 18:49:20 2026 send socket:9 len:-1
../trading/order_gw/order_gateway.cpp:32 run() Thu Apr  9 18:49:20 2026 Sending client id: 5, seq: 934 MEClientRequest  [  Type: CANCEL Client: 5 Ticker: 2 Order id : 5101 Side: BUY Qty: 11 Price: 111 ] .
../low-latency-components/tcp_socket.h:108 sendAndRecv() Thu Apr  9 18:49:20 2026 send socket:9 len:-1
../trading/order_gw/order_gateway.cpp:32 run() Thu Apr  9 18:49:20 2026 Sending client id: 5, seq: 935 MEClientRequest  [  Type: NEW Client: 5 Ticker: 3 Order id : 5467 Side: SELL Qty: 54 Price: 173 ] .
../low-latency-components/tcp_socket.h:108 sendAndRecv() Thu Apr  9 18:49:20 2026 send socket:9 len:-1
../trading/order_gw/order_gateway.cpp:32 run() Thu Apr  9 18:49:20 2026 Sending client id: 5, seq: 936 MEClientRequest  [  Type: CANCEL Client: 5 Ticker: 1 Order id : 5071 Side: SELL Qty: 78 Price: 174 ] .
../low-latency-components/tcp_socket.h:108 sendAndRecv() Thu Apr  9 18:49:20 2026 send socket:9 len:-1
../trading/order_gw/order_gateway.cpp:32 run() Thu Apr  9 18:49:20 2026 Sending client id: 5, seq: 937 MEClientRequest  [  Type: NEW Client: 5 Ticker: 0 Order id : 5468 Side: SELL Qty: 86 Price: 176 ] .
../low-latency-components/tcp_socket.h:108 sendAndRecv() Thu Apr  9 18:49:20 2026 send socket:9 len:-1
../trading/order_gw/order_gateway.cpp:32 run() Thu Apr  9 18:49:21 2026 Sending client id: 5, seq: 938 MEClientRequest  [  Type: CANCEL Client: 5 Ticker: 3 Order id : 5428 Side: SELL Qty: 15 Price: 173 ] .
../low-latency-components/tcp_socket.h:108 sendAndRecv() Thu Apr  9 18:49:21 2026 send socket:9 len:-1
../trading/order_gw/order_gateway.cpp:32 run() Thu Apr  9 18:49:21 2026 Sending client id: 5, seq: 939 MEClientRequest  [  Type: NEW Client: 5 Ticker: 2 Order id : 5469 Side: BUY Qty: 71 Price: 118 ] .
../low-latency-components/tcp_socket.h:108 sendAndRecv() Thu Apr  9 18:49:21 2026 send socket:9 len:-1
../trading/order_gw/order_gateway.cpp:32 run() Thu Apr  9 18:49:21 2026 Sending client id: 5, seq: 940 MEClientRequest  [  Type: CANCEL Client: 5 Ticker: 0 Order id : 5089 Side: BUY Qty: 34 Price: 179 ] .
../low-latency-components/tcp_socket.h:108 sendAndRecv() Thu Apr  9 18:49:21 2026 send socket:9 len:-1
../trading/order_gw/order_gateway.cpp:32 run() Thu Apr  9 18:49:21 2026 Sending client id: 5, seq: 941 MEClientRequest  [  Type: NEW Client: 5 Ticker: 1 Order id : 5470 Side: SELL Qty: 31 Price: 167 ] .
../low-latency-components/tcp_socket.h:108 sendAndRecv() Thu Apr  9 18:49:21 2026 send socket:9 len:-1
../trading/order_gw/order_gateway.cpp:32 run() Thu Apr  9 18:49:21 2026 Sending client id: 5, seq: 942 MEClientRequest  [  Type: CANCEL Client: 5 Ticker: 1 Order id : 5247 Side: BUY Qty: 79 Price: 168 ] .
../low-latency-components/tcp_socket.h:108 sendAndRecv() Thu Apr  9 18:49:21 2026 send socket:9 len:-1
../trading/order_gw/order_gateway.cpp:32 run() Thu Apr  9 18:49:21 2026 Sending client id: 5, seq: 943 MEClientRequest  [  Type: NEW Client: 5 Ticker: 3 Order id : 5471 Side: SELL Qty: 39 Price: 178 ] .
../low-latency-components/tcp_socket.h:108 sendAndRecv() Thu Apr  9 18:49:21 2026 send socket:9 len:-1
../trading/order_gw/order_gateway.cpp:32 run() Thu Apr  9 18:49:21 2026 Sending client id: 5, seq: 944 MEClientRequest  [  Type: CANCEL Client: 5 Ticker: 1 Order id : 5078 Side: SELL Qty: 81 Price: 169 ] .
../low-latency-components/tcp_socket.h:108 sendAndRecv() Thu Apr  9 18:49:21 2026 send socket:9 len:-1
../trading/order_gw/order_gateway.cpp:32 run() Thu Apr  9 18:49:21 2026 Sending client id: 5, seq: 945 MEClientRequest  [  Type: NEW Client: 5 Ticker: 0 Order id : 5472 Side: SELL Qty: 15 Price: 185 ] .
../low-latency-components/tcp_socket.h:108 sendAndRecv() Thu Apr  9 18:49:21 2026 send socket:9 len:-1
../trading/order_gw/order_gateway.cpp:32 run() Thu Apr  9 18:49:21 2026 Sending client id: 5, seq: 946 MEClientRequest  [  Type: CANCEL Client: 5 Ticker: 1 Order id : 5132 Side: SELL Qty: 10 Price: 172 ] .
../low-latency-components/tcp_socket.h:108 sendAndRecv() Thu Apr  9 18:49:21 2026 send socket:9 len:-1
../trading/order_gw/order_gateway.cpp:32 run() Thu Apr  9 18:49:21 2026 Sending client id: 5, seq: 947 MEClientRequest  [  Type: NEW Client: 5 Ticker: 0 Order id : 5473 Side: BUY Qty: 52 Price: 181 ] .
../low-latency-components/tcp_socket.h:108 sendAndRecv() Thu Apr  9 18:49:21 2026 send socket:9 len:-1
../trading/order_gw/order_gateway.cpp:32 run() Thu Apr  9 18:49:22 2026 Sending client id: 5, seq: 948 MEClientRequest  [  Type: CANCEL Client: 5 Ticker: 3 Order id : 5042 Side: BUY Qty: 35 Price: 174 ] .
../low-latency-components/tcp_socket.h:108 sendAndRecv() Thu Apr  9 18:49:22 2026 send socket:9 len:-1
../trading/order_gw/order_gateway.cpp:32 run() Thu Apr  9 18:49:22 2026 Sending client id: 5, seq: 949 MEClientRequest  [  Type: NEW Client: 5 Ticker: 1 Order id : 5474 Side: BUY Qty: 54 Price: 169 ] .
../low-latency-components/tcp_socket.h:108 sendAndRecv() Thu Apr  9 18:49:22 2026 send socket:9 len:-1
../trading/order_gw/order_gateway.cpp:32 run() Thu Apr  9 18:49:22 2026 Sending client id: 5, seq: 950 MEClientRequest  [  Type: CANCEL Client: 5 Ticker: 2 Order id : 5187 Side: SELL Qty: 2 Price: 114 ] .
../low-latency-components/tcp_socket.h:108 sendAndRecv() Thu Apr  9 18:49:22 2026 send socket:9 len:-1
../trading/order_gw/order_gateway.cpp:32 run() Thu Apr  9 18:49:22 2026 Sending client id: 5, seq: 951 MEClientRequest  [  Type: NEW Client: 5 Ticker: 3 Order id : 5475 Side: SELL Qty: 98 Price: 177 ] .
../low-latency-components/tcp_socket.h:108 sendAndRecv() Thu Apr  9 18:49:22 2026 send socket:9 len:-1
../trading/order_gw/order_gateway.cpp:32 run() Thu Apr  9 18:49:22 2026 Sending client id: 5, seq: 952 MEClientRequest  [  Type: CANCEL Client: 5 Ticker: 2 Order id : 5413 Side: BUY Qty: 85 Price: 119 ] .
../low-latency-components/tcp_socket.h:108 sendAndRecv() Thu Apr  9 18:49:22 2026 send socket:9 len:-1
../trading/order_gw/order_gateway.cpp:32 run() Thu Apr  9 18:49:22 2026 Sending client id: 5, seq: 953 MEClientRequest  [  Type: NEW Client: 5 Ticker: 2 Order id : 5476 Side: BUY Qty: 59 Price: 120 ] .
../low-latency-components/tcp_socket.h:108 sendAndRecv() Thu Apr  9 18:49:22 2026 send socket:9 len:-1
../trading/order_gw/order_gateway.cpp:32 run() Thu Apr  9 18:49:22 2026 Sending client id: 5, seq: 954 MEClientRequest  [  Type: CANCEL Client: 5 Ticker: 0 Order id : 5335 Side: BUY Qty: 82 Price: 177 ] .
../low-latency-components/tcp_socket.h:108 sendAndRecv() Thu Apr  9 18:49:22 2026 send socket:9 len:-1
../trading/order_gw/order_gateway.cpp:32 run() Thu Apr  9 18:49:22 2026 Sending client id: 5, seq: 955 MEClientRequest  [  Type: NEW Client: 5 Ticker: 2 Order id : 5477 Side: BUY Qty: 100 Price: 113 ] .
../low-latency-components/tcp_socket.h:108 sendAndRecv() Thu Apr  9 18:49:22 2026 send socket:9 len:-1
../trading/order_gw/order_gateway.cpp:32 run() Thu Apr  9 18:49:22 2026 Sending client id: 5, seq: 956 MEClientRequest  [  Type: CANCEL Client: 5 Ticker: 0 Order id : 5237 Side: BUY Qty: 97 Price: 180 ] .
../low-latency-components/tcp_socket.h:108 sendAndRecv() Thu Apr  9 18:49:22 2026 send socket:9 len:-1
../trading/order_gw/order_gateway.cpp:32 run() Thu Apr  9 18:49:22 2026 Sending client id: 5, seq: 957 MEClientRequest  [  Type: NEW Client: 5 Ticker: 0 Order id : 5478 Side: BUY Qty: 24 Price: 183 ] .
../low-latency-components/tcp_socket.h:108 sendAndRecv() Thu Apr  9 18:49:22 2026 send socket:9 len:-1
../trading/order_gw/order_gateway.cpp:32 run() Thu Apr  9 18:49:23 2026 Sending client id: 5, seq: 958 MEClientRequest  [  Type: CANCEL Client: 5 Ticker: 2 Order id : 5283 Side: BUY Qty: 42 Price: 115 ] .
../low-latency-components/tcp_socket.h:108 sendAndRecv() Thu Apr  9 18:49:23 2026 send socket:9 len:-1
../trading/order_gw/order_gateway.cpp:32 run() Thu Apr  9 18:49:23 2026 Sending client id: 5, seq: 959 MEClientRequest  [  Type: NEW Client: 5 Ticker: 2 Order id : 5479 Side: SELL Qty: 5 Price: 119 ] .
../low-latency-components/tcp_socket.h:108 sendAndRecv() Thu Apr  9 18:49:23 2026 send socket:9 len:-1
../trading/order_gw/order_gateway.cpp:32 run() Thu Apr  9 18:49:23 2026 Sending client id: 5, seq: 960 MEClientRequest  [  Type: CANCEL Client: 5 Ticker: 3 Order id : 5395 Side: SELL Qty: 11 Price: 175 ] .
../low-latency-components/tcp_socket.h:108 sendAndRecv() Thu Apr  9 18:49:23 2026 send socket:9 len:-1
../trading/order_gw/order_gateway.cpp:32 run() Thu Apr  9 18:49:23 2026 Sending client id: 5, seq: 961 MEClientRequest  [  Type: NEW Client: 5 Ticker: 1 Order id : 5480 Side: BUY Qty: 62 Price: 167 ] .
../low-latency-components/tcp_socket.h:108 sendAndRecv() Thu Apr  9 18:49:23 2026 send socket:9 len:-1
../trading/order_gw/order_gateway.cpp:32 run() Thu Apr  9 18:49:23 2026 Sending client id: 5, seq: 962 MEClientRequest  [  Type: CANCEL Client: 5 Ticker: 2 Order id : 5205 Side: BUY Qty: 18 Price: 113 ] .
../low-latency-components/tcp_socket.h:108 sendAndRecv() Thu Apr  9 18:49:23 2026 send socket:9 len:-1
../trading/order_gw/order_gateway.cpp:32 run() Thu Apr  9 18:49:23 2026 Sending client id: 5, seq: 963 MEClientRequest  [  Type: NEW Client: 5 Ticker: 1 Order id : 5481 Side: BUY Qty: 53 Price: 168 ] .
../low-latency-components/tcp_socket.h:108 sendAndRecv() Thu Apr  9 18:49:23 2026 send socket:9 len:-1
../trading/order_gw/order_gateway.cpp:32 run() Thu Apr  9 18:49:23 2026 Sending client id: 5, seq: 964 MEClientRequest  [  Type: CANCEL Client: 5 Ticker: 0 Order id : 5148 Side: SELL Qty: 28 Price: 182 ] .
../low-latency-components/tcp_socket.h:108 sendAndRecv() Thu Apr  9 18:49:23 2026 send socket:9 len:-1
../trading/order_gw/order_gateway.cpp:32 run() Thu Apr  9 18:49:23 2026 Sending client id: 5, seq: 965 MEClientRequest  [  Type: NEW Client: 5 Ticker: 0 Order id : 5482 Side: BUY Qty: 47 Price: 177 ] .
../low-latency-components/tcp_socket.h:108 sendAndRecv() Thu Apr  9 18:49:23 2026 send socket:9 len:-1
../trading/order_gw/order_gateway.cpp:32 run() Thu Apr  9 18:49:23 2026 Sending client id: 5, seq: 966 MEClientRequest  [  Type: CANCEL Client: 5 Ticker: 2 Order id : 5114 Side: SELL Qty: 45 Price: 115 ] .
../low-latency-components/tcp_socket.h:108 sendAndRecv() Thu Apr  9 18:49:23 2026 send socket:9 len:-1
../trading/order_gw/order_gateway.cpp:32 run() Thu Apr  9 18:49:23 2026 Sending client id: 5, seq: 967 MEClientRequest  [  Type: NEW Client: 5 Ticker: 0 Order id : 5483 Side: SELL Qty: 63 Price: 179 ] .
../low-latency-components/tcp_socket.h:108 sendAndRecv() Thu Apr  9 18:49:23 2026 send socket:9 len:-1
../trading/order_gw/order_gateway.cpp:32 run() Thu Apr  9 18:49:24 2026 Sending client id: 5, seq: 968 MEClientRequest  [  Type: CANCEL Client: 5 Ticker: 2 Order id : 5286 Side: SELL Qty: 80 Price: 112 ] .
../low-latency-components/tcp_socket.h:108 sendAndRecv() Thu Apr  9 18:49:24 2026 send socket:9 len:-1
../trading/order_gw/order_gateway.cpp:32 run() Thu Apr  9 18:49:24 2026 Sending client id: 5, seq: 969 MEClientRequest  [  Type: NEW Client: 5 Ticker: 2 Order id : 5484 Side: SELL Qty: 92 Price: 117 ] .
../low-latency-components/tcp_socket.h:108 sendAndRecv() Thu Apr  9 18:49:24 2026 send socket:9 len:-1
../trading/order_gw/order_gateway.cpp:32 run() Thu Apr  9 18:49:24 2026 Sending client id: 5, seq: 970 MEClientRequest  [  Type: CANCEL Client: 5 Ticker: 3 Order id : 5274 Side: BUY Qty: 87 Price: 181 ] .
../low-latency-components/tcp_socket.h:108 sendAndRecv() Thu Apr  9 18:49:24 2026 send socket:9 len:-1
../trading/order_gw/order_gateway.cpp:32 run() Thu Apr  9 18:49:24 2026 Sending client id: 5, seq: 971 MEClientRequest  [  Type: NEW Client: 5 Ticker: 3 Order id : 5485 Side: SELL Qty: 71 Price: 176 ] .
../low-latency-components/tcp_socket.h:108 sendAndRecv() Thu Apr  9 18:49:24 2026 send socket:9 len:-1
../trading/order_gw/order_gateway.cpp:32 run() Thu Apr  9 18:49:24 2026 Sending client id: 5, seq: 972 MEClientRequest  [  Type: CANCEL Client: 5 Ticker: 1 Order id : 5087 Side: SELL Qty: 48 Price: 173 ] .
../low-latency-components/tcp_socket.h:108 sendAndRecv() Thu Apr  9 18:49:24 2026 send socket:9 len:-1
../trading/order_gw/order_gateway.cpp:32 run() Thu Apr  9 18:49:24 2026 Sending client id: 5, seq: 973 MEClientRequest  [  Type: NEW Client: 5 Ticker: 0 Order id : 5486 Side: SELL Qty: 31 Price: 183 ] .
../low-latency-components/tcp_socket.h:108 sendAndRecv() Thu Apr  9 18:49:24 2026 send socket:9 len:-1
../trading/order_gw/order_gateway.cpp:32 run() Thu Apr  9 18:49:24 2026 Sending client id: 5, seq: 974 MEClientRequest  [  Type: CANCEL Client: 5 Ticker: 0 Order id : 5249 Side: BUY Qty: 58 Price: 183 ] .
../low-latency-components/tcp_socket.h:108 sendAndRecv() Thu Apr  9 18:49:24 2026 send socket:9 len:-1
../trading/order_gw/order_gateway.cpp:32 run() Thu Apr  9 18:49:24 2026 Sending client id: 5, seq: 975 MEClientRequest  [  Type: NEW Client: 5 Ticker: 0 Order id : 5487 Side: BUY Qty: 74 Price: 179 ] .
../low-latency-components/tcp_socket.h:108 sendAndRecv() Thu Apr  9 18:49:24 2026 send socket:9 len:-1
../trading/order_gw/order_gateway.cpp:32 run() Thu Apr  9 18:49:24 2026 Sending client id: 5, seq: 976 MEClientRequest  [  Type: CANCEL Client: 5 Ticker: 1 Order id : 5247 Side: BUY Qty: 79 Price: 168 ] .
../low-latency-components/tcp_socket.h:108 sendAndRecv() Thu Apr  9 18:49:24 2026 send socket:9 len:-1
../trading/order_gw/order_gateway.cpp:32 run() Thu Apr  9 18:49:24 2026 Sending client id: 5, seq: 977 MEClientRequest  [  Type: NEW Client: 5 Ticker: 0 Order id : 5488 Side: BUY Qty: 92 Price: 181 ] .
../low-latency-components/tcp_socket.h:108 sendAndRecv() Thu Apr  9 18:49:24 2026 send socket:9 len:-1
../trading/order_gw/order_gateway.cpp:32 run() Thu Apr  9 18:49:25 2026 Sending client id: 5, seq: 978 MEClientRequest  [  Type: CANCEL Client: 5 Ticker: 3 Order id : 5356 Side: SELL Qty: 61 Price: 174 ] .
../low-latency-components/tcp_socket.h:108 sendAndRecv() Thu Apr  9 18:49:25 2026 send socket:9 len:-1
../trading/order_gw/order_gateway.cpp:32 run() Thu Apr  9 18:49:25 2026 Sending client id: 5, seq: 979 MEClientRequest  [  Type: NEW Client: 5 Ticker: 1 Order id : 5489 Side: SELL Qty: 46 Price: 167 ] .
../low-latency-components/tcp_socket.h:108 sendAndRecv() Thu Apr  9 18:49:25 2026 send socket:9 len:-1
../trading/order_gw/order_gateway.cpp:32 run() Thu Apr  9 18:49:25 2026 Sending client id: 5, seq: 980 MEClientRequest  [  Type: CANCEL Client: 5 Ticker: 3 Order id : 5449 Side: BUY Qty: 74 Price: 176 ] .
../low-latency-components/tcp_socket.h:108 sendAndRecv() Thu Apr  9 18:49:25 2026 send socket:9 len:-1
../trading/order_gw/order_gateway.cpp:32 run() Thu Apr  9 18:49:25 2026 Sending client id: 5, seq: 981 MEClientRequest  [  Type: NEW Client: 5 Ticker: 3 Order id : 5490 Side: BUY Qty: 87 Price: 179 ] .
../low-latency-components/tcp_socket.h:108 sendAndRecv() Thu Apr  9 18:49:25 2026 send socket:9 len:-1
../trading/order_gw/order_gateway.cpp:32 run() Thu Apr  9 18:49:25 2026 Sending client id: 5, seq: 982 MEClientRequest  [  Type: CANCEL Client: 5 Ticker: 0 Order id : 5181 Side: SELL Qty: 8 Price: 179 ] .
../low-latency-components/tcp_socket.h:108 sendAndRecv() Thu Apr  9 18:49:25 2026 send socket:9 len:-1
../trading/order_gw/order_gateway.cpp:32 run() Thu Apr  9 18:49:25 2026 Sending client id: 5, seq: 983 MEClientRequest  [  Type: NEW Client: 5 Ticker: 1 Order id : 5491 Side: SELL Qty: 61 Price: 170 ] .
../low-latency-components/tcp_socket.h:108 sendAndRecv() Thu Apr  9 18:49:25 2026 send socket:9 len:-1
../trading/order_gw/order_gateway.cpp:32 run() Thu Apr  9 18:49:25 2026 Sending client id: 5, seq: 984 MEClientRequest  [  Type: CANCEL Client: 5 Ticker: 2 Order id : 5063 Side: SELL Qty: 81 Price: 116 ] .
../low-latency-components/tcp_socket.h:108 sendAndRecv() Thu Apr  9 18:49:25 2026 send socket:9 len:-1
../trading/order_gw/order_gateway.cpp:32 run() Thu Apr  9 18:49:25 2026 Sending client id: 5, seq: 985 MEClientRequest  [  Type: NEW Client: 5 Ticker: 3 Order id : 5492 Side: SELL Qty: 88 Price: 174 ] .
../low-latency-components/tcp_socket.h:108 sendAndRecv() Thu Apr  9 18:49:25 2026 send socket:9 len:-1
../trading/order_gw/order_gateway.cpp:32 run() Thu Apr  9 18:49:25 2026 Sending client id: 5, seq: 986 MEClientRequest  [  Type: CANCEL Client: 5 Ticker: 2 Order id : 5464 Side: BUY Qty: 3 Price: 118 ] .
../low-latency-components/tcp_socket.h:108 sendAndRecv() Thu Apr  9 18:49:25 2026 send socket:9 len:-1
../trading/order_gw/order_gateway.cpp:32 run() Thu Apr  9 18:49:25 2026 Sending client id: 5, seq: 987 MEClientRequest  [  Type: NEW Client: 5 Ticker: 3 Order id : 5493 Side: BUY Qty: 83 Price: 177 ] .
../low-latency-components/tcp_socket.h:108 sendAndRecv() Thu Apr  9 18:49:25 2026 send socket:9 len:-1
../trading/order_gw/order_gateway.cpp:32 run() Thu Apr  9 18:49:26 2026 Sending client id: 5, seq: 988 MEClientRequest  [  Type: CANCEL Client: 5 Ticker: 0 Order id : 5121 Side: SELL Qty: 40 Price: 185 ] .
../low-latency-components/tcp_socket.h:108 sendAndRecv() Thu Apr  9 18:49:26 2026 send socket:9 len:-1
../trading/order_gw/order_gateway.cpp:32 run() Thu Apr  9 18:49:26 2026 Sending client id: 5, seq: 989 MEClientRequest  [  Type: NEW Client: 5 Ticker: 0 Order id : 5494 Side: SELL Qty: 40 Price: 176 ] .
../low-latency-components/tcp_socket.h:108 sendAndRecv() Thu Apr  9 18:49:26 2026 send socket:9 len:-1
../trading/order_gw/order_gateway.cpp:32 run() Thu Apr  9 18:49:26 2026 Sending client id: 5, seq: 990 MEClientRequest  [  Type: CANCEL Client: 5 Ticker: 1 Order id : 5068 Side: BUY Qty: 52 Price: 171 ] .
../low-latency-components/tcp_socket.h:108 sendAndRecv() Thu Apr  9 18:49:26 2026 send socket:9 len:-1
../trading/order_gw/order_gateway.cpp:32 run() Thu Apr  9 18:49:26 2026 Sending client id: 5, seq: 991 MEClientRequest  [  Type: NEW Client: 5 Ticker: 3 Order id : 5495 Side: SELL Qty: 89 Price: 174 ] .
../low-latency-components/tcp_socket.h:108 sendAndRecv() Thu Apr  9 18:49:26 2026 send socket:9 len:-1
../trading/order_gw/order_gateway.cpp:32 run() Thu Apr  9 18:49:26 2026 Sending client id: 5, seq: 992 MEClientRequest  [  Type: CANCEL Client: 5 Ticker: 3 Order id : 5441 Side: BUY Qty: 75 Price: 179 ] .
../low-latency-components/tcp_socket.h:108 sendAndRecv() Thu Apr  9 18:49:26 2026 send socket:9 len:-1
../trading/order_gw/order_gateway.cpp:32 run() Thu Apr  9 18:49:26 2026 Sending client id: 5, seq: 993 MEClientRequest  [  Type: NEW Client: 5 Ticker: 2 Order id : 5496 Side: SELL Qty: 63 Price: 112 ] .
../low-latency-components/tcp_socket.h:108 sendAndRecv() Thu Apr  9 18:49:26 2026 send socket:9 len:-1
../trading/order_gw/order_gateway.cpp:32 run() Thu Apr  9 18:49:26 2026 Sending client id: 5, seq: 994 MEClientRequest  [  Type: CANCEL Client: 5 Ticker: 1 Order id : 5061 Side: BUY Qty: 54 Price: 173 ] .
../low-latency-components/tcp_socket.h:108 sendAndRecv() Thu Apr  9 18:49:26 2026 send socket:9 len:-1
../trading/order_gw/order_gateway.cpp:32 run() Thu Apr  9 18:49:26 2026 Sending client id: 5, seq: 995 MEClientRequest  [  Type: NEW Client: 5 Ticker: 2 Order id : 5497 Side: BUY Qty: 46 Price: 120 ] .
../low-latency-components/tcp_socket.h:108 sendAndRecv() Thu Apr  9 18:49:26 2026 send socket:9 len:-1
../trading/order_gw/order_gateway.cpp:32 run() Thu Apr  9 18:49:26 2026 Sending client id: 5, seq: 996 MEClientRequest  [  Type: CANCEL Client: 5 Ticker: 3 Order id : 5369 Side: BUY Qty: 26 Price: 179 ] .
../low-latency-components/tcp_socket.h:108 sendAndRecv() Thu Apr  9 18:49:26 2026 send socket:9 len:-1
../trading/order_gw/order_gateway.cpp:32 run() Thu Apr  9 18:49:26 2026 Sending client id: 5, seq: 997 MEClientRequest  [  Type: NEW Client: 5 Ticker: 3 Order id : 5498 Side: SELL Qty: 20 Price: 181 ] .
../low-latency-components/tcp_socket.h:108 sendAndRecv() Thu Apr  9 18:49:26 2026 send socket:9 len:-1
../trading/order_gw/order_gateway.cpp:32 run() Thu Apr  9 18:49:27 2026 Sending client id: 5, seq: 998 MEClientRequest  [  Type: CANCEL Client: 5 Ticker: 2 Order id : 5082 Side: SELL Qty: 60 Price: 115 ] .
../low-latency-components/tcp_socket.h:108 sendAndRecv() Thu Apr  9 18:49:27 2026 send socket:9 len:-1
../trading/order_gw/order_gateway.cpp:32 run() Thu Apr  9 18:49:27 2026 Sending client id: 5, seq: 999 MEClientRequest  [  Type: NEW Client: 5 Ticker: 2 Order id : 5499 Side: BUY Qty: 2 Price: 118 ] .
../low-latency-components/tcp_socket.h:108 sendAndRecv() Thu Apr  9 18:49:27 2026 send socket:9 len:-1
../trading/order_gw/order_gateway.cpp:32 run() Thu Apr  9 18:49:27 2026 Sending client id: 5, seq: 1000 MEClientRequest  [  Type: CANCEL Client: 5 Ticker: 0 Order id : 5148 Side: SELL Qty: 28 Price: 182 ] .
../low-latency-components/tcp_socket.h:108 sendAndRecv() Thu Apr  9 18:49:27 2026 send socket:9 len:-1
../trading/order_gw/order_gateway.cpp:32 run() Thu Apr  9 18:49:27 2026 Sending client id: 5, seq: 1001 MEClientRequest  [  Type: NEW Client: 5 Ticker: 3 Order id : 5500 Side: SELL Qty: 22 Price: 174 ] .
../low-latency-components/tcp_socket.h:108 sendAndRecv() Thu Apr  9 18:49:27 2026 send socket:9 len:-1
../trading/order_gw/order_gateway.cpp:32 run() Thu Apr  9 18:49:27 2026 Sending client id: 5, seq: 1002 MEClientRequest  [  Type: CANCEL Client: 5 Ticker: 3 Order id : 5088 Side: BUY Qty: 21 Price: 178 ] .
../low-latency-components/tcp_socket.h:108 sendAndRecv() Thu Apr  9 18:49:27 2026 send socket:9 len:-1
../trading/order_gw/order_gateway.cpp:32 run() Thu Apr  9 18:49:27 2026 Sending client id: 5, seq: 1003 MEClientRequest  [  Type: NEW Client: 5 Ticker: 2 Order id : 5501 Side: BUY Qty: 19 Price: 114 ] .
../low-latency-components/tcp_socket.h:108 sendAndRecv() Thu Apr  9 18:49:27 2026 send socket:9 len:-1
../trading/order_gw/order_gateway.cpp:32 run() Thu Apr  9 18:49:27 2026 Sending client id: 5, seq: 1004 MEClientRequest  [  Type: CANCEL Client: 5 Ticker: 0 Order id : 5483 Side: SELL Qty: 63 Price: 179 ] .
../low-latency-components/tcp_socket.h:108 sendAndRecv() Thu Apr  9 18:49:27 2026 send socket:9 len:-1
../trading/order_gw/order_gateway.cpp:32 run() Thu Apr  9 18:49:27 2026 Sending client id: 5, seq: 1005 MEClientRequest  [  Type: NEW Client: 5 Ticker: 2 Order id : 5502 Side: SELL Qty: 14 Price: 120 ] .
../low-latency-components/tcp_socket.h:108 sendAndRecv() Thu Apr  9 18:49:27 2026 send socket:9 len:-1
../trading/order_gw/order_gateway.cpp:32 run() Thu Apr  9 18:49:27 2026 Sending client id: 5, seq: 1006 MEClientRequest  [  Type: CANCEL Client: 5 Ticker: 0 Order id : 5148 Side: SELL Qty: 28 Price: 182 ] .
../low-latency-components/tcp_socket.h:108 sendAndRecv() Thu Apr  9 18:49:27 2026 send socket:9 len:-1
../trading/order_gw/order_gateway.cpp:32 run() Thu Apr  9 18:49:27 2026 Sending client id: 5, seq: 1007 MEClientRequest  [  Type: NEW Client: 5 Ticker: 0 Order id : 5503 Side: BUY Qty: 6 Price: 180 ] .
../low-latency-components/tcp_socket.h:108 sendAndRecv() Thu Apr  9 18:49:27 2026 send socket:9 len:-1
../trading/order_gw/order_gateway.cpp:32 run() Thu Apr  9 18:49:28 2026 Sending client id: 5, seq: 1008 MEClientRequest  [  Type: CANCEL Client: 5 Ticker: 1 Order id : 5107 Side: BUY Qty: 71 Price: 172 ] .
../low-latency-components/tcp_socket.h:108 sendAndRecv() Thu Apr  9 18:49:28 2026 send socket:9 len:-1
../trading/order_gw/order_gateway.cpp:32 run() Thu Apr  9 18:49:28 2026 Sending client id: 5, seq: 1009 MEClientRequest  [  Type: NEW Client: 5 Ticker: 0 Order id : 5504 Side: SELL Qty: 38 Price: 176 ] .
../low-latency-components/tcp_socket.h:108 sendAndRecv() Thu Apr  9 18:49:28 2026 send socket:9 len:-1
../trading/order_gw/order_gateway.cpp:32 run() Thu Apr  9 18:49:28 2026 Sending client id: 5, seq: 1010 MEClientRequest  [  Type: CANCEL Client: 5 Ticker: 0 Order id : 5392 Side: SELL Qty: 6 Price: 176 ] .
../low-latency-components/tcp_socket.h:108 sendAndRecv() Thu Apr  9 18:49:28 2026 send socket:9 len:-1
../trading/order_gw/order_gateway.cpp:32 run() Thu Apr  9 18:49:28 2026 Sending client id: 5, seq: 1011 MEClientRequest  [  Type: NEW Client: 5 Ticker: 0 Order id : 5505 Side: BUY Qty: 33 Price: 176 ] .
../low-latency-components/tcp_socket.h:108 sendAndRecv() Thu Apr  9 18:49:28 2026 send socket:9 len:-1
../trading/order_gw/order_gateway.cpp:32 run() Thu Apr  9 18:49:28 2026 Sending client id: 5, seq: 1012 MEClientRequest  [  Type: CANCEL Client: 5 Ticker: 1 Order id : 5269 Side: SELL Qty: 101 Price: 175 ] .
../low-latency-components/tcp_socket.h:108 sendAndRecv() Thu Apr  9 18:49:28 2026 send socket:9 len:-1
../trading/order_gw/order_gateway.cpp:32 run() Thu Apr  9 18:49:28 2026 Sending client id: 5, seq: 1013 MEClientRequest  [  Type: NEW Client: 5 Ticker: 0 Order id : 5506 Side: SELL Qty: 16 Price: 178 ] .
../low-latency-components/tcp_socket.h:108 sendAndRecv() Thu Apr  9 18:49:28 2026 send socket:9 len:-1
../trading/order_gw/order_gateway.cpp:32 run() Thu Apr  9 18:49:28 2026 Sending client id: 5, seq: 1014 MEClientRequest  [  Type: CANCEL Client: 5 Ticker: 2 Order id : 5276 Side: BUY Qty: 23 Price: 118 ] .
../low-latency-components/tcp_socket.h:108 sendAndRecv() Thu Apr  9 18:49:28 2026 send socket:9 len:-1
../trading/order_gw/order_gateway.cpp:32 run() Thu Apr  9 18:49:28 2026 Sending client id: 5, seq: 1015 MEClientRequest  [  Type: NEW Client: 5 Ticker: 0 Order id : 5507 Side: BUY Qty: 54 Price: 182 ] .
../low-latency-components/tcp_socket.h:108 sendAndRecv() Thu Apr  9 18:49:28 2026 send socket:9 len:-1
../trading/order_gw/order_gateway.cpp:32 run() Thu Apr  9 18:49:28 2026 Sending client id: 5, seq: 1016 MEClientRequest  [  Type: CANCEL Client: 5 Ticker: 3 Order id : 5347 Side: BUY Qty: 23 Price: 182 ] .
../low-latency-components/tcp_socket.h:108 sendAndRecv() Thu Apr  9 18:49:28 2026 send socket:9 len:-1
../trading/order_gw/order_gateway.cpp:32 run() Thu Apr  9 18:49:28 2026 Sending client id: 5, seq: 1017 MEClientRequest  [  Type: NEW Client: 5 Ticker: 1 Order id : 5508 Side: SELL Qty: 73 Price: 175 ] .
../low-latency-components/tcp_socket.h:108 sendAndRecv() Thu Apr  9 18:49:28 2026 send socket:9 len:-1
../trading/order_gw/order_gateway.cpp:32 run() Thu Apr  9 18:49:29 2026 Sending client id: 5, seq: 1018 MEClientRequest  [  Type: CANCEL Client: 5 Ticker: 0 Order id : 5478 Side: BUY Qty: 24 Price: 183 ] .
../low-latency-components/tcp_socket.h:108 sendAndRecv() Thu Apr  9 18:49:29 2026 send socket:9 len:-1
../trading/order_gw/order_gateway.cpp:32 run() Thu Apr  9 18:49:29 2026 Sending client id: 5, seq: 1019 MEClientRequest  [  Type: NEW Client: 5 Ticker: 2 Order id : 5509 Side: BUY Qty: 91 Price: 117 ] .
../low-latency-components/tcp_socket.h:108 sendAndRecv() Thu Apr  9 18:49:29 2026 send socket:9 len:-1
../trading/order_gw/order_gateway.cpp:32 run() Thu Apr  9 18:49:29 2026 Sending client id: 5, seq: 1020 MEClientRequest  [  Type: CANCEL Client: 5 Ticker: 0 Order id : 5345 Side: SELL Qty: 53 Price: 179 ] .
../low-latency-components/tcp_socket.h:108 sendAndRecv() Thu Apr  9 18:49:29 2026 send socket:9 len:-1
../trading/order_gw/order_gateway.cpp:32 run() Thu Apr  9 18:49:29 2026 Sending client id: 5, seq: 1021 MEClientRequest  [  Type: NEW Client: 5 Ticker: 1 Order id : 5510 Side: BUY Qty: 50 Price: 173 ] .
../low-latency-components/tcp_socket.h:108 sendAndRecv() Thu Apr  9 18:49:29 2026 send socket:9 len:-1
../trading/order_gw/order_gateway.cpp:32 run() Thu Apr  9 18:49:29 2026 Sending client id: 5, seq: 1022 MEClientRequest  [  Type: CANCEL Client: 5 Ticker: 0 Order id : 5123 Side: SELL Qty: 9 Price: 180 ] .
../low-latency-components/tcp_socket.h:108 sendAndRecv() Thu Apr  9 18:49:29 2026 send socket:9 len:-1
../trading/order_gw/order_gateway.cpp:32 run() Thu Apr  9 18:49:29 2026 Sending client id: 5, seq: 1023 MEClientRequest  [  Type: NEW Client: 5 Ticker: 2 Order id : 5511 Side: SELL Qty: 64 Price: 120 ] .
../low-latency-components/tcp_socket.h:108 sendAndRecv() Thu Apr  9 18:49:29 2026 send socket:9 len:-1
../trading/order_gw/order_gateway.cpp:32 run() Thu Apr  9 18:49:29 2026 Sending client id: 5, seq: 1024 MEClientRequest  [  Type: CANCEL Client: 5 Ticker: 0 Order id : 5230 Side: BUY Qty: 80 Price: 183 ] .
../low-latency-components/tcp_socket.h:108 sendAndRecv() Thu Apr  9 18:49:29 2026 send socket:9 len:-1
../trading/order_gw/order_gateway.cpp:32 run() Thu Apr  9 18:49:29 2026 Sending client id: 5, seq: 1025 MEClientRequest  [  Type: NEW Client: 5 Ticker: 1 Order id : 5512 Side: SELL Qty: 41 Price: 172 ] .
../low-latency-components/tcp_socket.h:108 sendAndRecv() Thu Apr  9 18:49:29 2026 send socket:9 len:-1
../trading/order_gw/order_gateway.cpp:32 run() Thu Apr  9 18:49:29 2026 Sending client id: 5, seq: 1026 MEClientRequest  [  Type: CANCEL Client: 5 Ticker: 3 Order id : 5006 Side: BUY Qty: 42 Price: 174 ] .
../low-latency-components/tcp_socket.h:108 sendAndRecv() Thu Apr  9 18:49:29 2026 send socket:9 len:-1
../trading/order_gw/order_gateway.cpp:32 run() Thu Apr  9 18:49:29 2026 Sending client id: 5, seq: 1027 MEClientRequest  [  Type: NEW Client: 5 Ticker: 1 Order id : 5513 Side: BUY Qty: 7 Price: 168 ] .
../low-latency-components/tcp_socket.h:108 sendAndRecv() Thu Apr  9 18:49:29 2026 send socket:9 len:-1
../trading/order_gw/order_gateway.cpp:32 run() Thu Apr  9 18:49:30 2026 Sending client id: 5, seq: 1028 MEClientRequest  [  Type: CANCEL Client: 5 Ticker: 0 Order id : 5445 Side: SELL Qty: 91 Price: 185 ] .
../low-latency-components/tcp_socket.h:108 sendAndRecv() Thu Apr  9 18:49:30 2026 send socket:9 len:-1
../trading/order_gw/order_gateway.cpp:32 run() Thu Apr  9 18:49:30 2026 Sending client id: 5, seq: 1029 MEClientRequest  [  Type: NEW Client: 5 Ticker: 0 Order id : 5514 Side: BUY Qty: 42 Price: 177 ] .
../low-latency-components/tcp_socket.h:108 sendAndRecv() Thu Apr  9 18:49:30 2026 send socket:9 len:-1
../trading/order_gw/order_gateway.cpp:32 run() Thu Apr  9 18:49:30 2026 Sending client id: 5, seq: 1030 MEClientRequest  [  Type: CANCEL Client: 5 Ticker: 2 Order id : 5142 Side: SELL Qty: 82 Price: 111 ] .
../low-latency-components/tcp_socket.h:108 sendAndRecv() Thu Apr  9 18:49:30 2026 send socket:9 len:-1
../trading/order_gw/order_gateway.cpp:32 run() Thu Apr  9 18:49:30 2026 Sending client id: 5, seq: 1031 MEClientRequest  [  Type: NEW Client: 5 Ticker: 0 Order id : 5515 Side: BUY Qty: 57 Price: 184 ] .
../low-latency-components/tcp_socket.h:108 sendAndRecv() Thu Apr  9 18:49:30 2026 send socket:9 len:-1
../trading/order_gw/order_gateway.cpp:32 run() Thu Apr  9 18:49:30 2026 Sending client id: 5, seq: 1032 MEClientRequest  [  Type: CANCEL Client: 5 Ticker: 0 Order id : 5033 Side: SELL Qty: 17 Price: 179 ] .
../low-latency-components/tcp_socket.h:108 sendAndRecv() Thu Apr  9 18:49:30 2026 send socket:9 len:-1
../trading/order_gw/order_gateway.cpp:32 run() Thu Apr  9 18:49:30 2026 Sending client id: 5, seq: 1033 MEClientRequest  [  Type: NEW Client: 5 Ticker: 3 Order id : 5516 Side: BUY Qty: 22 Price: 175 ] .
../low-latency-components/tcp_socket.h:108 sendAndRecv() Thu Apr  9 18:49:30 2026 send socket:9 len:-1
../trading/order_gw/order_gateway.cpp:32 run() Thu Apr  9 18:49:30 2026 Sending client id: 5, seq: 1034 MEClientRequest  [  Type: CANCEL Client: 5 Ticker: 1 Order id : 5380 Side: SELL Qty: 53 Price: 175 ] .
../low-latency-components/tcp_socket.h:108 sendAndRecv() Thu Apr  9 18:49:30 2026 send socket:9 len:-1
../trading/order_gw/order_gateway.cpp:32 run() Thu Apr  9 18:49:30 2026 Sending client id: 5, seq: 1035 MEClientRequest  [  Type: NEW Client: 5 Ticker: 1 Order id : 5517 Side: BUY Qty: 59 Price: 169 ] .
../low-latency-components/tcp_socket.h:108 sendAndRecv() Thu Apr  9 18:49:30 2026 send socket:9 len:-1
../trading/order_gw/order_gateway.cpp:32 run() Thu Apr  9 18:49:30 2026 Sending client id: 5, seq: 1036 MEClientRequest  [  Type: CANCEL Client: 5 Ticker: 2 Order id : 5187 Side: SELL Qty: 2 Price: 114 ] .
../low-latency-components/tcp_socket.h:108 sendAndRecv() Thu Apr  9 18:49:30 2026 send socket:9 len:-1
../trading/order_gw/order_gateway.cpp:32 run() Thu Apr  9 18:49:30 2026 Sending client id: 5, seq: 1037 MEClientRequest  [  Type: NEW Client: 5 Ticker: 3 Order id : 5518 Side: SELL Qty: 87 Price: 174 ] .
../low-latency-components/tcp_socket.h:108 sendAndRecv() Thu Apr  9 18:49:30 2026 send socket:9 len:-1
../trading/order_gw/order_gateway.cpp:32 run() Thu Apr  9 18:49:31 2026 Sending client id: 5, seq: 1038 MEClientRequest  [  Type: CANCEL Client: 5 Ticker: 3 Order id : 5342 Side: BUY Qty: 69 Price: 178 ] .
../low-latency-components/tcp_socket.h:108 sendAndRecv() Thu Apr  9 18:49:31 2026 send socket:9 len:-1
../trading/order_gw/order_gateway.cpp:32 run() Thu Apr  9 18:49:31 2026 Sending client id: 5, seq: 1039 MEClientRequest  [  Type: NEW Client: 5 Ticker: 0 Order id : 5519 Side: BUY Qty: 59 Price: 178 ] .
../low-latency-components/tcp_socket.h:108 sendAndRecv() Thu Apr  9 18:49:31 2026 send socket:9 len:-1
../trading/order_gw/order_gateway.cpp:32 run() Thu Apr  9 18:49:31 2026 Sending client id: 5, seq: 1040 MEClientRequest  [  Type: CANCEL Client: 5 Ticker: 0 Order id : 5181 Side: SELL Qty: 8 Price: 179 ] .
../low-latency-components/tcp_socket.h:108 sendAndRecv() Thu Apr  9 18:49:31 2026 send socket:9 len:-1
../trading/order_gw/order_gateway.cpp:32 run() Thu Apr  9 18:49:31 2026 Sending client id: 5, seq: 1041 MEClientRequest  [  Type: NEW Client: 5 Ticker: 2 Order id : 5520 Side: SELL Qty: 66 Price: 118 ] .
../low-latency-components/tcp_socket.h:108 sendAndRecv() Thu Apr  9 18:49:31 2026 send socket:9 len:-1
../trading/order_gw/order_gateway.cpp:32 run() Thu Apr  9 18:49:31 2026 Sending client id: 5, seq: 1042 MEClientRequest  [  Type: CANCEL Client: 5 Ticker: 0 Order id : 5000 Side: BUY Qty: 22 Price: 178 ] .
../low-latency-components/tcp_socket.h:108 sendAndRecv() Thu Apr  9 18:49:31 2026 send socket:9 len:-1
../trading/order_gw/order_gateway.cpp:32 run() Thu Apr  9 18:49:31 2026 Sending client id: 5, seq: 1043 MEClientRequest  [  Type: NEW Client: 5 Ticker: 1 Order id : 5521 Side: BUY Qty: 21 Price: 170 ] .
../low-latency-components/tcp_socket.h:108 sendAndRecv() Thu Apr  9 18:49:31 2026 send socket:9 len:-1
../trading/order_gw/order_gateway.cpp:32 run() Thu Apr  9 18:49:31 2026 Sending client id: 5, seq: 1044 MEClientRequest  [  Type: CANCEL Client: 5 Ticker: 0 Order id : 5080 Side: BUY Qty: 41 Price: 183 ] .
../low-latency-components/tcp_socket.h:108 sendAndRecv() Thu Apr  9 18:49:31 2026 send socket:9 len:-1
../trading/order_gw/order_gateway.cpp:32 run() Thu Apr  9 18:49:31 2026 Sending client id: 5, seq: 1045 MEClientRequest  [  Type: NEW Client: 5 Ticker: 0 Order id : 5522 Side: SELL Qty: 76 Price: 178 ] .
../low-latency-components/tcp_socket.h:108 sendAndRecv() Thu Apr  9 18:49:31 2026 send socket:9 len:-1
../trading/order_gw/order_gateway.cpp:32 run() Thu Apr  9 18:49:31 2026 Sending client id: 5, seq: 1046 MEClientRequest  [  Type: CANCEL Client: 5 Ticker: 3 Order id : 5050 Side: BUY Qty: 54 Price: 179 ] .
../low-latency-components/tcp_socket.h:108 sendAndRecv() Thu Apr  9 18:49:31 2026 send socket:9 len:-1
../trading/order_gw/order_gateway.cpp:32 run() Thu Apr  9 18:49:31 2026 Sending client id: 5, seq: 1047 MEClientRequest  [  Type: NEW Client: 5 Ticker: 2 Order id : 5523 Side: BUY Qty: 82 Price: 114 ] .
../low-latency-components/tcp_socket.h:108 sendAndRecv() Thu Apr  9 18:49:31 2026 send socket:9 len:-1
../trading/order_gw/order_gateway.cpp:32 run() Thu Apr  9 18:49:32 2026 Sending client id: 5, seq: 1048 MEClientRequest  [  Type: CANCEL Client: 5 Ticker: 1 Order id : 5453 Side: BUY Qty: 15 Price: 166 ] .
../low-latency-components/tcp_socket.h:108 sendAndRecv() Thu Apr  9 18:49:32 2026 send socket:9 len:-1
../trading/order_gw/order_gateway.cpp:32 run() Thu Apr  9 18:49:32 2026 Sending client id: 5, seq: 1049 MEClientRequest  [  Type: NEW Client: 5 Ticker: 0 Order id : 5524 Side: BUY Qty: 72 Price: 180 ] .
../low-latency-components/tcp_socket.h:108 sendAndRecv() Thu Apr  9 18:49:32 2026 send socket:9 len:-1
../trading/order_gw/order_gateway.cpp:32 run() Thu Apr  9 18:49:32 2026 Sending client id: 5, seq: 1050 MEClientRequest  [  Type: CANCEL Client: 5 Ticker: 2 Order id : 5271 Side: BUY Qty: 76 Price: 113 ] .
../low-latency-components/tcp_socket.h:108 sendAndRecv() Thu Apr  9 18:49:32 2026 send socket:9 len:-1
../trading/order_gw/order_gateway.cpp:32 run() Thu Apr  9 18:49:32 2026 Sending client id: 5, seq: 1051 MEClientRequest  [  Type: NEW Client: 5 Ticker: 3 Order id : 5525 Side: SELL Qty: 55 Price: 182 ] .
../low-latency-components/tcp_socket.h:108 sendAndRecv() Thu Apr  9 18:49:32 2026 send socket:9 len:-1
../trading/order_gw/order_gateway.cpp:32 run() Thu Apr  9 18:49:32 2026 Sending client id: 5, seq: 1052 MEClientRequest  [  Type: CANCEL Client: 5 Ticker: 0 Order id : 5300 Side: SELL Qty: 92 Price: 181 ] .
../low-latency-components/tcp_socket.h:108 sendAndRecv() Thu Apr  9 18:49:32 2026 send socket:9 len:-1
../trading/order_gw/order_gateway.cpp:32 run() Thu Apr  9 18:49:32 2026 Sending client id: 5, seq: 1053 MEClientRequest  [  Type: NEW Client: 5 Ticker: 2 Order id : 5526 Side: BUY Qty: 30 Price: 111 ] .
../low-latency-components/tcp_socket.h:108 sendAndRecv() Thu Apr  9 18:49:32 2026 send socket:9 len:-1
../trading/order_gw/order_gateway.cpp:32 run() Thu Apr  9 18:49:32 2026 Sending client id: 5, seq: 1054 MEClientRequest  [  Type: CANCEL Client: 5 Ticker: 3 Order id : 5475 Side: SELL Qty: 98 Price: 177 ] .
../low-latency-components/tcp_socket.h:108 sendAndRecv() Thu Apr  9 18:49:32 2026 send socket:9 len:-1
../trading/order_gw/order_gateway.cpp:32 run() Thu Apr  9 18:49:32 2026 Sending client id: 5, seq: 1055 MEClientRequest  [  Type: NEW Client: 5 Ticker: 1 Order id : 5527 Side: SELL Qty: 77 Price: 168 ] .
../low-latency-components/tcp_socket.h:108 sendAndRecv() Thu Apr  9 18:49:32 2026 send socket:9 len:-1
../trading/order_gw/order_gateway.cpp:32 run() Thu Apr  9 18:49:32 2026 Sending client id: 5, seq: 1056 MEClientRequest  [  Type: CANCEL Client: 5 Ticker: 0 Order id : 5361 Side: SELL Qty: 13 Price: 181 ] .
../low-latency-components/tcp_socket.h:108 sendAndRecv() Thu Apr  9 18:49:32 2026 send socket:9 len:-1
../trading/order_gw/order_gateway.cpp:32 run() Thu Apr  9 18:49:32 2026 Sending client id: 5, seq: 1057 MEClientRequest  [  Type: NEW Client: 5 Ticker: 3 Order id : 5528 Side: BUY Qty: 7 Price: 173 ] .
../low-latency-components/tcp_socket.h:108 sendAndRecv() Thu Apr  9 18:49:32 2026 send socket:9 len:-1
../trading/order_gw/order_gateway.cpp:32 run() Thu Apr  9 18:49:33 2026 Sending client id: 5, seq: 1058 MEClientRequest  [  Type: CANCEL Client: 5 Ticker: 0 Order id : 5188 Side: SELL Qty: 44 Price: 180 ] .
../low-latency-components/tcp_socket.h:108 sendAndRecv() Thu Apr  9 18:49:33 2026 send socket:9 len:-1
../trading/order_gw/order_gateway.cpp:32 run() Thu Apr  9 18:49:33 2026 Sending client id: 5, seq: 1059 MEClientRequest  [  Type: NEW Client: 5 Ticker: 0 Order id : 5529 Side: BUY Qty: 47 Price: 179 ] .
../low-latency-components/tcp_socket.h:108 sendAndRecv() Thu Apr  9 18:49:33 2026 send socket:9 len:-1
../trading/order_gw/order_gateway.cpp:32 run() Thu Apr  9 18:49:33 2026 Sending client id: 5, seq: 1060 MEClientRequest  [  Type: CANCEL Client: 5 Ticker: 3 Order id : 5204 Side: BUY Qty: 81 Price: 176 ] .
../low-latency-components/tcp_socket.h:108 sendAndRecv() Thu Apr  9 18:49:33 2026 send socket:9 len:-1
../trading/order_gw/order_gateway.cpp:32 run() Thu Apr  9 18:49:33 2026 Sending client id: 5, seq: 1061 MEClientRequest  [  Type: NEW Client: 5 Ticker: 2 Order id : 5530 Side: SELL Qty: 43 Price: 114 ] .
../low-latency-components/tcp_socket.h:108 sendAndRecv() Thu Apr  9 18:49:33 2026 send socket:9 len:-1
../trading/order_gw/order_gateway.cpp:32 run() Thu Apr  9 18:49:33 2026 Sending client id: 5, seq: 1062 MEClientRequest  [  Type: CANCEL Client: 5 Ticker: 3 Order id : 5350 Side: BUY Qty: 63 Price: 175 ] .
../low-latency-components/tcp_socket.h:108 sendAndRecv() Thu Apr  9 18:49:33 2026 send socket:9 len:-1
../trading/order_gw/order_gateway.cpp:32 run() Thu Apr  9 18:49:33 2026 Sending client id: 5, seq: 1063 MEClientRequest  [  Type: NEW Client: 5 Ticker: 2 Order id : 5531 Side: BUY Qty: 10 Price: 120 ] .
../low-latency-components/tcp_socket.h:108 sendAndRecv() Thu Apr  9 18:49:33 2026 send socket:9 len:-1
../trading/order_gw/order_gateway.cpp:32 run() Thu Apr  9 18:49:33 2026 Sending client id: 5, seq: 1064 MEClientRequest  [  Type: CANCEL Client: 5 Ticker: 0 Order id : 5451 Side: SELL Qty: 79 Price: 177 ] .
../low-latency-components/tcp_socket.h:108 sendAndRecv() Thu Apr  9 18:49:33 2026 send socket:9 len:-1
../trading/order_gw/order_gateway.cpp:32 run() Thu Apr  9 18:49:33 2026 Sending client id: 5, seq: 1065 MEClientRequest  [  Type: NEW Client: 5 Ticker: 2 Order id : 5532 Side: SELL Qty: 3 Price: 114 ] .
../low-latency-components/tcp_socket.h:108 sendAndRecv() Thu Apr  9 18:49:33 2026 send socket:9 len:-1
../trading/order_gw/order_gateway.cpp:32 run() Thu Apr  9 18:49:33 2026 Sending client id: 5, seq: 1066 MEClientRequest  [  Type: CANCEL Client: 5 Ticker: 0 Order id : 5121 Side: SELL Qty: 40 Price: 185 ] .
../low-latency-components/tcp_socket.h:108 sendAndRecv() Thu Apr  9 18:49:33 2026 send socket:9 len:-1
../trading/order_gw/order_gateway.cpp:32 run() Thu Apr  9 18:49:33 2026 Sending client id: 5, seq: 1067 MEClientRequest  [  Type: NEW Client: 5 Ticker: 2 Order id : 5533 Side: BUY Qty: 99 Price: 120 ] .
../low-latency-components/tcp_socket.h:108 sendAndRecv() Thu Apr  9 18:49:33 2026 send socket:9 len:-1
../trading/order_gw/order_gateway.cpp:32 run() Thu Apr  9 18:49:34 2026 Sending client id: 5, seq: 1068 MEClientRequest  [  Type: CANCEL Client: 5 Ticker: 2 Order id : 5409 Side: SELL Qty: 81 Price: 120 ] .
../low-latency-components/tcp_socket.h:108 sendAndRecv() Thu Apr  9 18:49:34 2026 send socket:9 len:-1
../trading/order_gw/order_gateway.cpp:32 run() Thu Apr  9 18:49:34 2026 Sending client id: 5, seq: 1069 MEClientRequest  [  Type: NEW Client: 5 Ticker: 2 Order id : 5534 Side: SELL Qty: 61 Price: 115 ] .
../low-latency-components/tcp_socket.h:108 sendAndRecv() Thu Apr  9 18:49:34 2026 send socket:9 len:-1
../trading/order_gw/order_gateway.cpp:32 run() Thu Apr  9 18:49:34 2026 Sending client id: 5, seq: 1070 MEClientRequest  [  Type: CANCEL Client: 5 Ticker: 0 Order id : 5405 Side: BUY Qty: 91 Price: 177 ] .
../low-latency-components/tcp_socket.h:108 sendAndRecv() Thu Apr  9 18:49:34 2026 send socket:9 len:-1
../trading/order_gw/order_gateway.cpp:32 run() Thu Apr  9 18:49:34 2026 Sending client id: 5, seq: 1071 MEClientRequest  [  Type: NEW Client: 5 Ticker: 3 Order id : 5535 Side: BUY Qty: 91 Price: 181 ] .
../low-latency-components/tcp_socket.h:108 sendAndRecv() Thu Apr  9 18:49:34 2026 send socket:9 len:-1
../trading/order_gw/order_gateway.cpp:32 run() Thu Apr  9 18:49:34 2026 Sending client id: 5, seq: 1072 MEClientRequest  [  Type: CANCEL Client: 5 Ticker: 0 Order id : 5313 Side: SELL Qty: 15 Price: 181 ] .
../low-latency-components/tcp_socket.h:108 sendAndRecv() Thu Apr  9 18:49:34 2026 send socket:9 len:-1
../trading/order_gw/order_gateway.cpp:32 run() Thu Apr  9 18:49:34 2026 Sending client id: 5, seq: 1073 MEClientRequest  [  Type: NEW Client: 5 Ticker: 3 Order id : 5536 Side: SELL Qty: 16 Price: 178 ] .
../low-latency-components/tcp_socket.h:108 sendAndRecv() Thu Apr  9 18:49:34 2026 send socket:9 len:-1
../trading/order_gw/order_gateway.cpp:32 run() Thu Apr  9 18:49:34 2026 Sending client id: 5, seq: 1074 MEClientRequest  [  Type: CANCEL Client: 5 Ticker: 3 Order id : 5074 Side: BUY Qty: 61 Price: 182 ] .
../low-latency-components/tcp_socket.h:108 sendAndRecv() Thu Apr  9 18:49:34 2026 send socket:9 len:-1
../trading/order_gw/order_gateway.cpp:32 run() Thu Apr  9 18:49:34 2026 Sending client id: 5, seq: 1075 MEClientRequest  [  Type: NEW Client: 5 Ticker: 1 Order id : 5537 Side: BUY Qty: 61 Price: 168 ] .
../low-latency-components/tcp_socket.h:108 sendAndRecv() Thu Apr  9 18:49:34 2026 send socket:9 len:-1
../trading/order_gw/order_gateway.cpp:32 run() Thu Apr  9 18:49:34 2026 Sending client id: 5, seq: 1076 MEClientRequest  [  Type: CANCEL Client: 5 Ticker: 1 Order id : 5009 Side: SELL Qty: 17 Price: 169 ] .
../low-latency-components/tcp_socket.h:108 sendAndRecv() Thu Apr  9 18:49:34 2026 send socket:9 len:-1
../trading/order_gw/order_gateway.cpp:32 run() Thu Apr  9 18:49:34 2026 Sending client id: 5, seq: 1077 MEClientRequest  [  Type: NEW Client: 5 Ticker: 3 Order id : 5538 Side: SELL Qty: 25 Price: 178 ] .
../low-latency-components/tcp_socket.h:108 sendAndRecv() Thu Apr  9 18:49:34 2026 send socket:9 len:-1
../trading/order_gw/order_gateway.cpp:32 run() Thu Apr  9 18:49:35 2026 Sending client id: 5, seq: 1078 MEClientRequest  [  Type: CANCEL Client: 5 Ticker: 3 Order id : 5350 Side: BUY Qty: 63 Price: 175 ] .
../low-latency-components/tcp_socket.h:108 sendAndRecv() Thu Apr  9 18:49:35 2026 send socket:9 len:-1
../trading/order_gw/order_gateway.cpp:32 run() Thu Apr  9 18:49:35 2026 Sending client id: 5, seq: 1079 MEClientRequest  [  Type: NEW Client: 5 Ticker: 3 Order id : 5539 Side: SELL Qty: 87 Price: 181 ] .
../low-latency-components/tcp_socket.h:108 sendAndRecv() Thu Apr  9 18:49:35 2026 send socket:9 len:-1
../trading/order_gw/order_gateway.cpp:32 run() Thu Apr  9 18:49:35 2026 Sending client id: 5, seq: 1080 MEClientRequest  [  Type: CANCEL Client: 5 Ticker: 1 Order id : 5247 Side: BUY Qty: 79 Price: 168 ] .
../low-latency-components/tcp_socket.h:108 sendAndRecv() Thu Apr  9 18:49:35 2026 send socket:9 len:-1
../trading/order_gw/order_gateway.cpp:32 run() Thu Apr  9 18:49:35 2026 Sending client id: 5, seq: 1081 MEClientRequest  [  Type: NEW Client: 5 Ticker: 1 Order id : 5540 Side: SELL Qty: 93 Price: 173 ] .
../low-latency-components/tcp_socket.h:108 sendAndRecv() Thu Apr  9 18:49:35 2026 send socket:9 len:-1
../trading/order_gw/order_gateway.cpp:32 run() Thu Apr  9 18:49:35 2026 Sending client id: 5, seq: 1082 MEClientRequest  [  Type: CANCEL Client: 5 Ticker: 1 Order id : 5385 Side: BUY Qty: 9 Price: 172 ] .
../low-latency-components/tcp_socket.h:108 sendAndRecv() Thu Apr  9 18:49:35 2026 send socket:9 len:-1
../trading/order_gw/order_gateway.cpp:32 run() Thu Apr  9 18:49:35 2026 Sending client id: 5, seq: 1083 MEClientRequest  [  Type: NEW Client: 5 Ticker: 1 Order id : 5541 Side: SELL Qty: 97 Price: 174 ] .
../low-latency-components/tcp_socket.h:108 sendAndRecv() Thu Apr  9 18:49:35 2026 send socket:9 len:-1
../trading/order_gw/order_gateway.cpp:32 run() Thu Apr  9 18:49:35 2026 Sending client id: 5, seq: 1084 MEClientRequest  [  Type: CANCEL Client: 5 Ticker: 1 Order id : 5323 Side: BUY Qty: 92 Price: 172 ] .
../low-latency-components/tcp_socket.h:108 sendAndRecv() Thu Apr  9 18:49:35 2026 send socket:9 len:-1
../trading/order_gw/order_gateway.cpp:32 run() Thu Apr  9 18:49:35 2026 Sending client id: 5, seq: 1085 MEClientRequest  [  Type: NEW Client: 5 Ticker: 1 Order id : 5542 Side: BUY Qty: 86 Price: 173 ] .
../low-latency-components/tcp_socket.h:108 sendAndRecv() Thu Apr  9 18:49:35 2026 send socket:9 len:-1
../trading/order_gw/order_gateway.cpp:32 run() Thu Apr  9 18:49:35 2026 Sending client id: 5, seq: 1086 MEClientRequest  [  Type: CANCEL Client: 5 Ticker: 1 Order id : 5182 Side: BUY Qty: 80 Price: 167 ] .
../low-latency-components/tcp_socket.h:108 sendAndRecv() Thu Apr  9 18:49:35 2026 send socket:9 len:-1
../trading/order_gw/order_gateway.cpp:32 run() Thu Apr  9 18:49:35 2026 Sending client id: 5, seq: 1087 MEClientRequest  [  Type: NEW Client: 5 Ticker: 0 Order id : 5543 Side: SELL Qty: 50 Price: 184 ] .
../low-latency-components/tcp_socket.h:108 sendAndRecv() Thu Apr  9 18:49:35 2026 send socket:9 len:-1
../trading/order_gw/order_gateway.cpp:32 run() Thu Apr  9 18:49:36 2026 Sending client id: 5, seq: 1088 MEClientRequest  [  Type: CANCEL Client: 5 Ticker: 2 Order id : 5497 Side: BUY Qty: 46 Price: 120 ] .
../low-latency-components/tcp_socket.h:108 sendAndRecv() Thu Apr  9 18:49:36 2026 send socket:9 len:-1
